ImageName,Count
2 21 C1 1,12.0
2 21 C1 2,11.0
2 21 C1 3,26.0
2 21 C1 4,10.0
2 21 C1 5,19.0
2 21 C1 6,32.0
2 21 C1 7,22.0
2 21 C1 8,11.0
2 21 C1 9,18.0
2 21 C1 10,28.0
2 21 C1 11,24.0
2 21 C1 12,8.0
2 21 C1 13,25.0
2 21 C1 14,14.0
2 21 C1 15,19.0
2 21 C1 16,8.0
2 21 C1 17,32.0
2 21 C1 18,16.0
2 21 C1 19,17.0
2 21 C1 20,11.0
2 21 C1 21,14.0
2 21 C1 22,20.0
2 21 C1 23,16.0
2 21 C1 24,25.0
2 21 C1 25,17.0
2 21 C1 26,24.0
2 21 C1 27,21.0
2 21 C1 28,22.0
2 21 C1 29,12.0
2 21 C1 30,17.0
2 21 C1 31,21.0
2 21 C1 32,16.0
2 21 C1 33,10.0
2 21 C1 34,25.0
2 21 C1 35,8.0
2 21 C1 36,9.0
2 21 C1 37,16.0
2 21 C1 38,38.0
2 21 C1 39,12.0
2 21 C1 40,16.0
2 21 C1 41,23.0
2 21 C1 42,20.0
2 21 C1 43,19.0
2 21 C1 44,21.0
2 21 C1 45,27.0
2 21 C1 46,23.0
2 21 C1 47,12.0
2 21 C1 48,26.0
2 21 C1 49,19.0
2 21 C1 50,10.0
2 21 C1 51,7.0
2 21 C1 52,20.0
2 21 C1 53,25.0
2 21 C1 54,12.0
2 21 C1 55,21.0
2 21 C1 56,9.0
2 21 C1 57,24.0
2 21 C1 58,10.0
2 21 C1 59,27.0
2 21 C1 60,23.0
2 22 C2 1,11.0
2 22 C2 2,30.0
2 22 C2 3,14.0
2 22 C2 4,18.0
2 22 C2 5,7.0
2 22 C2 6,10.0
2 22 C2 7,13.0
2 22 C2 8,25.0
2 22 C2 9,6.0
2 22 C2 10,6.0
2 22 C2 11,11.0
2 22 C2 12,14.0
2 22 C2 13,25.0
2 22 C2 14,15.0
2 22 C2 15,9.0
2 22 C2 16,12.0
2 22 C2 17,31.0
2 22 C2 18,10.0
2 22 C2 19,13.0
2 22 C2 20,12.0
2 22 C2 21,13.0
2 22 C2 22,14.0
2 22 C2 23,9.0
2 22 C2 24,16.0
2 22 C2 25,20.0
2 22 C2 26,7.0
2 22 C2 27,11.0
2 22 C2 28,16.0
2 22 C2 29,11.0
2 22 C2 30,16.0
2 22 C2 31,15.0
2 22 C2 32,7.0
2 22 C2 33,14.0
2 22 C2 34,15.0
2 22 C2 35,19.0
2 22 C2 36,23.0
2 22 C2 37,3.0
2 22 C2 38,6.0
2 22 C2 39,13.0
2 22 C2 40,12.0
2 22 C2 41,9.0
2 22 C2 42,11.0
2 22 C2 43,7.0
2 22 C2 44,13.0
2 22 C2 45,31.0
2 22 C2 46,11.0
2 22 C2 47,12.0
2 22 C2 48,16.0
2 22 C2 49,15.0
2 22 C2 50,9.0
2 22 C2 51,11.0
2 22 C2 52,9.0
2 22 C2 53,9.0
2 22 C2 54,7.0
2 22 C2 55,10.0
2 22 C2 56,24.0
2 22 C2 57,51.0
2 22 C2 58,8.0
2 22 C2 59,8.0
2 22 C2 60,15.0
2 23 C3 1,33.0
2 23 C3 2,28.0
2 23 C3 3,58.0
2 23 C3 4,11.0
2 23 C3 5,56.0
2 23 C3 6,20.0
2 23 C3 7,7.0
2 23 C3 8,13.0
2 23 C3 9,4.0
2 23 C3 10,7.0
2 23 C3 11,23.0
2 23 C3 12,7.0
2 23 C3 13,30.0
2 23 C3 14,15.0
2 23 C3 15,14.0
2 23 C3 16,53.0
2 23 C3 17,31.0
2 23 C3 18,6.0
2 23 C3 19,13.0
2 23 C3 20,9.0
2 23 C3 21,20.0
2 23 C3 22,4.0
2 23 C3 23,4.0
2 23 C3 24,32.0
2 23 C3 25,19.0
2 23 C3 26,6.0
2 23 C3 27,14.0
2 23 C3 28,2.0
2 23 C3 29,45.0
2 23 C3 30,18.0
2 23 C3 31,31.0
2 23 C3 32,23.0
2 23 C3 33,29.0
2 23 C3 34,9.0
2 23 C3 35,19.0
2 23 C3 36,31.0
2 23 C3 37,6.0
2 23 C3 38,8.0
2 23 C3 39,13.0
2 23 C3 40,18.0
2 23 C3 41,15.0
2 23 C3 42,19.0
2 23 C3 43,22.0
2 23 C3 44,10.0
2 23 C3 45,23.0
2 23 C3 46,24.0
2 23 C3 47,8.0
2 23 C3 48,28.0
2 23 C3 49,11.0
2 23 C3 50,20.0
2 23 C3 51,18.0
2 23 C3 52,36.0
2 23 C3 53,12.0
2 23 C3 54,9.0
2 23 C3 55,13.0
2 23 C3 56,2.0
2 23 C3 57,22.0
2 23 C3 58,13.0
2 23 C3 59,22.0
2 23 C3 60,5.0
2 24 C4 1,27.0
2 24 C4 2,7.0
2 24 C4 3,28.0
2 24 C4 4,20.0
2 24 C4 5,13.0
2 24 C4 6,24.0
2 24 C4 7,65.0
2 24 C4 8,6.0
2 24 C4 9,15.0
2 24 C4 10,17.0
2 24 C4 11,39.0
2 24 C4 12,34.0
2 24 C4 13,32.0
2 24 C4 14,17.0
2 24 C4 15,52.0
2 24 C4 16,16.0
2 24 C4 17,16.0
2 24 C4 18,11.0
2 24 C4 19,60.0
2 24 C4 20,40.0
2 24 C4 21,13.0
2 24 C4 22,9.0
2 24 C4 23,18.0
2 24 C4 24,12.0
2 24 C4 25,26.0
2 24 C4 26,2.0
2 24 C4 27,12.0
2 24 C4 28,21.0
2 24 C4 29,52.0
2 24 C4 30,70.0
2 24 C4 31,1.0
2 24 C4 32,30.0
2 24 C4 33,14.0
2 24 C4 34,47.0
2 24 C4 35,18.0
2 24 C4 36,15.0
2 24 C4 37,19.0
2 24 C4 38,19.0
2 24 C4 39,1.0
2 24 C4 40,47.0
2 24 C4 41,17.0
2 24 C4 42,54.0
2 24 C4 43,29.0
2 24 C4 44,7.0
2 24 C4 45,17.0
2 24 C4 46,18.0
2 24 C4 47,43.0
2 24 C4 48,2.0
2 24 C4 49,17.0
2 24 C4 50,37.0
2 24 C4 51,11.0
2 24 C4 52,0.0
2 24 C4 53,13.0
2 24 C4 54,52.0
2 24 C4 55,14.0
2 24 C4 56,37.0
2 24 C4 57,18.0
2 24 C4 58,57.0
2 24 C4 59,11.0
2 24 C4 60,40.0
2 25 C5 1,34.0
2 25 C5 2,0.0
2 25 C5 3,20.0
2 25 C5 4,18.0
2 25 C5 5,31.0
2 25 C5 6,9.0
2 25 C5 7,15.0
2 25 C5 8,37.0
2 25 C5 9,28.0
2 25 C5 10,16.0
2 25 C5 11,24.0
2 25 C5 12,1.0
2 25 C5 13,28.0
2 25 C5 14,19.0
2 25 C5 15,3.0
2 25 C5 16,13.0
2 25 C5 17,26.0
2 25 C5 18,42.0
2 25 C5 19,13.0
2 25 C5 20,53.0
2 25 C5 21,31.0
2 25 C5 22,24.0
2 25 C5 23,22.0
2 25 C5 24,28.0
2 25 C5 25,25.0
2 25 C5 26,11.0
2 25 C5 27,11.0
2 25 C5 28,29.0
2 25 C5 29,18.0
2 25 C5 30,12.0
2 25 C5 31,17.0
2 25 C5 32,16.0
2 25 C5 33,13.0
2 25 C5 34,13.0
2 25 C5 35,29.0
2 25 C5 36,36.0
2 25 C5 37,11.0
2 25 C5 38,23.0
2 25 C5 39,14.0
2 25 C5 40,33.0
2 25 C5 41,18.0
2 25 C5 42,11.0
2 25 C5 43,17.0
2 25 C5 44,27.0
2 25 C5 45,17.0
2 25 C5 46,7.0
2 25 C5 47,6.0
2 25 C5 48,20.0
2 25 C5 49,37.0
2 25 C5 50,0.0
2 25 C5 51,23.0
2 25 C5 52,15.0
2 25 C5 53,12.0
2 25 C5 54,7.0
2 25 C5 55,6.0
2 25 C5 56,21.0
2 25 C5 57,26.0
2 25 C5 58,8.0
2 25 C5 59,15.0
2 25 C5 60,14.0
2 21 D1 1,12.0
2 21 D1 2,21.0
2 21 D1 3,11.0
2 21 D1 4,15.0
2 21 D1 5,7.0
2 21 D1 6,20.0
2 21 D1 7,8.0
2 21 D1 8,29.0
2 21 D1 9,11.0
2 21 D1 10,45.0
2 21 D1 11,30.0
2 21 D1 12,10.0
2 21 D1 13,19.0
2 21 D1 14,29.0
2 21 D1 15,20.0
2 21 D1 16,14.0
2 21 D1 17,21.0
2 21 D1 18,15.0
2 21 D1 19,36.0
2 21 D1 20,12.0
2 21 D1 21,30.0
2 21 D1 22,26.0
2 21 D1 23,22.0
2 21 D1 24,30.0
2 21 D1 25,24.0
2 21 D1 26,29.0
2 21 D1 27,20.0
2 21 D1 28,19.0
2 21 D1 29,44.0
2 21 D1 30,19.0
2 21 D1 31,18.0
2 21 D1 32,29.0
2 21 D1 33,29.0
2 21 D1 34,32.0
2 21 D1 35,17.0
2 21 D1 36,3.0
2 21 D1 37,14.0
2 21 D1 38,31.0
2 21 D1 39,22.0
2 21 D1 40,24.0
2 21 D1 41,29.0
2 21 D1 42,7.0
2 21 D1 43,32.0
2 21 D1 44,11.0
2 21 D1 45,17.0
2 21 D1 46,17.0
2 21 D1 47,35.0
2 21 D1 48,14.0
2 21 D1 49,15.0
2 21 D1 50,13.0
2 21 D1 51,44.0
2 21 D1 52,35.0
2 21 D1 53,27.0
2 21 D1 54,9.0
2 21 D1 55,18.0
2 21 D1 56,24.0
2 21 D1 57,30.0
2 21 D1 58,32.0
2 21 D1 59,13.0
2 21 D1 60,15.0
2 22 D2 1,26.0
2 22 D2 2,11.0
2 22 D2 3,9.0
2 22 D2 4,17.0
2 22 D2 5,10.0
2 22 D2 6,10.0
2 22 D2 7,12.0
2 22 D2 8,7.0
2 22 D2 9,8.0
2 22 D2 10,8.0
2 22 D2 11,15.0
2 22 D2 12,19.0
2 22 D2 13,35.0
2 22 D2 14,7.0
2 22 D2 15,12.0
2 22 D2 16,10.0
2 22 D2 17,17.0
2 22 D2 18,21.0
2 22 D2 19,15.0
2 22 D2 20,15.0
2 22 D2 21,14.0
2 22 D2 22,7.0
2 22 D2 23,14.0
2 22 D2 24,30.0
2 22 D2 25,12.0
2 22 D2 26,13.0
2 22 D2 27,2.0
2 22 D2 28,13.0
2 22 D2 29,11.0
2 22 D2 30,17.0
2 22 D2 31,33.0
2 22 D2 32,21.0
2 22 D2 33,17.0
2 22 D2 34,20.0
2 22 D2 35,14.0
2 22 D2 36,29.0
2 22 D2 37,14.0
2 22 D2 38,20.0
2 22 D2 39,22.0
2 22 D2 40,15.0
2 22 D2 41,17.0
2 22 D2 42,10.0
2 22 D2 43,20.0
2 22 D2 44,22.0
2 22 D2 45,7.0
2 22 D2 46,21.0
2 22 D2 47,6.0
2 22 D2 48,18.0
2 22 D2 49,22.0
2 22 D2 50,3.0
2 22 D2 51,17.0
2 22 D2 52,17.0
2 22 D2 53,7.0
2 22 D2 54,24.0
2 22 D2 55,11.0
2 22 D2 56,11.0
2 22 D2 57,19.0
2 22 D2 58,11.0
2 22 D2 59,13.0
2 22 D2 60,23.0
2 23 D3 1,7.0
2 23 D3 2,64.0
2 23 D3 3,13.0
2 23 D3 4,10.0
2 23 D3 5,10.0
2 23 D3 6,14.0
2 23 D3 7,21.0
2 23 D3 8,20.0
2 23 D3 9,13.0
2 23 D3 10,8.0
2 23 D3 11,19.0
2 23 D3 12,8.0
2 23 D3 13,11.0
2 23 D3 14,14.0
2 23 D3 15,10.0
2 23 D3 16,14.0
2 23 D3 17,13.0
2 23 D3 18,6.0
2 23 D3 19,7.0
2 23 D3 20,9.0
2 23 D3 21,16.0
2 23 D3 22,17.0
2 23 D3 23,13.0
2 23 D3 24,16.0
2 23 D3 25,18.0
2 23 D3 26,12.0
2 23 D3 27,16.0
2 23 D3 28,11.0
2 23 D3 29,13.0
2 23 D3 30,14.0
2 23 D3 31,50.0
2 23 D3 32,11.0
2 23 D3 33,19.0
2 23 D3 34,3.0
2 23 D3 35,31.0
2 23 D3 36,16.0
2 23 D3 37,8.0
2 23 D3 38,15.0
2 23 D3 39,10.0
2 23 D3 40,7.0
2 23 D3 41,6.0
2 23 D3 42,21.0
2 23 D3 43,2.0
2 23 D3 44,17.0
2 23 D3 45,51.0
2 23 D3 46,7.0
2 23 D3 47,9.0
2 23 D3 48,27.0
2 23 D3 49,17.0
2 23 D3 50,7.0
2 23 D3 51,15.0
2 23 D3 52,21.0
2 23 D3 53,33.0
2 23 D3 54,14.0
2 23 D3 55,6.0
2 23 D3 56,8.0
2 23 D3 57,16.0
2 23 D3 58,43.0
2 23 D3 59,9.0
2 23 D3 60,14.0
2 24 D4 1,11.0
2 24 D4 2,16.0
2 24 D4 3,14.0
2 24 D4 4,7.0
2 24 D4 5,8.0
2 24 D4 6,30.0
2 24 D4 7,17.0
2 24 D4 8,9.0
2 24 D4 9,10.0
2 24 D4 10,15.0
2 24 D4 11,14.0
2 24 D4 12,13.0
2 24 D4 13,28.0
2 24 D4 14,50.0
2 24 D4 15,16.0
2 24 D4 16,8.0
2 24 D4 17,42.0
2 24 D4 18,18.0
2 24 D4 19,18.0
2 24 D4 20,8.0
2 24 D4 21,73.0
2 24 D4 22,10.0
2 24 D4 23,17.0
2 24 D4 24,12.0
2 24 D4 25,10.0
2 24 D4 26,7.0
2 24 D4 27,11.0
2 24 D4 28,33.0
2 24 D4 29,11.0
2 24 D4 30,17.0
2 24 D4 31,8.0
2 24 D4 32,24.0
2 24 D4 33,27.0
2 24 D4 34,8.0
2 24 D4 35,8.0
2 24 D4 36,16.0
2 24 D4 37,9.0
2 24 D4 38,7.0
2 24 D4 39,2.0
2 24 D4 40,28.0
2 24 D4 41,33.0
2 24 D4 42,18.0
2 24 D4 43,8.0
2 24 D4 44,24.0
2 24 D4 45,15.0
2 24 D4 46,16.0
2 24 D4 47,12.0
2 24 D4 48,66.0
2 24 D4 49,11.0
2 24 D4 50,10.0
2 24 D4 51,13.0
2 24 D4 52,21.0
2 24 D4 53,9.0
2 24 D4 54,23.0
2 24 D4 55,13.0
2 24 D4 56,24.0
2 24 D4 57,10.0
2 24 D4 58,9.0
2 24 D4 59,23.0
2 24 D4 60,15.0
2 25 D5 1,23.0
2 25 D5 2,18.0
2 25 D5 3,43.0
2 25 D5 4,47.0
2 25 D5 5,5.0
2 25 D5 6,25.0
2 25 D5 7,12.0
2 25 D5 8,19.0
2 25 D5 9,22.0
2 25 D5 10,22.0
2 25 D5 11,10.0
2 25 D5 12,18.0
2 25 D5 13,9.0
2 25 D5 14,23.0
2 25 D5 15,9.0
2 25 D5 16,12.0
2 25 D5 17,26.0
2 25 D5 18,29.0
2 25 D5 19,27.0
2 25 D5 20,10.0
2 25 D5 21,12.0
2 25 D5 22,17.0
2 25 D5 23,20.0
2 25 D5 24,21.0
2 25 D5 25,23.0
2 25 D5 26,5.0
2 25 D5 27,25.0
2 25 D5 28,24.0
2 25 D5 29,18.0
2 25 D5 30,19.0
2 25 D5 31,40.0
2 25 D5 32,16.0
2 25 D5 33,0.0
2 25 D5 34,9.0
2 25 D5 35,5.0
2 25 D5 36,2.0
2 25 D5 37,23.0
2 25 D5 38,14.0
2 25 D5 39,42.0
2 25 D5 40,3.0
2 25 D5 41,15.0
2 25 D5 42,11.0
2 25 D5 43,25.0
2 25 D5 44,34.0
2 25 D5 45,10.0
2 25 D5 46,10.0
2 25 D5 47,9.0
2 25 D5 48,41.0
2 25 D5 49,17.0
2 25 D5 50,22.0
2 25 D5 51,10.0
2 25 D5 52,10.0
2 25 D5 53,6.0
2 25 D5 54,26.0
2 25 D5 55,14.0
2 25 D5 56,10.0
2 25 D5 57,15.0
2 25 D5 58,14.0
2 25 D5 59,18.0
2 25 D5 60,24.0
2 22 C1 1,22.0
2 22 C1 2,29.0
2 22 C1 3,57.0
2 22 C1 4,48.0
2 22 C1 5,46.0
2 22 C1 6,40.0
2 22 C1 7,45.0
2 22 C1 8,34.0
2 22 C1 9,41.0
2 22 C1 10,46.0
2 22 C1 11,61.0
2 22 C1 12,29.0
2 22 C1 13,46.0
2 22 C1 14,52.0
2 22 C1 15,33.0
2 22 C1 16,42.0
2 22 C1 17,45.0
2 22 C1 18,31.0
2 22 C1 19,29.0
2 22 C1 20,24.0
2 22 C1 21,38.0
2 22 C1 22,57.0
2 22 C1 23,28.0
2 22 C1 24,51.0
2 22 C1 25,24.0
2 22 C1 26,33.0
2 22 C1 27,35.0
2 22 C1 28,44.0
2 22 C1 29,29.0
2 22 C1 30,47.0
2 22 C1 31,49.0
2 22 C1 32,30.0
2 22 C1 33,23.0
2 22 C1 34,60.0
2 22 C1 35,37.0
2 22 C1 36,49.0
2 22 C1 37,34.0
2 22 C1 38,43.0
2 22 C1 39,36.0
2 22 C1 40,45.0
2 22 C1 41,60.0
2 22 C1 42,38.0
2 22 C1 43,42.0
2 22 C1 44,63.0
2 22 C1 45,40.0
2 22 C1 46,49.0
2 22 C1 47,25.0
2 22 C1 48,54.0
2 22 C1 49,51.0
2 22 C1 50,37.0
2 22 C1 51,28.0
2 22 C1 52,53.0
2 22 C1 53,39.0
2 22 C1 54,27.0
2 22 C1 55,30.0
2 22 C1 56,44.0
2 22 C1 57,81.0
2 22 C1 58,5.0
2 22 C1 59,53.0
2 22 C1 60,30.0
2 23 C2 1,34.0
2 23 C2 2,48.0
2 23 C2 3,72.0
2 23 C2 4,52.0
2 23 C2 5,40.0
2 23 C2 6,34.0
2 23 C2 7,59.0
2 23 C2 8,42.0
2 23 C2 9,42.0
2 23 C2 10,37.0
2 23 C2 11,86.0
2 23 C2 12,70.0
2 23 C2 13,84.0
2 23 C2 14,54.0
2 23 C2 15,60.0
2 23 C2 16,38.0
2 23 C2 17,74.0
2 23 C2 18,48.0
2 23 C2 19,58.0
2 23 C2 20,35.0
2 23 C2 21,59.0
2 23 C2 22,71.0
2 23 C2 23,55.0
2 23 C2 24,67.0
2 23 C2 25,61.0
2 23 C2 26,37.0
2 23 C2 27,53.0
2 23 C2 28,60.0
2 23 C2 29,39.0
2 23 C2 30,53.0
2 23 C2 31,57.0
2 23 C2 32,62.0
2 23 C2 33,56.0
2 23 C2 34,55.0
2 23 C2 35,35.0
2 23 C2 36,56.0
2 23 C2 37,65.0
2 23 C2 38,54.0
2 23 C2 39,34.0
2 23 C2 40,56.0
2 23 C2 41,57.0
2 23 C2 42,45.0
2 23 C2 43,65.0
2 23 C2 44,50.0
2 23 C2 45,51.0
2 23 C2 46,54.0
2 23 C2 47,51.0
2 23 C2 48,58.0
2 23 C2 49,40.0
2 23 C2 50,30.0
2 23 C2 51,47.0
2 23 C2 52,51.0
2 23 C2 53,45.0
2 23 C2 54,49.0
2 23 C2 55,59.0
2 23 C2 56,49.0
2 23 C2 57,67.0
2 23 C2 58,43.0
2 23 C2 59,27.0
2 23 C2 60,50.0
2 24 C3 1,61.0
2 24 C3 2,19.0
2 24 C3 3,59.0
2 24 C3 4,39.0
2 24 C3 5,68.0
2 24 C3 6,44.0
2 24 C3 7,57.0
2 24 C3 8,59.0
2 24 C3 9,41.0
2 24 C3 10,42.0
2 24 C3 11,43.0
2 24 C3 12,4.0
2 24 C3 13,75.0
2 24 C3 14,39.0
2 24 C3 15,34.0
2 24 C3 16,46.0
2 24 C3 17,31.0
2 24 C3 18,56.0
2 24 C3 19,56.0
2 24 C3 20,48.0
2 24 C3 21,43.0
2 24 C3 22,52.0
2 24 C3 23,35.0
2 24 C3 24,69.0
2 24 C3 25,54.0
2 24 C3 26,28.0
2 24 C3 27,28.0
2 24 C3 28,0.0
2 24 C3 29,54.0
2 24 C3 30,42.0
2 24 C3 31,56.0
2 24 C3 32,28.0
2 24 C3 33,42.0
2 24 C3 34,57.0
2 24 C3 35,29.0
2 24 C3 36,57.0
2 24 C3 37,50.0
2 24 C3 38,43.0
2 24 C3 39,33.0
2 24 C3 40,55.0
2 24 C3 41,52.0
2 24 C3 42,36.0
2 24 C3 43,32.0
2 24 C3 44,44.0
2 24 C3 45,48.0
2 24 C3 46,47.0
2 24 C3 47,13.0
2 24 C3 48,30.0
2 24 C3 49,41.0
2 24 C3 50,55.0
2 24 C3 51,60.0
2 24 C3 52,53.0
2 24 C3 53,41.0
2 24 C3 54,33.0
2 24 C3 55,45.0
2 24 C3 56,12.0
2 24 C3 57,34.0
2 24 C3 58,46.0
2 24 C3 59,23.0
2 24 C3 60,25.0
2 25 C4 1,41.0
2 25 C4 2,38.0
2 25 C4 3,69.0
2 25 C4 4,36.0
2 25 C4 5,34.0
2 25 C4 6,67.0
2 25 C4 7,72.0
2 25 C4 8,69.0
2 25 C4 9,33.0
2 25 C4 10,64.0
2 25 C4 11,38.0
2 25 C4 12,61.0
2 25 C4 13,77.0
2 25 C4 14,47.0
2 25 C4 15,72.0
2 25 C4 16,78.0
2 25 C4 17,50.0
2 25 C4 18,85.0
2 25 C4 19,54.0
2 25 C4 20,59.0
2 25 C4 21,54.0
2 25 C4 22,56.0
2 25 C4 23,70.0
2 25 C4 24,40.0
2 25 C4 25,59.0
2 25 C4 26,0.0
2 25 C4 27,47.0
2 25 C4 28,55.0
2 25 C4 29,68.0
2 25 C4 30,74.0
2 25 C4 31,55.0
2 25 C4 32,57.0
2 25 C4 33,62.0
2 25 C4 34,69.0
2 25 C4 35,67.0
2 25 C4 36,60.0
2 25 C4 37,58.0
2 25 C4 38,65.0
2 25 C4 39,24.0
2 25 C4 40,40.0
2 25 C4 41,70.0
2 25 C4 42,66.0
2 25 C4 43,61.0
2 25 C4 44,66.0
2 25 C4 45,39.0
2 25 C4 46,59.0
2 25 C4 47,67.0
2 25 C4 48,33.0
2 25 C4 49,54.0
2 25 C4 50,43.0
2 25 C4 51,39.0
2 25 C4 52,32.0
2 25 C4 53,44.0
2 25 C4 54,52.0
2 25 C4 55,71.0
2 25 C4 56,37.0
2 25 C4 57,35.0
2 25 C4 58,52.0
2 25 C4 59,50.0
2 25 C4 60,44.0
2 26 C5 1,84.0
2 26 C5 2,0.0
2 26 C5 3,50.0
2 26 C5 4,47.0
2 26 C5 5,65.0
2 26 C5 6,14.0
2 26 C5 7,66.0
2 26 C5 8,39.0
2 26 C5 9,51.0
2 26 C5 10,49.0
2 26 C5 11,29.0
2 26 C5 12,8.0
2 26 C5 13,55.0
2 26 C5 14,56.0
2 26 C5 15,3.0
2 26 C5 16,37.0
2 26 C5 17,24.0
2 26 C5 18,63.0
2 26 C5 19,49.0
2 26 C5 20,48.0
2 26 C5 21,51.0
2 26 C5 22,52.0
2 26 C5 23,56.0
2 26 C5 24,62.0
2 26 C5 25,28.0
2 26 C5 26,22.0
2 26 C5 27,49.0
2 26 C5 28,68.0
2 26 C5 29,33.0
2 26 C5 30,43.0
2 26 C5 31,52.0
2 26 C5 32,45.0
2 26 C5 33,58.0
2 26 C5 34,43.0
2 26 C5 35,39.0
2 26 C5 36,42.0
2 26 C5 37,27.0
2 26 C5 38,29.0
2 26 C5 39,43.0
2 26 C5 40,42.0
2 26 C5 41,26.0
2 26 C5 42,32.0
2 26 C5 43,53.0
2 26 C5 44,40.0
2 26 C5 45,62.0
2 26 C5 46,27.0
2 26 C5 47,2.0
2 26 C5 48,39.0
2 26 C5 49,55.0
2 26 C5 50,0.0
2 26 C5 51,52.0
2 26 C5 52,30.0
2 26 C5 53,34.0
2 26 C5 54,33.0
2 26 C5 55,32.0
2 26 C5 56,38.0
2 26 C5 57,55.0
2 26 C5 58,53.0
2 26 C5 59,32.0
2 26 C5 60,51.0
2 22 D1 1,23.0
2 22 D1 2,61.0
2 22 D1 3,35.0
2 22 D1 4,66.0
2 22 D1 5,40.0
2 22 D1 6,60.0
2 22 D1 7,45.0
2 22 D1 8,48.0
2 22 D1 9,45.0
2 22 D1 10,50.0
2 22 D1 11,59.0
2 22 D1 12,39.0
2 22 D1 13,71.0
2 22 D1 14,48.0
2 22 D1 15,48.0
2 22 D1 16,65.0
2 22 D1 17,30.0
2 22 D1 18,42.0
2 22 D1 19,67.0
2 22 D1 20,56.0
2 22 D1 21,56.0
2 22 D1 22,45.0
2 22 D1 23,50.0
2 22 D1 24,35.0
2 22 D1 25,44.0
2 22 D1 26,40.0
2 22 D1 27,47.0
2 22 D1 28,53.0
2 22 D1 29,60.0
2 22 D1 30,33.0
2 22 D1 31,70.0
2 22 D1 32,66.0
2 22 D1 33,51.0
2 22 D1 34,55.0
2 22 D1 35,44.0
2 22 D1 36,3.0
2 22 D1 37,39.0
2 22 D1 38,78.0
2 22 D1 39,59.0
2 22 D1 40,63.0
2 22 D1 41,31.0
2 22 D1 42,25.0
2 22 D1 43,50.0
2 22 D1 44,33.0
2 22 D1 45,26.0
2 22 D1 46,49.0
2 22 D1 47,94.0
2 22 D1 48,48.0
2 22 D1 49,65.0
2 22 D1 50,45.0
2 22 D1 51,57.0
2 22 D1 52,60.0
2 22 D1 53,42.0
2 22 D1 54,65.0
2 22 D1 55,41.0
2 22 D1 56,62.0
2 22 D1 57,58.0
2 22 D1 58,69.0
2 22 D1 59,51.0
2 22 D1 60,32.0
2 23 D2 1,61.0
2 23 D2 2,67.0
2 23 D2 3,32.0
2 23 D2 4,70.0
2 23 D2 5,34.0
2 23 D2 6,45.0
2 23 D2 7,49.0
2 23 D2 8,49.0
2 23 D2 9,26.0
2 23 D2 10,46.0
2 23 D2 11,40.0
2 23 D2 12,81.0
2 23 D2 13,66.0
2 23 D2 14,54.0
2 23 D2 15,44.0
2 23 D2 16,59.0
2 23 D2 17,43.0
2 23 D2 18,44.0
2 23 D2 19,56.0
2 23 D2 20,54.0
2 23 D2 21,52.0
2 23 D2 22,61.0
2 23 D2 23,54.0
2 23 D2 24,55.0
2 23 D2 25,35.0
2 23 D2 26,24.0
2 23 D2 27,41.0
2 23 D2 28,54.0
2 23 D2 29,70.0
2 23 D2 30,38.0
2 23 D2 31,22.0
2 23 D2 32,68.0
2 23 D2 33,53.0
2 23 D2 34,80.0
2 23 D2 35,60.0
2 23 D2 36,49.0
2 23 D2 37,43.0
2 23 D2 38,41.0
2 23 D2 39,76.0
2 23 D2 40,59.0
2 23 D2 41,72.0
2 23 D2 42,58.0
2 23 D2 43,53.0
2 23 D2 44,37.0
2 23 D2 45,28.0
2 23 D2 46,52.0
2 23 D2 47,70.0
2 23 D2 48,58.0
2 23 D2 49,63.0
2 23 D2 50,58.0
2 23 D2 51,60.0
2 23 D2 52,59.0
2 23 D2 53,55.0
2 23 D2 54,64.0
2 23 D2 55,39.0
2 23 D2 56,47.0
2 23 D2 57,53.0
2 23 D2 58,53.0
2 23 D2 59,52.0
2 23 D2 60,54.0
2 24 D3 1,52.0
2 24 D3 2,51.0
2 24 D3 3,30.0
2 24 D3 4,59.0
2 24 D3 5,34.0
2 24 D3 6,33.0
2 24 D3 7,68.0
2 24 D3 8,56.0
2 24 D3 9,41.0
2 24 D3 10,49.0
2 24 D3 11,52.0
2 24 D3 12,59.0
2 24 D3 13,39.0
2 24 D3 14,53.0
2 24 D3 15,47.0
2 24 D3 16,39.0
2 24 D3 17,52.0
2 24 D3 18,2.0
2 24 D3 19,44.0
2 24 D3 20,51.0
2 24 D3 21,54.0
2 24 D3 22,34.0
2 24 D3 23,49.0
2 24 D3 24,37.0
2 24 D3 25,52.0
2 24 D3 26,67.0
2 24 D3 27,53.0
2 24 D3 28,56.0
2 24 D3 29,41.0
2 24 D3 30,50.0
2 24 D3 31,61.0
2 24 D3 32,52.0
2 24 D3 33,40.0
2 24 D3 34,39.0
2 24 D3 35,60.0
2 24 D3 36,52.0
2 24 D3 37,51.0
2 24 D3 38,39.0
2 24 D3 39,42.0
2 24 D3 40,43.0
2 24 D3 41,32.0
2 24 D3 42,57.0
2 24 D3 43,32.0
2 24 D3 44,43.0
2 24 D3 45,17.0
2 24 D3 46,31.0
2 24 D3 47,36.0
2 24 D3 48,30.0
2 24 D3 49,56.0
2 24 D3 50,30.0
2 24 D3 51,46.0
2 24 D3 52,30.0
2 24 D3 53,58.0
2 24 D3 54,20.0
2 24 D3 55,59.0
2 24 D3 56,59.0
2 24 D3 57,55.0
2 24 D3 58,32.0
2 24 D3 59,37.0
2 24 D3 60,31.0
2 25 D4 1,32.0
2 25 D4 2,37.0
2 25 D4 3,76.0
2 25 D4 4,48.0
2 25 D4 5,37.0
2 25 D4 6,48.0
2 25 D4 7,40.0
2 25 D4 8,56.0
2 25 D4 9,73.0
2 25 D4 10,87.0
2 25 D4 11,55.0
2 25 D4 12,81.0
2 25 D4 13,52.0
2 25 D4 14,64.0
2 25 D4 15,60.0
2 25 D4 16,68.0
2 25 D4 17,80.0
2 25 D4 18,78.0
2 25 D4 19,64.0
2 25 D4 20,66.0
2 25 D4 21,77.0
2 25 D4 22,63.0
2 25 D4 23,74.0
2 25 D4 24,74.0
2 25 D4 25,51.0
2 25 D4 26,46.0
2 25 D4 27,29.0
2 25 D4 28,51.0
2 25 D4 29,21.0
2 25 D4 30,57.0
2 25 D4 31,19.0
2 25 D4 32,56.0
2 25 D4 33,64.0
2 25 D4 34,40.0
2 25 D4 35,49.0
2 25 D4 36,43.0
2 25 D4 37,27.0
2 25 D4 38,10.0
2 25 D4 39,17.0
2 25 D4 40,71.0
2 25 D4 41,44.0
2 25 D4 42,63.0
2 25 D4 43,54.0
2 25 D4 44,53.0
2 25 D4 45,58.0
2 25 D4 46,60.0
2 25 D4 47,55.0
2 25 D4 48,88.0
2 25 D4 49,54.0
2 25 D4 50,62.0
2 25 D4 51,51.0
2 25 D4 52,58.0
2 25 D4 53,59.0
2 25 D4 54,69.0
2 25 D4 55,45.0
2 25 D4 56,63.0
2 25 D4 57,41.0
2 25 D4 58,48.0
2 25 D4 59,68.0
2 25 D4 60,75.0
2 26 D5 1,37.0
2 26 D5 2,52.0
2 26 D5 3,63.0
2 26 D5 4,86.0
2 26 D5 5,46.0
2 26 D5 6,51.0
2 26 D5 7,73.0
2 26 D5 8,63.0
2 26 D5 9,49.0
2 26 D5 10,57.0
2 26 D5 11,44.0
2 26 D5 12,77.0
2 26 D5 13,45.0
2 26 D5 14,53.0
2 26 D5 15,41.0
2 26 D5 16,77.0
2 26 D5 17,75.0
2 26 D5 18,36.0
2 26 D5 19,64.0
2 26 D5 20,58.0
2 26 D5 21,48.0
2 26 D5 22,70.0
2 26 D5 23,47.0
2 26 D5 24,47.0
2 26 D5 25,56.0
2 26 D5 26,51.0
2 26 D5 27,86.0
2 26 D5 28,63.0
2 26 D5 29,47.0
2 26 D5 30,48.0
2 26 D5 31,54.0
2 26 D5 32,80.0
2 26 D5 33,14.0
2 26 D5 34,19.0
2 26 D5 35,35.0
2 26 D5 36,35.0
2 26 D5 37,64.0
2 26 D5 38,45.0
2 26 D5 39,54.0
2 26 D5 40,58.0
2 26 D5 41,113.0
2 26 D5 42,53.0
2 26 D5 43,54.0
2 26 D5 44,64.0
2 26 D5 45,41.0
2 26 D5 46,34.0
2 26 D5 47,29.0
2 26 D5 48,78.0
2 26 D5 49,47.0
2 26 D5 50,55.0
2 26 D5 51,54.0
2 26 D5 52,51.0
2 26 D5 53,34.0
2 26 D5 54,48.0
2 26 D5 55,14.0
2 26 D5 56,39.0
2 26 D5 57,56.0
2 26 D5 58,66.0
2 26 D5 59,65.0
2 26 D5 60,56.0
2 23 C1 1,36.0
2 23 C1 2,67.0
2 23 C1 3,74.0
2 23 C1 4,75.0
2 23 C1 5,58.0
2 23 C1 6,59.0
2 23 C1 7,49.0
2 23 C1 8,92.0
2 23 C1 9,38.0
2 23 C1 10,61.0
2 23 C1 11,55.0
2 23 C1 12,59.0
2 23 C1 13,58.0
2 23 C1 14,25.0
2 23 C1 15,72.0
2 23 C1 16,51.0
2 23 C1 17,62.0
2 23 C1 18,49.0
2 23 C1 19,57.0
2 23 C1 20,63.0
2 23 C1 21,37.0
2 23 C1 22,74.0
2 23 C1 23,55.0
2 23 C1 24,53.0
2 23 C1 25,47.0
2 23 C1 26,55.0
2 23 C1 27,44.0
2 23 C1 28,79.0
2 23 C1 29,44.0
2 23 C1 30,51.0
2 23 C1 31,61.0
2 23 C1 32,47.0
2 23 C1 33,50.0
2 23 C1 34,69.0
2 23 C1 35,52.0
2 23 C1 36,74.0
2 23 C1 37,66.0
2 23 C1 38,78.0
2 23 C1 39,54.0
2 23 C1 40,58.0
2 23 C1 41,70.0
2 23 C1 42,47.0
2 23 C1 43,56.0
2 23 C1 44,64.0
2 23 C1 45,83.0
2 23 C1 46,75.0
2 23 C1 47,43.0
2 23 C1 48,72.0
2 23 C1 49,70.0
2 23 C1 50,68.0
2 23 C1 51,39.0
2 23 C1 52,81.0
2 23 C1 53,53.0
2 23 C1 54,59.0
2 23 C1 55,49.0
2 23 C1 56,79.0
2 23 C1 57,86.0
2 23 C1 58,14.0
2 23 C1 59,98.0
2 23 C1 60,52.0
2 24 C2 1,1.0
2 24 C2 2,68.0
2 24 C2 3,77.0
2 24 C2 4,49.0
2 24 C2 5,42.0
2 24 C2 6,18.0
2 24 C2 7,51.0
2 24 C2 8,83.0
2 24 C2 9,57.0
2 24 C2 10,43.0
2 24 C2 11,69.0
2 24 C2 12,49.0
2 24 C2 13,85.0
2 24 C2 14,73.0
2 24 C2 15,43.0
2 24 C2 16,47.0
2 24 C2 17,58.0
2 24 C2 18,56.0
2 24 C2 19,49.0
2 24 C2 20,59.0
2 24 C2 21,29.0
2 24 C2 22,58.0
2 24 C2 23,75.0
2 24 C2 24,42.0
2 24 C2 25,51.0
2 24 C2 26,36.0
2 24 C2 27,58.0
2 24 C2 28,49.0
2 24 C2 29,59.0
2 24 C2 30,59.0
2 24 C2 31,64.0
2 24 C2 32,53.0
2 24 C2 33,50.0
2 24 C2 34,70.0
2 24 C2 35,74.0
2 24 C2 36,67.0
2 24 C2 37,58.0
2 24 C2 38,44.0
2 24 C2 39,51.0
2 24 C2 40,68.0
2 24 C2 41,64.0
2 24 C2 42,49.0
2 24 C2 43,49.0
2 24 C2 44,47.0
2 24 C2 45,48.0
2 24 C2 46,58.0
2 24 C2 47,57.0
2 24 C2 48,67.0
2 24 C2 49,46.0
2 24 C2 50,45.0
2 24 C2 51,50.0
2 24 C2 52,50.0
2 24 C2 53,65.0
2 24 C2 54,40.0
2 24 C2 55,66.0
2 24 C2 56,41.0
2 24 C2 57,60.0
2 24 C2 58,51.0
2 24 C2 59,62.0
2 24 C2 60,69.0
2 25 C3 1,67.0
2 25 C3 2,52.0
2 25 C3 3,88.0
2 25 C3 4,62.0
2 25 C3 5,50.0
2 25 C3 6,46.0
2 25 C3 7,69.0
2 25 C3 8,92.0
2 25 C3 9,69.0
2 25 C3 10,52.0
2 25 C3 11,57.0
2 25 C3 12,32.0
2 25 C3 13,89.0
2 25 C3 14,35.0
2 25 C3 15,53.0
2 25 C3 16,63.0
2 25 C3 17,50.0
2 25 C3 18,45.0
2 25 C3 19,68.0
2 25 C3 20,63.0
2 25 C3 21,46.0
2 25 C3 22,64.0
2 25 C3 23,68.0
2 25 C3 24,93.0
2 25 C3 25,49.0
2 25 C3 26,19.0
2 25 C3 27,43.0
2 25 C3 28,48.0
2 25 C3 29,67.0
2 25 C3 30,31.0
2 25 C3 31,49.0
2 25 C3 32,75.0
2 25 C3 33,38.0
2 25 C3 34,54.0
2 25 C3 35,49.0
2 25 C3 36,75.0
2 25 C3 37,80.0
2 25 C3 38,21.0
2 25 C3 39,39.0
2 25 C3 40,56.0
2 25 C3 41,84.0
2 25 C3 42,60.0
2 25 C3 43,51.0
2 25 C3 44,75.0
2 25 C3 45,60.0
2 25 C3 46,2.0
2 25 C3 47,34.0
2 25 C3 48,46.0
2 25 C3 49,61.0
2 25 C3 50,69.0
2 25 C3 51,44.0
2 25 C3 52,63.0
2 25 C3 53,28.0
2 25 C3 54,54.0
2 25 C3 55,66.0
2 25 C3 56,38.0
2 25 C3 57,46.0
2 25 C3 58,53.0
2 25 C3 59,31.0
2 25 C3 60,29.0
2 26 C4 1,44.0
2 26 C4 2,49.0
2 26 C4 3,87.0
2 26 C4 4,2.0
2 26 C4 5,7.0
2 26 C4 6,81.0
2 26 C4 7,82.0
2 26 C4 8,73.0
2 26 C4 9,45.0
2 26 C4 10,71.0
2 26 C4 11,61.0
2 26 C4 12,49.0
2 26 C4 13,82.0
2 26 C4 14,43.0
2 26 C4 15,75.0
2 26 C4 16,87.0
2 26 C4 17,71.0
2 26 C4 18,88.0
2 26 C4 19,70.0
2 26 C4 20,77.0
2 26 C4 21,84.0
2 26 C4 22,82.0
2 26 C4 23,53.0
2 26 C4 24,45.0
2 26 C4 25,83.0
2 26 C4 26,nan
2 26 C4 27,58.0
2 26 C4 28,61.0
2 26 C4 29,70.0
2 26 C4 30,72.0
2 26 C4 31,67.0
2 26 C4 32,68.0
2 26 C4 33,39.0
2 26 C4 34,53.0
2 26 C4 35,82.0
2 26 C4 36,42.0
2 26 C4 37,70.0
2 26 C4 38,58.0
2 26 C4 39,64.0
2 26 C4 40,70.0
2 26 C4 41,82.0
2 26 C4 42,56.0
2 26 C4 43,40.0
2 26 C4 44,76.0
2 26 C4 45,34.0
2 26 C4 46,71.0
2 26 C4 47,88.0
2 26 C4 48,56.0
2 26 C4 49,52.0
2 26 C4 50,42.0
2 26 C4 51,57.0
2 26 C4 52,81.0
2 26 C4 53,51.0
2 26 C4 54,24.0
2 26 C4 55,74.0
2 26 C4 56,60.0
2 26 C4 57,47.0
2 26 C4 58,80.0
2 26 C4 59,31.0
2 26 C4 60,62.0
2 27 C5 1,84.0
2 27 C5 2,27.0
2 27 C5 3,53.0
2 27 C5 4,34.0
2 27 C5 5,53.0
2 27 C5 6,27.0
2 27 C5 7,62.0
2 27 C5 8,58.0
2 27 C5 9,67.0
2 27 C5 10,60.0
2 27 C5 11,42.0
2 27 C5 12,11.0
2 27 C5 13,56.0
2 27 C5 14,32.0
2 27 C5 15,4.0
2 27 C5 16,65.0
2 27 C5 17,24.0
2 27 C5 18,52.0
2 27 C5 19,65.0
2 27 C5 20,28.0
2 27 C5 21,50.0
2 27 C5 22,67.0
2 27 C5 23,51.0
2 27 C5 24,55.0
2 27 C5 25,36.0
2 27 C5 26,38.0
2 27 C5 27,77.0
2 27 C5 28,98.0
2 27 C5 29,35.0
2 27 C5 30,30.0
2 27 C5 31,44.0
2 27 C5 32,48.0
2 27 C5 33,71.0
2 27 C5 34,47.0
2 27 C5 35,64.0
2 27 C5 36,60.0
2 27 C5 37,22.0
2 27 C5 38,31.0
2 27 C5 39,64.0
2 27 C5 40,59.0
2 27 C5 41,35.0
2 27 C5 42,26.0
2 27 C5 43,63.0
2 27 C5 44,42.0
2 27 C5 45,65.0
2 27 C5 46,42.0
2 27 C5 47,19.0
2 27 C5 48,57.0
2 27 C5 49,24.0
2 27 C5 50,1.0
2 27 C5 51,54.0
2 27 C5 52,27.0
2 27 C5 53,29.0
2 27 C5 54,30.0
2 27 C5 55,10.0
2 27 C5 56,59.0
2 27 C5 57,62.0
2 27 C5 58,45.0
2 27 C5 59,31.0
2 27 C5 60,22.0
2 23 D1 1,23.0
2 23 D1 2,73.0
2 23 D1 3,66.0
2 23 D1 4,75.0
2 23 D1 5,56.0
2 23 D1 6,58.0
2 23 D1 7,63.0
2 23 D1 8,68.0
2 23 D1 9,43.0
2 23 D1 10,67.0
2 23 D1 11,79.0
2 23 D1 12,62.0
2 23 D1 13,64.0
2 23 D1 14,61.0
2 23 D1 15,69.0
2 23 D1 16,66.0
2 23 D1 17,51.0
2 23 D1 18,38.0
2 23 D1 19,81.0
2 23 D1 20,43.0
2 23 D1 21,46.0
2 23 D1 22,69.0
2 23 D1 23,56.0
2 23 D1 24,60.0
2 23 D1 25,58.0
2 23 D1 26,65.0
2 23 D1 27,60.0
2 23 D1 28,39.0
2 23 D1 29,76.0
2 23 D1 30,61.0
2 23 D1 31,67.0
2 23 D1 32,81.0
2 23 D1 33,69.0
2 23 D1 34,58.0
2 23 D1 35,68.0
2 23 D1 36,2.0
2 23 D1 37,50.0
2 23 D1 38,71.0
2 23 D1 39,55.0
2 23 D1 40,66.0
2 23 D1 41,42.0
2 23 D1 42,30.0
2 23 D1 43,61.0
2 23 D1 44,48.0
2 23 D1 45,51.0
2 23 D1 46,42.0
2 23 D1 47,114.0
2 23 D1 48,57.0
2 23 D1 49,50.0
2 23 D1 50,50.0
2 23 D1 51,71.0
2 23 D1 52,66.0
2 23 D1 53,54.0
2 23 D1 54,49.0
2 23 D1 55,56.0
2 23 D1 56,53.0
2 23 D1 57,50.0
2 23 D1 58,74.0
2 23 D1 59,38.0
2 23 D1 60,39.0
2 24 D2 1,62.0
2 24 D2 2,84.0
2 24 D2 3,47.0
2 24 D2 4,76.0
2 24 D2 5,46.0
2 24 D2 6,64.0
2 24 D2 7,59.0
2 24 D2 8,76.0
2 24 D2 9,43.0
2 24 D2 10,61.0
2 24 D2 11,65.0
2 24 D2 12,75.0
2 24 D2 13,67.0
2 24 D2 14,76.0
2 24 D2 15,53.0
2 24 D2 16,57.0
2 24 D2 17,72.0
2 24 D2 18,62.0
2 24 D2 19,59.0
2 24 D2 20,56.0
2 24 D2 21,52.0
2 24 D2 22,42.0
2 24 D2 23,50.0
2 24 D2 24,68.0
2 24 D2 25,36.0
2 24 D2 26,41.0
2 24 D2 27,49.0
2 24 D2 28,55.0
2 24 D2 29,48.0
2 24 D2 30,38.0
2 24 D2 31,63.0
2 24 D2 32,68.0
2 24 D2 33,58.0
2 24 D2 34,87.0
2 24 D2 35,37.0
2 24 D2 36,28.0
2 24 D2 37,54.0
2 24 D2 38,55.0
2 24 D2 39,86.0
2 24 D2 40,64.0
2 24 D2 41,78.0
2 24 D2 42,74.0
2 24 D2 43,81.0
2 24 D2 44,62.0
2 24 D2 45,26.0
2 24 D2 46,62.0
2 24 D2 47,58.0
2 24 D2 48,50.0
2 24 D2 49,79.0
2 24 D2 50,40.0
2 24 D2 51,46.0
2 24 D2 52,38.0
2 24 D2 53,37.0
2 24 D2 54,46.0
2 24 D2 55,50.0
2 24 D2 56,56.0
2 24 D2 57,59.0
2 24 D2 58,61.0
2 24 D2 59,60.0
2 24 D2 60,69.0
2 25 D3 1,62.0
2 25 D3 2,80.0
2 25 D3 3,36.0
2 25 D3 4,80.0
2 25 D3 5,75.0
2 25 D3 6,81.0
2 25 D3 7,80.0
2 25 D3 8,66.0
2 25 D3 9,62.0
2 25 D3 10,58.0
2 25 D3 11,73.0
2 25 D3 12,29.0
2 25 D3 13,53.0
2 25 D3 14,57.0
2 25 D3 15,68.0
2 25 D3 16,55.0
2 25 D3 17,46.0
2 25 D3 18,2.0
2 25 D3 19,30.0
2 25 D3 20,73.0
2 25 D3 21,60.0
2 25 D3 22,54.0
2 25 D3 23,70.0
2 25 D3 24,59.0
2 25 D3 25,76.0
2 25 D3 26,92.0
2 25 D3 27,82.0
2 25 D3 28,45.0
2 25 D3 29,62.0
2 25 D3 30,65.0
2 25 D3 31,58.0
2 25 D3 32,57.0
2 25 D3 33,50.0
2 25 D3 34,28.0
2 25 D3 35,87.0
2 25 D3 36,80.0
2 25 D3 37,55.0
2 25 D3 38,67.0
2 25 D3 39,43.0
2 25 D3 40,53.0
2 25 D3 41,45.0
2 25 D3 42,54.0
2 25 D3 43,10.0
2 25 D3 44,71.0
2 25 D3 45,60.0
2 25 D3 46,58.0
2 25 D3 47,63.0
2 25 D3 48,50.0
2 25 D3 49,85.0
2 25 D3 50,18.0
2 25 D3 51,75.0
2 25 D3 52,58.0
2 25 D3 53,69.0
2 25 D3 54,21.0
2 25 D3 55,57.0
2 25 D3 56,80.0
2 25 D3 57,70.0
2 25 D3 58,72.0
2 25 D3 59,62.0
2 25 D3 60,15.0
2 26 D4 1,44.0
2 26 D4 2,55.0
2 26 D4 3,76.0
2 26 D4 4,38.0
2 26 D4 5,58.0
2 26 D4 6,64.0
2 26 D4 7,86.0
2 26 D4 8,53.0
2 26 D4 9,83.0
2 26 D4 10,99.0
2 26 D4 11,40.0
2 26 D4 12,64.0
2 26 D4 13,67.0
2 26 D4 14,64.0
2 26 D4 15,62.0
2 26 D4 16,80.0
2 26 D4 17,94.0
2 26 D4 18,89.0
2 26 D4 19,76.0
2 26 D4 20,67.0
2 26 D4 21,84.0
2 26 D4 22,52.0
2 26 D4 23,93.0
2 26 D4 24,84.0
2 26 D4 25,74.0
2 26 D4 26,81.0
2 26 D4 27,70.0
2 26 D4 28,79.0
2 26 D4 29,44.0
2 26 D4 30,60.0
2 26 D4 31,51.0
2 26 D4 32,65.0
2 26 D4 33,88.0
2 26 D4 34,51.0
2 26 D4 35,53.0
2 26 D4 36,58.0
2 26 D4 37,51.0
2 26 D4 38,48.0
2 26 D4 39,36.0
2 26 D4 40,84.0
2 26 D4 41,52.0
2 26 D4 42,78.0
2 26 D4 43,60.0
2 26 D4 44,44.0
2 26 D4 45,86.0
2 26 D4 46,68.0
2 26 D4 47,83.0
2 26 D4 48,67.0
2 26 D4 49,68.0
2 26 D4 50,82.0
2 26 D4 51,54.0
2 26 D4 52,72.0
2 26 D4 53,68.0
2 26 D4 54,47.0
2 26 D4 55,69.0
2 26 D4 56,46.0
2 26 D4 57,68.0
2 26 D4 58,72.0
2 26 D4 59,42.0
2 26 D4 60,77.0
2 27 D5 1,46.0
2 27 D5 2,59.0
2 27 D5 3,46.0
2 27 D5 4,57.0
2 27 D5 5,33.0
2 27 D5 6,62.0
2 27 D5 7,58.0
2 27 D5 8,60.0
2 27 D5 9,47.0
2 27 D5 10,63.0
2 27 D5 11,56.0
2 27 D5 12,77.0
2 27 D5 13,48.0
2 27 D5 14,36.0
2 27 D5 15,60.0
2 27 D5 16,43.0
2 27 D5 17,59.0
2 27 D5 18,46.0
2 27 D5 19,57.0
2 27 D5 20,46.0
2 27 D5 21,54.0
2 27 D5 22,58.0
2 27 D5 23,46.0
2 27 D5 24,40.0
2 27 D5 25,33.0
2 27 D5 26,38.0
2 27 D5 27,64.0
2 27 D5 28,36.0
2 27 D5 29,43.0
2 27 D5 30,51.0
2 27 D5 31,46.0
2 27 D5 32,48.0
2 27 D5 33,37.0
2 27 D5 34,43.0
2 27 D5 35,42.0
2 27 D5 36,48.0
2 27 D5 37,52.0
2 27 D5 38,45.0
2 27 D5 39,54.0
2 27 D5 40,36.0
2 27 D5 41,70.0
2 27 D5 42,42.0
2 27 D5 43,56.0
2 27 D5 44,43.0
2 27 D5 45,49.0
2 27 D5 46,45.0
2 27 D5 47,19.0
2 27 D5 48,57.0
2 27 D5 49,62.0
2 27 D5 50,44.0
2 27 D5 51,48.0
2 27 D5 52,71.0
2 27 D5 53,48.0
2 27 D5 54,59.0
2 27 D5 55,56.0
2 27 D5 56,29.0
2 27 D5 57,46.0
2 27 D5 58,64.0
2 27 D5 59,58.0
2 27 D5 60,59.0
2 24 C1 1,46.0
2 24 C1 2,53.0
2 24 C1 3,48.0
2 24 C1 4,55.0
2 24 C1 5,46.0
2 24 C1 6,57.0
2 24 C1 7,43.0
2 24 C1 8,49.0
2 24 C1 9,46.0
2 24 C1 10,65.0
2 24 C1 11,42.0
2 24 C1 12,67.0
2 24 C1 13,77.0
2 24 C1 14,62.0
2 24 C1 15,36.0
2 24 C1 16,73.0
2 24 C1 17,71.0
2 24 C1 18,60.0
2 24 C1 19,57.0
2 24 C1 20,43.0
2 24 C1 21,55.0
2 24 C1 22,64.0
2 24 C1 23,49.0
2 24 C1 24,53.0
2 24 C1 25,39.0
2 24 C1 26,65.0
2 24 C1 27,38.0
2 24 C1 28,48.0
2 24 C1 29,35.0
2 24 C1 30,50.0
2 24 C1 31,67.0
2 24 C1 32,56.0
2 24 C1 33,13.0
2 24 C1 34,60.0
2 24 C1 35,51.0
2 24 C1 36,58.0
2 24 C1 37,54.0
2 24 C1 38,60.0
2 24 C1 39,52.0
2 24 C1 40,65.0
2 24 C1 41,57.0
2 24 C1 42,50.0
2 24 C1 43,63.0
2 24 C1 44,68.0
2 24 C1 45,68.0
2 24 C1 46,59.0
2 24 C1 47,52.0
2 24 C1 48,61.0
2 24 C1 49,55.0
2 24 C1 50,54.0
2 24 C1 51,24.0
2 24 C1 52,81.0
2 24 C1 53,58.0
2 24 C1 54,52.0
2 24 C1 55,41.0
2 24 C1 56,57.0
2 24 C1 57,95.0
2 24 C1 58,10.0
2 24 C1 59,87.0
2 24 C1 60,28.0
2 25 C2 1,52.0
2 25 C2 2,65.0
2 25 C2 3,83.0
2 25 C2 4,68.0
2 25 C2 5,45.0
2 25 C2 6,24.0
2 25 C2 7,78.0
2 25 C2 8,82.0
2 25 C2 9,62.0
2 25 C2 10,62.0
2 25 C2 11,94.0
2 25 C2 12,68.0
2 25 C2 13,108.0
2 25 C2 14,86.0
2 25 C2 15,61.0
2 25 C2 16,55.0
2 25 C2 17,85.0
2 25 C2 18,73.0
2 25 C2 19,47.0
2 25 C2 20,79.0
2 25 C2 21,41.0
2 25 C2 22,96.0
2 25 C2 23,72.0
2 25 C2 24,63.0
2 25 C2 25,40.0
2 25 C2 26,28.0
2 25 C2 27,63.0
2 25 C2 28,58.0
2 25 C2 29,74.0
2 25 C2 30,67.0
2 25 C2 31,56.0
2 25 C2 32,56.0
2 25 C2 33,67.0
2 25 C2 34,65.0
2 25 C2 35,71.0
2 25 C2 36,71.0
2 25 C2 37,11.0
2 25 C2 38,47.0
2 25 C2 39,70.0
2 25 C2 40,77.0
2 25 C2 41,66.0
2 25 C2 42,54.0
2 25 C2 43,31.0
2 25 C2 44,72.0
2 25 C2 45,50.0
2 25 C2 46,75.0
2 25 C2 47,42.0
2 25 C2 48,57.0
2 25 C2 49,60.0
2 25 C2 50,52.0
2 25 C2 51,45.0
2 25 C2 52,65.0
2 25 C2 53,52.0
2 25 C2 54,32.0
2 25 C2 55,20.0
2 25 C2 56,58.0
2 25 C2 57,62.0
2 25 C2 58,48.0
2 25 C2 59,38.0
2 25 C2 60,68.0
2 26 C3 1,63.0
2 26 C3 2,58.0
2 26 C3 3,67.0
2 26 C3 4,62.0
2 26 C3 5,53.0
2 26 C3 6,67.0
2 26 C3 7,61.0
2 26 C3 8,82.0
2 26 C3 9,58.0
2 26 C3 10,57.0
2 26 C3 11,45.0
2 26 C3 12,59.0
2 26 C3 13,76.0
2 26 C3 14,16.0
2 26 C3 15,75.0
2 26 C3 16,19.0
2 26 C3 17,73.0
2 26 C3 18,42.0
2 26 C3 19,70.0
2 26 C3 20,73.0
2 26 C3 21,28.0
2 26 C3 22,70.0
2 26 C3 23,37.0
2 26 C3 24,0.0
2 26 C3 25,60.0
2 26 C3 26,0.0
2 26 C3 27,53.0
2 26 C3 28,59.0
2 26 C3 29,61.0
2 26 C3 30,38.0
2 26 C3 31,75.0
2 26 C3 32,55.0
2 26 C3 33,66.0
2 26 C3 34,13.0
2 26 C3 35,20.0
2 26 C3 36,80.0
2 26 C3 37,61.0
2 26 C3 38,60.0
2 26 C3 39,53.0
2 26 C3 40,47.0
2 26 C3 41,43.0
2 26 C3 42,67.0
2 26 C3 43,47.0
2 26 C3 44,73.0
2 26 C3 45,63.0
2 26 C3 46,10.0
2 26 C3 47,41.0
2 26 C3 48,44.0
2 26 C3 49,49.0
2 26 C3 50,63.0
2 26 C3 51,42.0
2 26 C3 52,65.0
2 26 C3 53,37.0
2 26 C3 54,50.0
2 26 C3 55,62.0
2 26 C3 56,45.0
2 26 C3 57,64.0
2 26 C3 58,42.0
2 26 C3 59,27.0
2 26 C3 60,38.0
2 27 C4 1,55.0
2 27 C4 2,49.0
2 27 C4 3,36.0
2 27 C4 4,29.0
2 27 C4 5,4.0
2 27 C4 6,58.0
2 27 C4 7,65.0
2 27 C4 8,54.0
2 27 C4 9,17.0
2 27 C4 10,36.0
2 27 C4 11,53.0
2 27 C4 12,54.0
2 27 C4 13,47.0
2 27 C4 14,40.0
2 27 C4 15,58.0
2 27 C4 16,58.0
2 27 C4 17,66.0
2 27 C4 18,73.0
2 27 C4 19,43.0
2 27 C4 20,59.0
2 27 C4 21,61.0
2 27 C4 22,54.0
2 27 C4 23,47.0
2 27 C4 24,31.0
2 27 C4 25,69.0
2 27 C4 26,nan
2 27 C4 27,46.0
2 27 C4 28,34.0
2 27 C4 29,56.0
2 27 C4 30,72.0
2 27 C4 31,52.0
2 27 C4 32,35.0
2 27 C4 33,47.0
2 27 C4 34,40.0
2 27 C4 35,46.0
2 27 C4 36,40.0
2 27 C4 37,59.0
2 27 C4 38,57.0
2 27 C4 39,57.0
2 27 C4 40,58.0
2 27 C4 41,76.0
2 27 C4 42,47.0
2 27 C4 43,45.0
2 27 C4 44,68.0
2 27 C4 45,26.0
2 27 C4 46,38.0
2 27 C4 47,87.0
2 27 C4 48,36.0
2 27 C4 49,53.0
2 27 C4 50,25.0
2 27 C4 51,49.0
2 27 C4 52,73.0
2 27 C4 53,53.0
2 27 C4 54,2.0
2 27 C4 55,74.0
2 27 C4 56,57.0
2 27 C4 57,58.0
2 27 C4 58,52.0
2 27 C4 59,29.0
2 27 C4 60,69.0
2 28 C5 1,71.0
2 28 C5 2,28.0
2 28 C5 3,51.0
2 28 C5 4,53.0
2 28 C5 5,68.0
2 28 C5 6,33.0
2 28 C5 7,58.0
2 28 C5 8,64.0
2 28 C5 9,56.0
2 28 C5 10,58.0
2 28 C5 11,44.0
2 28 C5 12,8.0
2 28 C5 13,52.0
2 28 C5 14,55.0
2 28 C5 15,0.0
2 28 C5 16,59.0
2 28 C5 17,59.0
2 28 C5 18,81.0
2 28 C5 19,81.0
2 28 C5 20,47.0
2 28 C5 21,53.0
2 28 C5 22,78.0
2 28 C5 23,58.0
2 28 C5 24,65.0
2 28 C5 25,46.0
2 28 C5 26,64.0
2 28 C5 27,71.0
2 28 C5 28,97.0
2 28 C5 29,33.0
2 28 C5 30,26.0
2 28 C5 31,60.0
2 28 C5 32,62.0
2 28 C5 33,74.0
2 28 C5 34,56.0
2 28 C5 35,78.0
2 28 C5 36,69.0
2 28 C5 37,61.0
2 28 C5 38,35.0
2 28 C5 39,46.0
2 28 C5 40,59.0
2 28 C5 41,44.0
2 28 C5 42,23.0
2 28 C5 43,55.0
2 28 C5 44,55.0
2 28 C5 45,79.0
2 28 C5 46,51.0
2 28 C5 47,4.0
2 28 C5 48,64.0
2 28 C5 49,55.0
2 28 C5 50,0.0
2 28 C5 51,56.0
2 28 C5 52,46.0
2 28 C5 53,56.0
2 28 C5 54,49.0
2 28 C5 55,15.0
2 28 C5 56,52.0
2 28 C5 57,4.0
2 28 C5 58,54.0
2 28 C5 59,25.0
2 28 C5 60,50.0
2 24 D1 1,29.0
2 24 D1 2,55.0
2 24 D1 3,67.0
2 24 D1 4,66.0
2 24 D1 5,45.0
2 24 D1 6,71.0
2 24 D1 7,53.0
2 24 D1 8,60.0
2 24 D1 9,30.0
2 24 D1 10,56.0
2 24 D1 11,49.0
2 24 D1 12,61.0
2 24 D1 13,63.0
2 24 D1 14,27.0
2 24 D1 15,67.0
2 24 D1 16,64.0
2 24 D1 17,53.0
2 24 D1 18,31.0
2 24 D1 19,62.0
2 24 D1 20,63.0
2 24 D1 21,21.0
2 24 D1 22,67.0
2 24 D1 23,78.0
2 24 D1 24,51.0
2 24 D1 25,50.0
2 24 D1 26,59.0
2 24 D1 27,71.0
2 24 D1 28,36.0
2 24 D1 29,60.0
2 24 D1 30,34.0
2 24 D1 31,46.0
2 24 D1 32,51.0
2 24 D1 33,74.0
2 24 D1 34,68.0
2 24 D1 35,74.0
2 24 D1 36,1.0
2 24 D1 37,52.0
2 24 D1 38,86.0
2 24 D1 39,47.0
2 24 D1 40,84.0
2 24 D1 41,38.0
2 24 D1 42,43.0
2 24 D1 43,58.0
2 24 D1 44,29.0
2 24 D1 45,40.0
2 24 D1 46,46.0
2 24 D1 47,99.0
2 24 D1 48,72.0
2 24 D1 49,77.0
2 24 D1 50,72.0
2 24 D1 51,68.0
2 24 D1 52,72.0
2 24 D1 53,57.0
2 24 D1 54,76.0
2 24 D1 55,47.0
2 24 D1 56,53.0
2 24 D1 57,64.0
2 24 D1 58,49.0
2 24 D1 59,24.0
2 24 D1 60,46.0
2 25 D2 1,85.0
2 25 D2 2,70.0
2 25 D2 3,42.0
2 25 D2 4,80.0
2 25 D2 5,65.0
2 25 D2 6,49.0
2 25 D2 7,74.0
2 25 D2 8,79.0
2 25 D2 9,37.0
2 25 D2 10,62.0
2 25 D2 11,62.0
2 25 D2 12,81.0
2 25 D2 13,75.0
2 25 D2 14,78.0
2 25 D2 15,58.0
2 25 D2 16,48.0
2 25 D2 17,89.0
2 25 D2 18,83.0
2 25 D2 19,49.0
2 25 D2 20,78.0
2 25 D2 21,68.0
2 25 D2 22,75.0
2 25 D2 23,71.0
2 25 D2 24,68.0
2 25 D2 25,51.0
2 25 D2 26,63.0
2 25 D2 27,55.0
2 25 D2 28,74.0
2 25 D2 29,83.0
2 25 D2 30,63.0
2 25 D2 31,58.0
2 25 D2 32,88.0
2 25 D2 33,72.0
2 25 D2 34,67.0
2 25 D2 35,57.0
2 25 D2 36,30.0
2 25 D2 37,61.0
2 25 D2 38,74.0
2 25 D2 39,88.0
2 25 D2 40,75.0
2 25 D2 41,78.0
2 25 D2 42,93.0
2 25 D2 43,88.0
2 25 D2 44,79.0
2 25 D2 45,59.0
2 25 D2 46,69.0
2 25 D2 47,93.0
2 25 D2 48,77.0
2 25 D2 49,101.0
2 25 D2 50,61.0
2 25 D2 51,54.0
2 25 D2 52,62.0
2 25 D2 53,66.0
2 25 D2 54,73.0
2 25 D2 55,74.0
2 25 D2 56,55.0
2 25 D2 57,76.0
2 25 D2 58,70.0
2 25 D2 59,60.0
2 25 D2 60,88.0
2 26 D3 1,74.0
2 26 D3 2,58.0
2 26 D3 3,41.0
2 26 D3 4,55.0
2 26 D3 5,60.0
2 26 D3 6,64.0
2 26 D3 7,77.0
2 26 D3 8,78.0
2 26 D3 9,35.0
2 26 D3 10,66.0
2 26 D3 11,73.0
2 26 D3 12,60.0
2 26 D3 13,66.0
2 26 D3 14,42.0
2 26 D3 15,59.0
2 26 D3 16,50.0
2 26 D3 17,74.0
2 26 D3 18,5.0
2 26 D3 19,46.0
2 26 D3 20,54.0
2 26 D3 21,58.0
2 26 D3 22,62.0
2 26 D3 23,69.0
2 26 D3 24,50.0
2 26 D3 25,56.0
2 26 D3 26,78.0
2 26 D3 27,66.0
2 26 D3 28,60.0
2 26 D3 29,51.0
2 26 D3 30,70.0
2 26 D3 31,57.0
2 26 D3 32,49.0
2 26 D3 33,39.0
2 26 D3 34,32.0
2 26 D3 35,79.0
2 26 D3 36,92.0
2 26 D3 37,52.0
2 26 D3 38,72.0
2 26 D3 39,50.0
2 26 D3 40,52.0
2 26 D3 41,58.0
2 26 D3 42,64.0
2 26 D3 43,39.0
2 26 D3 44,67.0
2 26 D3 45,73.0
2 26 D3 46,55.0
2 26 D3 47,82.0
2 26 D3 48,42.0
2 26 D3 49,82.0
2 26 D3 50,45.0
2 26 D3 51,94.0
2 26 D3 52,48.0
2 26 D3 53,45.0
2 26 D3 54,20.0
2 26 D3 55,50.0
2 26 D3 56,69.0
2 26 D3 57,0.0
2 26 D3 58,7.0
2 26 D3 59,75.0
2 26 D3 60,nan
2 27 D4 1,48.0
2 27 D4 2,37.0
2 27 D4 3,44.0
2 27 D4 4,42.0
2 27 D4 5,54.0
2 27 D4 6,52.0
2 27 D4 7,70.0
2 27 D4 8,55.0
2 27 D4 9,69.0
2 27 D4 10,88.0
2 27 D4 11,47.0
2 27 D4 12,46.0
2 27 D4 13,54.0
2 27 D4 14,63.0
2 27 D4 15,67.0
2 27 D4 16,71.0
2 27 D4 17,95.0
2 27 D4 18,73.0
2 27 D4 19,66.0
2 27 D4 20,69.0
2 27 D4 21,55.0
2 27 D4 22,41.0
2 27 D4 23,76.0
2 27 D4 24,80.0
2 27 D4 25,34.0
2 27 D4 26,47.0
2 27 D4 27,50.0
2 27 D4 28,78.0
2 27 D4 29,58.0
2 27 D4 30,53.0
2 27 D4 31,46.0
2 27 D4 32,68.0
2 27 D4 33,83.0
2 27 D4 34,66.0
2 27 D4 35,48.0
2 27 D4 36,58.0
2 27 D4 37,28.0
2 27 D4 38,26.0
2 27 D4 39,53.0
2 27 D4 40,54.0
2 27 D4 41,53.0
2 27 D4 42,58.0
2 27 D4 43,50.0
2 27 D4 44,60.0
2 27 D4 45,56.0
2 27 D4 46,59.0
2 27 D4 47,81.0
2 27 D4 48,74.0
2 27 D4 49,31.0
2 27 D4 50,59.0
2 27 D4 51,54.0
2 27 D4 52,61.0
2 27 D4 53,56.0
2 27 D4 54,49.0
2 27 D4 55,58.0
2 27 D4 56,59.0
2 27 D4 57,71.0
2 27 D4 58,51.0
2 27 D4 59,66.0
2 27 D4 60,81.0
2 28 D5 1,85.0
2 28 D5 2,52.0
2 28 D5 3,68.0
2 28 D5 4,95.0
2 28 D5 5,51.0
2 28 D5 6,61.0
2 28 D5 7,75.0
2 28 D5 8,77.0
2 28 D5 9,76.0
2 28 D5 10,80.0
2 28 D5 11,79.0
2 28 D5 12,74.0
2 28 D5 13,71.0
2 28 D5 14,79.0
2 28 D5 15,78.0
2 28 D5 16,57.0
2 28 D5 17,79.0
2 28 D5 18,56.0
2 28 D5 19,77.0
2 28 D5 20,72.0
2 28 D5 21,57.0
2 28 D5 22,86.0
2 28 D5 23,64.0
2 28 D5 24,61.0
2 28 D5 25,59.0
2 28 D5 26,44.0
2 28 D5 27,92.0
2 28 D5 28,62.0
2 28 D5 29,44.0
2 28 D5 30,49.0
2 28 D5 31,78.0
2 28 D5 32,67.0
2 28 D5 33,52.0
2 28 D5 34,67.0
2 28 D5 35,58.0
2 28 D5 36,75.0
2 28 D5 37,91.0
2 28 D5 38,62.0
2 28 D5 39,56.0
2 28 D5 40,56.0
2 28 D5 41,108.0
2 28 D5 42,66.0
2 28 D5 43,75.0
2 28 D5 44,83.0
2 28 D5 45,61.0
2 28 D5 46,69.0
2 28 D5 47,45.0
2 28 D5 48,105.0
2 28 D5 49,64.0
2 28 D5 50,74.0
2 28 D5 51,66.0
2 28 D5 52,31.0
2 28 D5 53,62.0
2 28 D5 54,60.0
2 28 D5 55,71.0
2 28 D5 56,46.0
2 28 D5 57,69.0
2 28 D5 58,80.0
2 28 D5 59,89.0
2 28 D5 60,53.0
2 25 C1 1,37.0
2 25 C1 2,52.0
2 25 C1 3,93.0
2 25 C1 4,61.0
2 25 C1 5,51.0
2 25 C1 6,49.0
2 25 C1 7,50.0
2 25 C1 8,67.0
2 25 C1 9,67.0
2 25 C1 10,54.0
2 25 C1 11,82.0
2 25 C1 12,58.0
2 25 C1 13,71.0
2 25 C1 14,40.0
2 25 C1 15,62.0
2 25 C1 16,83.0
2 25 C1 17,93.0
2 25 C1 18,48.0
2 25 C1 19,73.0
2 25 C1 20,66.0
2 25 C1 21,40.0
2 25 C1 22,91.0
2 25 C1 23,51.0
2 25 C1 24,41.0
2 25 C1 25,67.0
2 25 C1 26,89.0
2 25 C1 27,40.0
2 25 C1 28,42.0
2 25 C1 29,37.0
2 25 C1 30,61.0
2 25 C1 31,45.0
2 25 C1 32,39.0
2 25 C1 33,48.0
2 25 C1 34,42.0
2 25 C1 35,52.0
2 25 C1 36,71.0
2 25 C1 37,47.0
2 25 C1 38,52.0
2 25 C1 39,69.0
2 25 C1 40,52.0
2 25 C1 41,77.0
2 25 C1 42,38.0
2 25 C1 43,42.0
2 25 C1 44,69.0
2 25 C1 45,78.0
2 25 C1 46,73.0
2 25 C1 47,41.0
2 25 C1 48,65.0
2 25 C1 49,64.0
2 25 C1 50,64.0
2 25 C1 51,44.0
2 25 C1 52,93.0
2 25 C1 53,68.0
2 25 C1 54,76.0
2 25 C1 55,39.0
2 25 C1 56,68.0
2 25 C1 57,92.0
2 25 C1 58,31.0
2 25 C1 59,83.0
2 25 C1 60,54.0
2 26 C2 1,44.0
2 26 C2 2,68.0
2 26 C2 3,66.0
2 26 C2 4,62.0
2 26 C2 5,45.0
2 26 C2 6,20.0
2 26 C2 7,72.0
2 26 C2 8,69.0
2 26 C2 9,66.0
2 26 C2 10,57.0
2 26 C2 11,69.0
2 26 C2 12,81.0
2 26 C2 13,92.0
2 26 C2 14,63.0
2 26 C2 15,49.0
2 26 C2 16,49.0
2 26 C2 17,73.0
2 26 C2 18,55.0
2 26 C2 19,52.0
2 26 C2 20,75.0
2 26 C2 21,56.0
2 26 C2 22,91.0
2 26 C2 23,69.0
2 26 C2 24,67.0
2 26 C2 25,67.0
2 26 C2 26,37.0
2 26 C2 27,52.0
2 26 C2 28,73.0
2 26 C2 29,54.0
2 26 C2 30,77.0
2 26 C2 31,50.0
2 26 C2 32,60.0
2 26 C2 33,53.0
2 26 C2 34,69.0
2 26 C2 35,59.0
2 26 C2 36,64.0
2 26 C2 37,1.0
2 26 C2 38,54.0
2 26 C2 39,55.0
2 26 C2 40,59.0
2 26 C2 41,47.0
2 26 C2 42,47.0
2 26 C2 43,59.0
2 26 C2 44,77.0
2 26 C2 45,27.0
2 26 C2 46,94.0
2 26 C2 47,46.0
2 26 C2 48,59.0
2 26 C2 49,44.0
2 26 C2 50,33.0
2 26 C2 51,47.0
2 26 C2 52,56.0
2 26 C2 53,54.0
2 26 C2 54,22.0
2 26 C2 55,41.0
2 26 C2 56,44.0
2 26 C2 57,80.0
2 26 C2 58,38.0
2 26 C2 59,42.0
2 26 C2 60,49.0
2 27 C3 1,33.0
2 27 C3 2,30.0
2 27 C3 3,52.0
2 27 C3 4,73.0
2 27 C3 5,59.0
2 27 C3 6,43.0
2 27 C3 7,30.0
2 27 C3 8,80.0
2 27 C3 9,40.0
2 27 C3 10,37.0
2 27 C3 11,27.0
2 27 C3 12,35.0
2 27 C3 13,64.0
2 27 C3 14,25.0
2 27 C3 15,42.0
2 27 C3 16,44.0
2 27 C3 17,52.0
2 27 C3 18,52.0
2 27 C3 19,70.0
2 27 C3 20,60.0
2 27 C3 21,51.0
2 27 C3 22,71.0
2 27 C3 23,50.0
2 27 C3 24,2.0
2 27 C3 25,57.0
2 27 C3 26,2.0
2 27 C3 27,66.0
2 27 C3 28,43.0
2 27 C3 29,49.0
2 27 C3 30,37.0
2 27 C3 31,45.0
2 27 C3 32,65.0
2 27 C3 33,63.0
2 27 C3 34,37.0
2 27 C3 35,51.0
2 27 C3 36,66.0
2 27 C3 37,68.0
2 27 C3 38,43.0
2 27 C3 39,64.0
2 27 C3 40,67.0
2 27 C3 41,56.0
2 27 C3 42,62.0
2 27 C3 43,30.0
2 27 C3 44,59.0
2 27 C3 45,47.0
2 27 C3 46,41.0
2 27 C3 47,52.0
2 27 C3 48,30.0
2 27 C3 49,47.0
2 27 C3 50,67.0
2 27 C3 51,44.0
2 27 C3 52,64.0
2 27 C3 53,28.0
2 27 C3 54,46.0
2 27 C3 55,75.0
2 27 C3 56,41.0
2 27 C3 57,40.0
2 27 C3 58,63.0
2 27 C3 59,16.0
2 27 C3 60,30.0
2 28 C4 1,79.0
2 28 C4 2,70.0
2 28 C4 3,68.0
2 28 C4 4,84.0
2 28 C4 5,1.0
2 28 C4 6,81.0
2 28 C4 7,84.0
2 28 C4 8,63.0
2 28 C4 9,32.0
2 28 C4 10,60.0
2 28 C4 11,47.0
2 28 C4 12,89.0
2 28 C4 13,46.0
2 28 C4 14,48.0
2 28 C4 15,79.0
2 28 C4 16,89.0
2 28 C4 17,63.0
2 28 C4 18,57.0
2 28 C4 19,54.0
2 28 C4 20,70.0
2 28 C4 21,44.0
2 28 C4 22,79.0
2 28 C4 23,42.0
2 28 C4 24,13.0
2 28 C4 25,63.0
2 28 C4 26,nan
2 28 C4 27,74.0
2 28 C4 28,65.0
2 28 C4 29,52.0
2 28 C4 30,102.0
2 28 C4 31,56.0
2 28 C4 32,77.0
2 28 C4 33,88.0
2 28 C4 34,44.0
2 28 C4 35,66.0
2 28 C4 36,39.0
2 28 C4 37,92.0
2 28 C4 38,73.0
2 28 C4 39,75.0
2 28 C4 40,65.0
2 28 C4 41,69.0
2 28 C4 42,50.0
2 28 C4 43,65.0
2 28 C4 44,55.0
2 28 C4 45,43.0
2 28 C4 46,47.0
2 28 C4 47,32.0
2 28 C4 48,41.0
2 28 C4 49,61.0
2 28 C4 50,2.0
2 28 C4 51,69.0
2 28 C4 52,85.0
2 28 C4 53,72.0
2 28 C4 54,1.0
2 28 C4 55,72.0
2 28 C4 56,63.0
2 28 C4 57,35.0
2 28 C4 58,79.0
2 28 C4 59,51.0
2 28 C4 60,74.0
3 1 C5 1,83.0
3 1 C5 2,42.0
3 1 C5 3,53.0
3 1 C5 4,74.0
3 1 C5 5,85.0
3 1 C5 6,28.0
3 1 C5 7,79.0
3 1 C5 8,63.0
3 1 C5 9,94.0
3 1 C5 10,69.0
3 1 C5 11,48.0
3 1 C5 12,19.0
3 1 C5 13,73.0
3 1 C5 14,62.0
3 1 C5 15,2.0
3 1 C5 16,74.0
3 1 C5 17,64.0
3 1 C5 18,89.0
3 1 C5 19,85.0
3 1 C5 20,64.0
3 1 C5 21,87.0
3 1 C5 22,97.0
3 1 C5 23,54.0
3 1 C5 24,73.0
3 1 C5 25,51.0
3 1 C5 26,52.0
3 1 C5 27,72.0
3 1 C5 28,107.0
3 1 C5 29,43.0
3 1 C5 30,50.0
3 1 C5 31,72.0
3 1 C5 32,78.0
3 1 C5 33,88.0
3 1 C5 34,53.0
3 1 C5 35,71.0
3 1 C5 36,73.0
3 1 C5 37,58.0
3 1 C5 38,52.0
3 1 C5 39,59.0
3 1 C5 40,50.0
3 1 C5 41,43.0
3 1 C5 42,38.0
3 1 C5 43,62.0
3 1 C5 44,47.0
3 1 C5 45,59.0
3 1 C5 46,35.0
3 1 C5 47,0.0
3 1 C5 48,90.0
3 1 C5 49,56.0
3 1 C5 50,1.0
3 1 C5 51,84.0
3 1 C5 52,51.0
3 1 C5 53,41.0
3 1 C5 54,61.0
3 1 C5 55,28.0
3 1 C5 56,64.0
3 1 C5 57,nan
3 1 C5 58,69.0
3 1 C5 59,3.0
3 1 C5 60,63.0
2 25 D1 1,3.0
2 25 D1 2,1.0
2 25 D1 3,57.0
2 25 D1 4,68.0
2 25 D1 5,56.0
2 25 D1 6,59.0
2 25 D1 7,64.0
2 25 D1 8,69.0
2 25 D1 9,46.0
2 25 D1 10,78.0
2 25 D1 11,63.0
2 25 D1 12,1.0
2 25 D1 13,80.0
2 25 D1 14,2.0
2 25 D1 15,57.0
2 25 D1 16,69.0
2 25 D1 17,50.0
2 25 D1 18,57.0
2 25 D1 19,83.0
2 25 D1 20,53.0
2 25 D1 21,64.0
2 25 D1 22,6.0
2 25 D1 23,65.0
2 25 D1 24,42.0
2 25 D1 25,48.0
2 25 D1 26,65.0
2 25 D1 27,64.0
2 25 D1 28,52.0
2 25 D1 29,65.0
2 25 D1 30,50.0
2 25 D1 31,66.0
2 25 D1 32,87.0
2 25 D1 33,73.0
2 25 D1 34,102.0
2 25 D1 35,50.0
2 25 D1 36,1.0
2 25 D1 37,45.0
2 25 D1 38,77.0
2 25 D1 39,52.0
2 25 D1 40,93.0
2 25 D1 41,45.0
2 25 D1 42,32.0
2 25 D1 43,75.0
2 25 D1 44,46.0
2 25 D1 45,43.0
2 25 D1 46,62.0
2 25 D1 47,99.0
2 25 D1 48,73.0
2 25 D1 49,82.0
2 25 D1 50,54.0
2 25 D1 51,76.0
2 25 D1 52,73.0
2 25 D1 53,59.0
2 25 D1 54,77.0
2 25 D1 55,50.0
2 25 D1 56,43.0
2 25 D1 57,66.0
2 25 D1 58,63.0
2 25 D1 59,28.0
2 25 D1 60,47.0
2 26 D2 1,54.0
2 26 D2 2,77.0
2 26 D2 3,4.0
2 26 D2 4,95.0
2 26 D2 5,65.0
2 26 D2 6,56.0
2 26 D2 7,69.0
2 26 D2 8,67.0
2 26 D2 9,66.0
2 26 D2 10,2.0
2 26 D2 11,78.0
2 26 D2 12,78.0
2 26 D2 13,75.0
2 26 D2 14,nan
2 26 D2 15,25.0
2 26 D2 16,0.0
2 26 D2 17,66.0
2 26 D2 18,81.0
2 26 D2 19,89.0
2 26 D2 20,0.0
2 26 D2 21,61.0
2 26 D2 22,85.0
2 26 D2 23,62.0
2 26 D2 24,55.0
2 26 D2 25,45.0
2 26 D2 26,36.0
2 26 D2 27,92.0
2 26 D2 28,78.0
2 26 D2 29,23.0
2 26 D2 30,74.0
2 26 D2 31,51.0
2 26 D2 32,95.0
2 26 D2 33,76.0
2 26 D2 34,115.0
2 26 D2 35,57.0
2 26 D2 36,24.0
2 26 D2 37,67.0
2 26 D2 38,65.0
2 26 D2 39,91.0
2 26 D2 40,57.0
2 26 D2 41,81.0
2 26 D2 42,83.0
2 26 D2 43,89.0
2 26 D2 44,74.0
2 26 D2 45,55.0
2 26 D2 46,54.0
2 26 D2 47,85.0
2 26 D2 48,87.0
2 26 D2 49,88.0
2 26 D2 50,34.0
2 26 D2 51,61.0
2 26 D2 52,65.0
2 26 D2 53,82.0
2 26 D2 54,79.0
2 26 D2 55,64.0
2 26 D2 56,46.0
2 26 D2 57,58.0
2 26 D2 58,33.0
2 26 D2 59,57.0
2 26 D2 60,80.0
2 27 D3 1,58.0
2 27 D3 2,60.0
2 27 D3 3,33.0
2 27 D3 4,56.0
2 27 D3 5,58.0
2 27 D3 6,60.0
2 27 D3 7,99.0
2 27 D3 8,67.0
2 27 D3 9,31.0
2 27 D3 10,47.0
2 27 D3 11,55.0
2 27 D3 12,50.0
2 27 D3 13,46.0
2 27 D3 14,61.0
2 27 D3 15,73.0
2 27 D3 16,46.0
2 27 D3 17,43.0
2 27 D3 18,13.0
2 27 D3 19,27.0
2 27 D3 20,44.0
2 27 D3 21,46.0
2 27 D3 22,47.0
2 27 D3 23,62.0
2 27 D3 24,48.0
2 27 D3 25,55.0
2 27 D3 26,65.0
2 27 D3 27,78.0
2 27 D3 28,38.0
2 27 D3 29,43.0
2 27 D3 30,64.0
2 27 D3 31,54.0
2 27 D3 32,39.0
2 27 D3 33,62.0
2 27 D3 34,31.0
2 27 D3 35,18.0
2 27 D3 36,93.0
2 27 D3 37,41.0
2 27 D3 38,63.0
2 27 D3 39,52.0
2 27 D3 40,61.0
2 27 D3 41,68.0
2 27 D3 42,53.0
2 27 D3 43,42.0
2 27 D3 44,42.0
2 27 D3 45,62.0
2 27 D3 46,49.0
2 27 D3 47,55.0
2 27 D3 48,54.0
2 27 D3 49,59.0
2 27 D3 50,35.0
2 27 D3 51,59.0
2 27 D3 52,42.0
2 27 D3 53,59.0
2 27 D3 54,10.0
2 27 D3 55,67.0
2 27 D3 56,63.0
2 27 D3 57,1.0
2 27 D3 58,72.0
2 27 D3 59,50.0
2 27 D3 60,nan
2 28 D4 1,9.0
2 28 D4 2,67.0
2 28 D4 3,83.0
2 28 D4 4,51.0
2 28 D4 5,70.0
2 28 D4 6,50.0
2 28 D4 7,93.0
2 28 D4 8,66.0
2 28 D4 9,68.0
2 28 D4 10,104.0
2 28 D4 11,83.0
2 28 D4 12,87.0
2 28 D4 13,71.0
2 28 D4 14,98.0
2 28 D4 15,38.0
2 28 D4 16,92.0
2 28 D4 17,93.0
2 28 D4 18,74.0
2 28 D4 19,78.0
2 28 D4 20,80.0
2 28 D4 21,117.0
2 28 D4 22,61.0
2 28 D4 23,93.0
2 28 D4 24,83.0
2 28 D4 25,77.0
2 28 D4 26,46.0
2 28 D4 27,67.0
2 28 D4 28,83.0
2 28 D4 29,48.0
2 28 D4 30,68.0
2 28 D4 31,50.0
2 28 D4 32,73.0
2 28 D4 33,99.0
2 28 D4 34,67.0
2 28 D4 35,71.0
2 28 D4 36,80.0
2 28 D4 37,40.0
2 28 D4 38,81.0
2 28 D4 39,59.0
2 28 D4 40,71.0
2 28 D4 41,79.0
2 28 D4 42,84.0
2 28 D4 43,80.0
2 28 D4 44,72.0
2 28 D4 45,85.0
2 28 D4 46,61.0
2 28 D4 47,100.0
2 28 D4 48,59.0
2 28 D4 49,55.0
2 28 D4 50,61.0
2 28 D4 51,99.0
2 28 D4 52,63.0
2 28 D4 53,59.0
2 28 D4 54,79.0
2 28 D4 55,67.0
2 28 D4 56,50.0
2 28 D4 57,61.0
2 28 D4 58,10.0
2 28 D4 59,84.0
2 28 D4 60,84.0
3 1 D5 1,65.0
3 1 D5 2,45.0
3 1 D5 3,79.0
3 1 D5 4,101.0
3 1 D5 5,59.0
3 1 D5 6,68.0
3 1 D5 7,70.0
3 1 D5 8,73.0
3 1 D5 9,82.0
3 1 D5 10,75.0
3 1 D5 11,65.0
3 1 D5 12,37.0
3 1 D5 13,59.0
3 1 D5 14,86.0
3 1 D5 15,64.0
3 1 D5 16,30.0
3 1 D5 17,87.0
3 1 D5 18,70.0
3 1 D5 19,73.0
3 1 D5 20,53.0
3 1 D5 21,40.0
3 1 D5 22,88.0
3 1 D5 23,82.0
3 1 D5 24,53.0
3 1 D5 25,65.0
3 1 D5 26,49.0
3 1 D5 27,84.0
3 1 D5 28,84.0
3 1 D5 29,39.0
3 1 D5 30,70.0
3 1 D5 31,63.0
3 1 D5 32,74.0
3 1 D5 33,55.0
3 1 D5 34,49.0
3 1 D5 35,52.0
3 1 D5 36,58.0
3 1 D5 37,75.0
3 1 D5 38,50.0
3 1 D5 39,47.0
3 1 D5 40,55.0
3 1 D5 41,33.0
3 1 D5 42,69.0
3 1 D5 43,77.0
3 1 D5 44,66.0
3 1 D5 45,70.0
3 1 D5 46,34.0
3 1 D5 47,49.0
3 1 D5 48,78.0
3 1 D5 49,36.0
3 1 D5 50,59.0
3 1 D5 51,56.0
3 1 D5 52,71.0
3 1 D5 53,43.0
3 1 D5 54,0.0
3 1 D5 55,74.0
3 1 D5 56,70.0
3 1 D5 57,64.0
3 1 D5 58,61.0
3 1 D5 59,86.0
3 1 D5 60,67.0
2 26 C1 1,29.0
2 26 C1 2,51.0
2 26 C1 3,51.0
2 26 C1 4,43.0
2 26 C1 5,49.0
2 26 C1 6,48.0
2 26 C1 7,37.0
2 26 C1 8,64.0
2 26 C1 9,50.0
2 26 C1 10,57.0
2 26 C1 11,50.0
2 26 C1 12,46.0
2 26 C1 13,86.0
2 26 C1 14,35.0
2 26 C1 15,34.0
2 26 C1 16,60.0
2 26 C1 17,80.0
2 26 C1 18,40.0
2 26 C1 19,32.0
2 26 C1 20,27.0
2 26 C1 21,45.0
2 26 C1 22,61.0
2 26 C1 23,49.0
2 26 C1 24,67.0
2 26 C1 25,52.0
2 26 C1 26,49.0
2 26 C1 27,52.0
2 26 C1 28,65.0
2 26 C1 29,38.0
2 26 C1 30,25.0
2 26 C1 31,52.0
2 26 C1 32,48.0
2 26 C1 33,44.0
2 26 C1 34,60.0
2 26 C1 35,45.0
2 26 C1 36,46.0
2 26 C1 37,62.0
2 26 C1 38,66.0
2 26 C1 39,68.0
2 26 C1 40,42.0
2 26 C1 41,56.0
2 26 C1 42,46.0
2 26 C1 43,58.0
2 26 C1 44,64.0
2 26 C1 45,58.0
2 26 C1 46,62.0
2 26 C1 47,42.0
2 26 C1 48,45.0
2 26 C1 49,67.0
2 26 C1 50,50.0
2 26 C1 51,25.0
2 26 C1 52,62.0
2 26 C1 53,27.0
2 26 C1 54,52.0
2 26 C1 55,41.0
2 26 C1 56,55.0
2 26 C1 57,79.0
2 26 C1 58,17.0
2 26 C1 59,88.0
2 26 C1 60,33.0
2 27 C2 1,33.0
2 27 C2 2,64.0
2 27 C2 3,63.0
2 27 C2 4,40.0
2 27 C2 5,28.0
2 27 C2 6,49.0
2 27 C2 7,62.0
2 27 C2 8,60.0
2 27 C2 9,42.0
2 27 C2 10,46.0
2 27 C2 11,43.0
2 27 C2 12,82.0
2 27 C2 13,86.0
2 27 C2 14,44.0
2 27 C2 15,51.0
2 27 C2 16,39.0
2 27 C2 17,66.0
2 27 C2 18,51.0
2 27 C2 19,55.0
2 27 C2 20,55.0
2 27 C2 21,50.0
2 27 C2 22,75.0
2 27 C2 23,51.0
2 27 C2 24,43.0
2 27 C2 25,86.0
2 27 C2 26,28.0
2 27 C2 27,48.0
2 27 C2 28,48.0
2 27 C2 29,64.0
2 27 C2 30,87.0
2 27 C2 31,59.0
2 27 C2 32,53.0
2 27 C2 33,48.0
2 27 C2 34,43.0
2 27 C2 35,67.0
2 27 C2 36,42.0
2 27 C2 37,29.0
2 27 C2 38,31.0
2 27 C2 39,66.0
2 27 C2 40,73.0
2 27 C2 41,46.0
2 27 C2 42,46.0
2 27 C2 43,53.0
2 27 C2 44,44.0
2 27 C2 45,37.0
2 27 C2 46,46.0
2 27 C2 47,63.0
2 27 C2 48,52.0
2 27 C2 49,46.0
2 27 C2 50,44.0
2 27 C2 51,58.0
2 27 C2 52,43.0
2 27 C2 53,68.0
2 27 C2 54,29.0
2 27 C2 55,35.0
2 27 C2 56,40.0
2 27 C2 57,69.0
2 27 C2 58,46.0
2 27 C2 59,31.0
2 27 C2 60,53.0
2 28 C3 1,10.0
2 28 C3 2,45.0
2 28 C3 3,71.0
2 28 C3 4,60.0
2 28 C3 5,79.0
2 28 C3 6,62.0
2 28 C3 7,53.0
2 28 C3 8,75.0
2 28 C3 9,57.0
2 28 C3 10,60.0
2 28 C3 11,59.0
2 28 C3 12,12.0
2 28 C3 13,70.0
2 28 C3 14,32.0
2 28 C3 15,57.0
2 28 C3 16,41.0
2 28 C3 17,76.0
2 28 C3 18,59.0
2 28 C3 19,65.0
2 28 C3 20,95.0
2 28 C3 21,75.0
2 28 C3 22,66.0
2 28 C3 23,56.0
2 28 C3 24,0.0
2 28 C3 25,48.0
2 28 C3 26,1.0
2 28 C3 27,50.0
2 28 C3 28,52.0
2 28 C3 29,65.0
2 28 C3 30,54.0
2 28 C3 31,76.0
2 28 C3 32,50.0
2 28 C3 33,66.0
2 28 C3 34,18.0
2 28 C3 35,24.0
2 28 C3 36,91.0
2 28 C3 37,59.0
2 28 C3 38,51.0
2 28 C3 39,39.0
2 28 C3 40,44.0
2 28 C3 41,59.0
2 28 C3 42,45.0
2 28 C3 43,66.0
2 28 C3 44,76.0
2 28 C3 45,81.0
2 28 C3 46,16.0
2 28 C3 47,30.0
2 28 C3 48,21.0
2 28 C3 49,50.0
2 28 C3 50,73.0
2 28 C3 51,54.0
2 28 C3 52,83.0
2 28 C3 53,27.0
2 28 C3 54,41.0
2 28 C3 55,29.0
2 28 C3 56,50.0
2 28 C3 57,34.0
2 28 C3 58,63.0
2 28 C3 59,31.0
2 28 C3 60,53.0
3 1 C4 1,72.0
3 1 C4 2,39.0
3 1 C4 3,54.0
3 1 C4 4,56.0
3 1 C4 5,1.0
3 1 C4 6,61.0
3 1 C4 7,74.0
3 1 C4 8,93.0
3 1 C4 9,15.0
3 1 C4 10,74.0
3 1 C4 11,49.0
3 1 C4 12,64.0
3 1 C4 13,54.0
3 1 C4 14,59.0
3 1 C4 15,65.0
3 1 C4 16,83.0
3 1 C4 17,76.0
3 1 C4 18,68.0
3 1 C4 19,62.0
3 1 C4 20,83.0
3 1 C4 21,65.0
3 1 C4 22,77.0
3 1 C4 23,34.0
3 1 C4 24,23.0
3 1 C4 25,43.0
3 1 C4 26,nan
3 1 C4 27,57.0
3 1 C4 28,59.0
3 1 C4 29,50.0
3 1 C4 30,71.0
3 1 C4 31,52.0
3 1 C4 32,60.0
3 1 C4 33,76.0
3 1 C4 34,50.0
3 1 C4 35,64.0
3 1 C4 36,46.0
3 1 C4 37,78.0
3 1 C4 38,64.0
3 1 C4 39,74.0
3 1 C4 40,59.0
3 1 C4 41,75.0
3 1 C4 42,45.0
3 1 C4 43,56.0
3 1 C4 44,80.0
3 1 C4 45,60.0
3 1 C4 46,42.0
3 1 C4 47,3.0
3 1 C4 48,58.0
3 1 C4 49,73.0
3 1 C4 50,nan
3 1 C4 51,75.0
3 1 C4 52,95.0
3 1 C4 53,70.0
3 1 C4 54,1.0
3 1 C4 55,73.0
3 1 C4 56,79.0
3 1 C4 57,60.0
3 1 C4 58,69.0
3 1 C4 59,3.0
3 1 C4 60,101.0
3 2 C5 1,91.0
3 2 C5 2,19.0
3 2 C5 3,30.0
3 2 C5 4,57.0
3 2 C5 5,88.0
3 2 C5 6,16.0
3 2 C5 7,55.0
3 2 C5 8,63.0
3 2 C5 9,79.0
3 2 C5 10,47.0
3 2 C5 11,38.0
3 2 C5 12,39.0
3 2 C5 13,69.0
3 2 C5 14,70.0
3 2 C5 15,1.0
3 2 C5 16,38.0
3 2 C5 17,60.0
3 2 C5 18,72.0
3 2 C5 19,82.0
3 2 C5 20,48.0
3 2 C5 21,35.0
3 2 C5 22,90.0
3 2 C5 23,54.0
3 2 C5 24,66.0
3 2 C5 25,43.0
3 2 C5 26,31.0
3 2 C5 27,61.0
3 2 C5 28,94.0
3 2 C5 29,17.0
3 2 C5 30,29.0
3 2 C5 31,54.0
3 2 C5 32,83.0
3 2 C5 33,78.0
3 2 C5 34,49.0
3 2 C5 35,78.0
3 2 C5 36,48.0
3 2 C5 37,66.0
3 2 C5 38,0.0
3 2 C5 39,45.0
3 2 C5 40,76.0
3 2 C5 41,37.0
3 2 C5 42,37.0
3 2 C5 43,53.0
3 2 C5 44,41.0
3 2 C5 45,51.0
3 2 C5 46,51.0
3 2 C5 47,1.0
3 2 C5 48,72.0
3 2 C5 49,49.0
3 2 C5 50,1.0
3 2 C5 51,82.0
3 2 C5 52,58.0
3 2 C5 53,38.0
3 2 C5 54,46.0
3 2 C5 55,1.0
3 2 C5 56,57.0
3 2 C5 57,nan
3 2 C5 58,56.0
3 2 C5 59,2.0
3 2 C5 60,54.0
2 26 D1 1,nan
2 26 D1 2,nan
2 26 D1 3,55.0
2 26 D1 4,37.0
2 26 D1 5,52.0
2 26 D1 6,44.0
2 26 D1 7,29.0
2 26 D1 8,51.0
2 26 D1 9,25.0
2 26 D1 10,86.0
2 26 D1 11,85.0
2 26 D1 12,1.0
2 26 D1 13,74.0
2 26 D1 14,nan
2 26 D1 15,59.0
2 26 D1 16,73.0
2 26 D1 17,47.0
2 26 D1 18,34.0
2 26 D1 19,80.0
2 26 D1 20,57.0
2 26 D1 21,55.0
2 26 D1 22,nan
2 26 D1 23,60.0
2 26 D1 24,53.0
2 26 D1 25,56.0
2 26 D1 26,68.0
2 26 D1 27,50.0
2 26 D1 28,63.0
2 26 D1 29,74.0
2 26 D1 30,41.0
2 26 D1 31,87.0
2 26 D1 32,84.0
2 26 D1 33,83.0
2 26 D1 34,82.0
2 26 D1 35,58.0
2 26 D1 36,6.0
2 26 D1 37,43.0
2 26 D1 38,88.0
2 26 D1 39,79.0
2 26 D1 40,0.0
2 26 D1 41,63.0
2 26 D1 42,58.0
2 26 D1 43,63.0
2 26 D1 44,48.0
2 26 D1 45,0.0
2 26 D1 46,45.0
2 26 D1 47,111.0
2 26 D1 48,0.0
2 26 D1 49,87.0
2 26 D1 50,92.0
2 26 D1 51,1.0
2 26 D1 52,2.0
2 26 D1 53,65.0
2 26 D1 54,91.0
2 26 D1 55,52.0
2 26 D1 56,45.0
2 26 D1 57,58.0
2 26 D1 58,62.0
2 26 D1 59,49.0
2 26 D1 60,40.0
2 27 D2 1,42.0
2 27 D2 2,74.0
2 27 D2 3,nan
2 27 D2 4,101.0
2 27 D2 5,81.0
2 27 D2 6,58.0
2 27 D2 7,69.0
2 27 D2 8,52.0
2 27 D2 9,66.0
2 27 D2 10,nan
2 27 D2 11,81.0
2 27 D2 12,79.0
2 27 D2 13,75.0
2 27 D2 14,nan
2 27 D2 15,20.0
2 27 D2 16,nan
2 27 D2 17,65.0
2 27 D2 18,55.0
2 27 D2 19,68.0
2 27 D2 20,nan
2 27 D2 21,51.0
2 27 D2 22,50.0
2 27 D2 23,54.0
2 27 D2 24,69.0
2 27 D2 25,47.0
2 27 D2 26,51.0
2 27 D2 27,58.0
2 27 D2 28,69.0
2 27 D2 29,44.0
2 27 D2 30,63.0
2 27 D2 31,61.0
2 27 D2 32,67.0
2 27 D2 33,61.0
2 27 D2 34,60.0
2 27 D2 35,60.0
2 27 D2 36,34.0
2 27 D2 37,45.0
2 27 D2 38,57.0
2 27 D2 39,76.0
2 27 D2 40,66.0
2 27 D2 41,65.0
2 27 D2 42,72.0
2 27 D2 43,76.0
2 27 D2 44,79.0
2 27 D2 45,53.0
2 27 D2 46,65.0
2 27 D2 47,69.0
2 27 D2 48,75.0
2 27 D2 49,87.0
2 27 D2 50,41.0
2 27 D2 51,42.0
2 27 D2 52,55.0
2 27 D2 53,60.0
2 27 D2 54,82.0
2 27 D2 55,67.0
2 27 D2 56,47.0
2 27 D2 57,30.0
2 27 D2 58,40.0
2 27 D2 59,39.0
2 27 D2 60,77.0
2 28 D3 1,81.0
2 28 D3 2,89.0
2 28 D3 3,53.0
2 28 D3 4,92.0
2 28 D3 5,72.0
2 28 D3 6,84.0
2 28 D3 7,80.0
2 28 D3 8,86.0
2 28 D3 9,77.0
2 28 D3 10,57.0
2 28 D3 11,78.0
2 28 D3 12,58.0
2 28 D3 13,71.0
2 28 D3 14,87.0
2 28 D3 15,90.0
2 28 D3 16,63.0
2 28 D3 17,58.0
2 28 D3 18,15.0
2 28 D3 19,66.0
2 28 D3 20,59.0
2 28 D3 21,63.0
2 28 D3 22,64.0
2 28 D3 23,62.0
2 28 D3 24,63.0
2 28 D3 25,71.0
2 28 D3 26,77.0
2 28 D3 27,65.0
2 28 D3 28,51.0
2 28 D3 29,46.0
2 28 D3 30,81.0
2 28 D3 31,76.0
2 28 D3 32,57.0
2 28 D3 33,48.0
2 28 D3 34,46.0
2 28 D3 35,83.0
2 28 D3 36,91.0
2 28 D3 37,73.0
2 28 D3 38,68.0
2 28 D3 39,71.0
2 28 D3 40,63.0
2 28 D3 41,62.0
2 28 D3 42,57.0
2 28 D3 43,39.0
2 28 D3 44,74.0
2 28 D3 45,73.0
2 28 D3 46,69.0
2 28 D3 47,68.0
2 28 D3 48,34.0
2 28 D3 49,33.0
2 28 D3 50,49.0
2 28 D3 51,82.0
2 28 D3 52,52.0
2 28 D3 53,64.0
2 28 D3 54,18.0
2 28 D3 55,53.0
2 28 D3 56,77.0
2 28 D3 57,1.0
2 28 D3 58,69.0
2 28 D3 59,49.0
2 28 D3 60,nan
3 1 D4 1,25.0
3 1 D4 2,46.0
3 1 D4 3,69.0
3 1 D4 4,50.0
3 1 D4 5,48.0
3 1 D4 6,42.0
3 1 D4 7,68.0
3 1 D4 8,79.0
3 1 D4 9,42.0
3 1 D4 10,86.0
3 1 D4 11,77.0
3 1 D4 12,76.0
3 1 D4 13,47.0
3 1 D4 14,76.0
3 1 D4 15,46.0
3 1 D4 16,85.0
3 1 D4 17,74.0
3 1 D4 18,71.0
3 1 D4 19,75.0
3 1 D4 20,69.0
3 1 D4 21,92.0
3 1 D4 22,72.0
3 1 D4 23,69.0
3 1 D4 24,59.0
3 1 D4 25,57.0
3 1 D4 26,62.0
3 1 D4 27,56.0
3 1 D4 28,81.0
3 1 D4 29,60.0
3 1 D4 30,72.0
3 1 D4 31,46.0
3 1 D4 32,67.0
3 1 D4 33,87.0
3 1 D4 34,58.0
3 1 D4 35,57.0
3 1 D4 36,43.0
3 1 D4 37,44.0
3 1 D4 38,60.0
3 1 D4 39,60.0
3 1 D4 40,73.0
3 1 D4 41,67.0
3 1 D4 42,70.0
3 1 D4 43,56.0
3 1 D4 44,58.0
3 1 D4 45,71.0
3 1 D4 46,60.0
3 1 D4 47,60.0
3 1 D4 48,53.0
3 1 D4 49,70.0
3 1 D4 50,77.0
3 1 D4 51,76.0
3 1 D4 52,78.0
3 1 D4 53,58.0
3 1 D4 54,39.0
3 1 D4 55,54.0
3 1 D4 56,71.0
3 1 D4 57,63.0
3 1 D4 58,27.0
3 1 D4 59,40.0
3 1 D4 60,95.0
3 2 D5 1,71.0
3 2 D5 2,50.0
3 2 D5 3,0.0
3 2 D5 4,92.0
3 2 D5 5,33.0
3 2 D5 6,64.0
3 2 D5 7,72.0
3 2 D5 8,83.0
3 2 D5 9,67.0
3 2 D5 10,58.0
3 2 D5 11,76.0
3 2 D5 12,19.0
3 2 D5 13,66.0
3 2 D5 14,66.0
3 2 D5 15,68.0
3 2 D5 16,43.0
3 2 D5 17,99.0
3 2 D5 18,0.0
3 2 D5 19,52.0
3 2 D5 20,52.0
3 2 D5 21,76.0
3 2 D5 22,67.0
3 2 D5 23,89.0
3 2 D5 24,56.0
3 2 D5 25,2.0
3 2 D5 26,33.0
3 2 D5 27,77.0
3 2 D5 28,72.0
3 2 D5 29,57.0
3 2 D5 30,71.0
3 2 D5 31,48.0
3 2 D5 32,65.0
3 2 D5 33,65.0
3 2 D5 34,63.0
3 2 D5 35,99.0
3 2 D5 36,50.0
3 2 D5 37,90.0
3 2 D5 38,80.0
3 2 D5 39,56.0
3 2 D5 40,72.0
3 2 D5 41,53.0
3 2 D5 42,94.0
3 2 D5 43,88.0
3 2 D5 44,79.0
3 2 D5 45,65.0
3 2 D5 46,46.0
3 2 D5 47,59.0
3 2 D5 48,94.0
3 2 D5 49,64.0
3 2 D5 50,79.0
3 2 D5 51,65.0
3 2 D5 52,68.0
3 2 D5 53,41.0
3 2 D5 54,61.0
3 2 D5 55,55.0
3 2 D5 56,31.0
3 2 D5 57,65.0
3 2 D5 58,71.0
3 2 D5 59,87.0
3 2 D5 60,92.0
2 27 C1 1,29.0
2 27 C1 2,90.0
2 27 C1 3,68.0
2 27 C1 4,50.0
2 27 C1 5,42.0
2 27 C1 6,56.0
2 27 C1 7,35.0
2 27 C1 8,53.0
2 27 C1 9,42.0
2 27 C1 10,25.0
2 27 C1 11,39.0
2 27 C1 12,52.0
2 27 C1 13,72.0
2 27 C1 14,53.0
2 27 C1 15,58.0
2 27 C1 16,58.0
2 27 C1 17,76.0
2 27 C1 18,43.0
2 27 C1 19,71.0
2 27 C1 20,45.0
2 27 C1 21,35.0
2 27 C1 22,49.0
2 27 C1 23,43.0
2 27 C1 24,36.0
2 27 C1 25,50.0
2 27 C1 26,48.0
2 27 C1 27,48.0
2 27 C1 28,47.0
2 27 C1 29,25.0
2 27 C1 30,51.0
2 27 C1 31,69.0
2 27 C1 32,48.0
2 27 C1 33,35.0
2 27 C1 34,43.0
2 27 C1 35,51.0
2 27 C1 36,68.0
2 27 C1 37,45.0
2 27 C1 38,46.0
2 27 C1 39,63.0
2 27 C1 40,62.0
2 27 C1 41,74.0
2 27 C1 42,32.0
2 27 C1 43,50.0
2 27 C1 44,59.0
2 27 C1 45,61.0
2 27 C1 46,49.0
2 27 C1 47,50.0
2 27 C1 48,60.0
2 27 C1 49,50.0
2 27 C1 50,44.0
2 27 C1 51,39.0
2 27 C1 52,64.0
2 27 C1 53,34.0
2 27 C1 54,54.0
2 27 C1 55,34.0
2 27 C1 56,44.0
2 27 C1 57,102.0
2 27 C1 58,35.0
2 27 C1 59,93.0
2 27 C1 60,43.0
2 28 C2 1,75.0
2 28 C2 2,39.0
2 28 C2 3,96.0
2 28 C2 4,63.0
2 28 C2 5,53.0
2 28 C2 6,32.0
2 28 C2 7,70.0
2 28 C2 8,54.0
2 28 C2 9,66.0
2 28 C2 10,52.0
2 28 C2 11,87.0
2 28 C2 12,107.0
2 28 C2 13,39.0
2 28 C2 14,102.0
2 28 C2 15,62.0
2 28 C2 16,38.0
2 28 C2 17,67.0
2 28 C2 18,68.0
2 28 C2 19,62.0
2 28 C2 20,33.0
2 28 C2 21,55.0
2 28 C2 22,78.0
2 28 C2 23,90.0
2 28 C2 24,59.0
2 28 C2 25,65.0
2 28 C2 26,10.0
2 28 C2 27,60.0
2 28 C2 28,88.0
2 28 C2 29,69.0
2 28 C2 30,78.0
2 28 C2 31,64.0
2 28 C2 32,82.0
2 28 C2 33,52.0
2 28 C2 34,76.0
2 28 C2 35,82.0
2 28 C2 36,55.0
2 28 C2 37,1.0
2 28 C2 38,37.0
2 28 C2 39,55.0
2 28 C2 40,79.0
2 28 C2 41,62.0
2 28 C2 42,47.0
2 28 C2 43,64.0
2 28 C2 44,60.0
2 28 C2 45,36.0
2 28 C2 46,82.0
2 28 C2 47,71.0
2 28 C2 48,41.0
2 28 C2 49,42.0
2 28 C2 50,0.0
2 28 C2 51,58.0
2 28 C2 52,55.0
2 28 C2 53,53.0
2 28 C2 54,25.0
2 28 C2 55,63.0
2 28 C2 56,39.0
2 28 C2 57,96.0
2 28 C2 58,49.0
2 28 C2 59,55.0
2 28 C2 60,30.0
3 1 C3 1,3.0
3 1 C3 2,43.0
3 1 C3 3,89.0
3 1 C3 4,73.0
3 1 C3 5,57.0
3 1 C3 6,72.0
3 1 C3 7,52.0
3 1 C3 8,59.0
3 1 C3 9,52.0
3 1 C3 10,70.0
3 1 C3 11,66.0
3 1 C3 12,0.0
3 1 C3 13,67.0
3 1 C3 14,38.0
3 1 C3 15,74.0
3 1 C3 16,42.0
3 1 C3 17,62.0
3 1 C3 18,47.0
3 1 C3 19,90.0
3 1 C3 20,95.0
3 1 C3 21,67.0
3 1 C3 22,40.0
3 1 C3 23,69.0
3 1 C3 24,0.0
3 1 C3 25,56.0
3 1 C3 26,nan
3 1 C3 27,83.0
3 1 C3 28,65.0
3 1 C3 29,60.0
3 1 C3 30,69.0
3 1 C3 31,5.0
3 1 C3 32,71.0
3 1 C3 33,9.0
3 1 C3 34,7.0
3 1 C3 35,42.0
3 1 C3 36,80.0
3 1 C3 37,64.0
3 1 C3 38,45.0
3 1 C3 39,68.0
3 1 C3 40,58.0
3 1 C3 41,50.0
3 1 C3 42,59.0
3 1 C3 43,45.0
3 1 C3 44,59.0
3 1 C3 45,56.0
3 1 C3 46,37.0
3 1 C3 47,77.0
3 1 C3 48,61.0
3 1 C3 49,44.0
3 1 C3 50,63.0
3 1 C3 51,52.0
3 1 C3 52,78.0
3 1 C3 53,47.0
3 1 C3 54,66.0
3 1 C3 55,58.0
3 1 C3 56,53.0
3 1 C3 57,41.0
3 1 C3 58,65.0
3 1 C3 59,0.0
3 1 C3 60,45.0
3 2 C4 1,67.0
3 2 C4 2,30.0
3 2 C4 3,86.0
3 2 C4 4,43.0
3 2 C4 5,0.0
3 2 C4 6,45.0
3 2 C4 7,79.0
3 2 C4 8,94.0
3 2 C4 9,20.0
3 2 C4 10,65.0
3 2 C4 11,41.0
3 2 C4 12,38.0
3 2 C4 13,33.0
3 2 C4 14,51.0
3 2 C4 15,71.0
3 2 C4 16,63.0
3 2 C4 17,71.0
3 2 C4 18,67.0
3 2 C4 19,60.0
3 2 C4 20,59.0
3 2 C4 21,51.0
3 2 C4 22,73.0
3 2 C4 23,40.0
3 2 C4 24,27.0
3 2 C4 25,53.0
3 2 C4 26,nan
3 2 C4 27,67.0
3 2 C4 28,64.0
3 2 C4 29,39.0
3 2 C4 30,66.0
3 2 C4 31,52.0
3 2 C4 32,46.0
3 2 C4 33,93.0
3 2 C4 34,31.0
3 2 C4 35,75.0
3 2 C4 36,22.0
3 2 C4 37,465.0
3 2 C4 38,73.0
3 2 C4 39,67.0
3 2 C4 40,81.0
3 2 C4 41,84.0
3 2 C4 42,63.0
3 2 C4 43,48.0
3 2 C4 44,79.0
3 2 C4 45,59.0
3 2 C4 46,56.0
3 2 C4 47,0.0
3 2 C4 48,72.0
3 2 C4 49,63.0
3 2 C4 50,nan
3 2 C4 51,59.0
3 2 C4 52,96.0
3 2 C4 53,40.0
3 2 C4 54,0.0
3 2 C4 55,76.0
3 2 C4 56,51.0
3 2 C4 57,51.0
3 2 C4 58,76.0
3 2 C4 59,nan
3 2 C4 60,60.0
3 3 C5 1,64.0
3 3 C5 2,14.0
3 3 C5 3,36.0
3 3 C5 4,71.0
3 3 C5 5,82.0
3 3 C5 6,13.0
3 3 C5 7,71.0
3 3 C5 8,69.0
3 3 C5 9,81.0
3 3 C5 10,42.0
3 3 C5 11,77.0
3 3 C5 12,22.0
3 3 C5 13,82.0
3 3 C5 14,54.0
3 3 C5 15,0.0
3 3 C5 16,78.0
3 3 C5 17,78.0
3 3 C5 18,88.0
3 3 C5 19,72.0
3 3 C5 20,35.0
3 3 C5 21,43.0
3 3 C5 22,103.0
3 3 C5 23,50.0
3 3 C5 24,87.0
3 3 C5 25,47.0
3 3 C5 26,39.0
3 3 C5 27,60.0
3 3 C5 28,79.0
3 3 C5 29,53.0
3 3 C5 30,33.0
3 3 C5 31,70.0
3 3 C5 32,88.0
3 3 C5 33,66.0
3 3 C5 34,55.0
3 3 C5 35,75.0
3 3 C5 36,94.0
3 3 C5 37,61.0
3 3 C5 38,0.0
3 3 C5 39,65.0
3 3 C5 40,74.0
3 3 C5 41,84.0
3 3 C5 42,35.0
3 3 C5 43,49.0
3 3 C5 44,39.0
3 3 C5 45,53.0
3 3 C5 46,37.0
3 3 C5 47,0.0
3 3 C5 48,90.0
3 3 C5 49,43.0
3 3 C5 50,nan
3 3 C5 51,89.0
3 3 C5 52,45.0
3 3 C5 53,39.0
3 3 C5 54,55.0
3 3 C5 55,9.0
3 3 C5 56,69.0
3 3 C5 57,nan
3 3 C5 58,53.0
3 3 C5 59,1.0
3 3 C5 60,55.0
2 27 D1 1,nan
2 27 D1 2,nan
2 27 D1 3,62.0
2 27 D1 4,85.0
2 27 D1 5,62.0
2 27 D1 6,87.0
2 27 D1 7,70.0
2 27 D1 8,48.0
2 27 D1 9,61.0
2 27 D1 10,94.0
2 27 D1 11,98.0
2 27 D1 12,0.0
2 27 D1 13,64.0
2 27 D1 14,nan
2 27 D1 15,0.0
2 27 D1 16,79.0
2 27 D1 17,80.0
2 27 D1 18,55.0
2 27 D1 19,75.0
2 27 D1 20,54.0
2 27 D1 21,64.0
2 27 D1 22,nan
2 27 D1 23,74.0
2 27 D1 24,55.0
2 27 D1 25,0.0
2 27 D1 26,54.0
2 27 D1 27,60.0
2 27 D1 28,77.0
2 27 D1 29,74.0
2 27 D1 30,64.0
2 27 D1 31,90.0
2 27 D1 32,96.0
2 27 D1 33,89.0
2 27 D1 34,88.0
2 27 D1 35,70.0
2 27 D1 36,nan
2 27 D1 37,69.0
2 27 D1 38,106.0
2 27 D1 39,73.0
2 27 D1 40,nan
2 27 D1 41,86.0
2 27 D1 42,73.0
2 27 D1 43,92.0
2 27 D1 44,67.0
2 27 D1 45,nan
2 27 D1 46,63.0
2 27 D1 47,109.0
2 27 D1 48,nan
2 27 D1 49,94.0
2 27 D1 50,91.0
2 27 D1 51,nan
2 27 D1 52,nan
2 27 D1 53,52.0
2 27 D1 54,82.0
2 27 D1 55,78.0
2 27 D1 56,51.0
2 27 D1 57,4.0
2 27 D1 58,65.0
2 27 D1 59,33.0
2 27 D1 60,53.0
2 28 D2 1,76.0
2 28 D2 2,85.0
2 28 D2 3,nan
2 28 D2 4,79.0
2 28 D2 5,63.0
2 28 D2 6,59.0
2 28 D2 7,65.0
2 28 D2 8,79.0
2 28 D2 9,63.0
2 28 D2 10,nan
2 28 D2 11,93.0
2 28 D2 12,98.0
2 28 D2 13,74.0
2 28 D2 14,nan
2 28 D2 15,14.0
2 28 D2 16,nan
2 28 D2 17,51.0
2 28 D2 18,72.0
2 28 D2 19,85.0
2 28 D2 20,nan
2 28 D2 21,63.0
2 28 D2 22,72.0
2 28 D2 23,65.0
2 28 D2 24,59.0
2 28 D2 25,67.0
2 28 D2 26,53.0
2 28 D2 27,58.0
2 28 D2 28,82.0
2 28 D2 29,71.0
2 28 D2 30,54.0
2 28 D2 31,61.0
2 28 D2 32,12.0
2 28 D2 33,73.0
2 28 D2 34,99.0
2 28 D2 35,54.0
2 28 D2 36,57.0
2 28 D2 37,47.0
2 28 D2 38,60.0
2 28 D2 39,91.0
2 28 D2 40,59.0
2 28 D2 41,65.0
2 28 D2 42,78.0
2 28 D2 43,75.0
2 28 D2 44,68.0
2 28 D2 45,46.0
2 28 D2 46,71.0
2 28 D2 47,70.0
2 28 D2 48,88.0
2 28 D2 49,85.0
2 28 D2 50,69.0
2 28 D2 51,53.0
2 28 D2 52,48.0
2 28 D2 53,69.0
2 28 D2 54,65.0
2 28 D2 55,55.0
2 28 D2 56,15.0
2 28 D2 57,50.0
2 28 D2 58,46.0
2 28 D2 59,73.0
2 28 D2 60,67.0
3 1 D3 1,63.0
3 1 D3 2,73.0
3 1 D3 3,51.0
3 1 D3 4,72.0
3 1 D3 5,61.0
3 1 D3 6,70.0
3 1 D3 7,88.0
3 1 D3 8,0.0
3 1 D3 9,46.0
3 1 D3 10,62.0
3 1 D3 11,1.0
3 1 D3 12,59.0
3 1 D3 13,61.0
3 1 D3 14,76.0
3 1 D3 15,1.0
3 1 D3 16,44.0
3 1 D3 17,40.0
3 1 D3 18,15.0
3 1 D3 19,45.0
3 1 D3 20,50.0
3 1 D3 21,47.0
3 1 D3 22,35.0
3 1 D3 23,67.0
3 1 D3 24,41.0
3 1 D3 25,69.0
3 1 D3 26,83.0
3 1 D3 27,65.0
3 1 D3 28,51.0
3 1 D3 29,51.0
3 1 D3 30,61.0
3 1 D3 31,51.0
3 1 D3 32,60.0
3 1 D3 33,63.0
3 1 D3 34,49.0
3 1 D3 35,69.0
3 1 D3 36,71.0
3 1 D3 37,52.0
3 1 D3 38,65.0
3 1 D3 39,54.0
3 1 D3 40,66.0
3 1 D3 41,60.0
3 1 D3 42,48.0
3 1 D3 43,45.0
3 1 D3 44,46.0
3 1 D3 45,68.0
3 1 D3 46,53.0
3 1 D3 47,65.0
3 1 D3 48,59.0
3 1 D3 49,22.0
3 1 D3 50,69.0
3 1 D3 51,62.0
3 1 D3 52,29.0
3 1 D3 53,67.0
3 1 D3 54,35.0
3 1 D3 55,56.0
3 1 D3 56,53.0
3 1 D3 57,1.0
3 1 D3 58,61.0
3 1 D3 59,40.0
3 1 D3 60,nan
3 2 D4 1,1.0
3 2 D4 2,42.0
3 2 D4 3,49.0
3 2 D4 4,77.0
3 2 D4 5,54.0
3 2 D4 6,46.0
3 2 D4 7,66.0
3 2 D4 8,64.0
3 2 D4 9,80.0
3 2 D4 10,84.0
3 2 D4 11,59.0
3 2 D4 12,77.0
3 2 D4 13,48.0
3 2 D4 14,67.0
3 2 D4 15,43.0
3 2 D4 16,67.0
3 2 D4 17,91.0
3 2 D4 18,60.0
3 2 D4 19,59.0
3 2 D4 20,51.0
3 2 D4 21,96.0
3 2 D4 22,75.0
3 2 D4 23,83.0
3 2 D4 24,102.0
3 2 D4 25,41.0
3 2 D4 26,72.0
3 2 D4 27,19.0
3 2 D4 28,68.0
3 2 D4 29,39.0
3 2 D4 30,40.0
3 2 D4 31,48.0
3 2 D4 32,55.0
3 2 D4 33,93.0
3 2 D4 34,54.0
3 2 D4 35,42.0
3 2 D4 36,72.0
3 2 D4 37,38.0
3 2 D4 38,81.0
3 2 D4 39,64.0
3 2 D4 40,67.0
3 2 D4 41,82.0
3 2 D4 42,84.0
3 2 D4 43,76.0
3 2 D4 44,61.0
3 2 D4 45,48.0
3 2 D4 46,91.0
3 2 D4 47,104.0
3 2 D4 48,73.0
3 2 D4 49,45.0
3 2 D4 50,54.0
3 2 D4 51,92.0
3 2 D4 52,39.0
3 2 D4 53,1.0
3 2 D4 54,39.0
3 2 D4 55,48.0
3 2 D4 56,76.0
3 2 D4 57,68.0
3 2 D4 58,1.0
3 2 D4 59,69.0
3 2 D4 60,86.0
3 3 D5 1,42.0
3 3 D5 2,48.0
3 3 D5 3,nan
3 3 D5 4,89.0
3 3 D5 5,47.0
3 3 D5 6,76.0
3 3 D5 7,66.0
3 3 D5 8,76.0
3 3 D5 9,64.0
3 3 D5 10,68.0
3 3 D5 11,63.0
3 3 D5 12,3.0
3 3 D5 13,44.0
3 3 D5 14,60.0
3 3 D5 15,39.0
3 3 D5 16,30.0
3 3 D5 17,85.0
3 3 D5 18,0.0
3 3 D5 19,41.0
3 3 D5 20,44.0
3 3 D5 21,45.0
3 3 D5 22,79.0
3 3 D5 23,47.0
3 3 D5 24,36.0
3 3 D5 25,nan
3 3 D5 26,35.0
3 3 D5 27,78.0
3 3 D5 28,45.0
3 3 D5 29,24.0
3 3 D5 30,45.0
3 3 D5 31,51.0
3 3 D5 32,73.0
3 3 D5 33,70.0
3 3 D5 34,48.0
3 3 D5 35,35.0
3 3 D5 36,24.0
3 3 D5 37,62.0
3 3 D5 38,46.0
3 3 D5 39,48.0
3 3 D5 40,49.0
3 3 D5 41,24.0
3 3 D5 42,62.0
3 3 D5 43,46.0
3 3 D5 44,51.0
3 3 D5 45,58.0
3 3 D5 46,38.0
3 3 D5 47,54.0
3 3 D5 48,65.0
3 3 D5 49,44.0
3 3 D5 50,64.0
3 3 D5 51,65.0
3 3 D5 52,35.0
3 3 D5 53,47.0
3 3 D5 54,44.0
3 3 D5 55,50.0
3 3 D5 56,36.0
3 3 D5 57,68.0
3 3 D5 58,55.0
3 3 D5 59,64.0
3 3 D5 60,47.0
2 28 C1 1,45.0
2 28 C1 2,47.0
2 28 C1 3,58.0
2 28 C1 4,44.0
2 28 C1 5,52.0
2 28 C1 6,57.0
2 28 C1 7,61.0
2 28 C1 8,72.0
2 28 C1 9,45.0
2 28 C1 10,57.0
2 28 C1 11,66.0
2 28 C1 12,41.0
2 28 C1 13,90.0
2 28 C1 14,45.0
2 28 C1 15,37.0
2 28 C1 16,81.0
2 28 C1 17,82.0
2 28 C1 18,52.0
2 28 C1 19,71.0
2 28 C1 20,29.0
2 28 C1 21,20.0
2 28 C1 22,78.0
2 28 C1 23,55.0
2 28 C1 24,51.0
2 28 C1 25,52.0
2 28 C1 26,67.0
2 28 C1 27,41.0
2 28 C1 28,65.0
2 28 C1 29,33.0
2 28 C1 30,38.0
2 28 C1 31,48.0
2 28 C1 32,70.0
2 28 C1 33,46.0
2 28 C1 34,46.0
2 28 C1 35,32.0
2 28 C1 36,81.0
2 28 C1 37,55.0
2 28 C1 38,71.0
2 28 C1 39,63.0
2 28 C1 40,61.0
2 28 C1 41,65.0
2 28 C1 42,56.0
2 28 C1 43,62.0
2 28 C1 44,44.0
2 28 C1 45,nan
2 28 C1 46,63.0
2 28 C1 47,39.0
2 28 C1 48,73.0
2 28 C1 49,82.0
2 28 C1 50,24.0
2 28 C1 51,nan
2 28 C1 52,81.0
2 28 C1 53,41.0
2 28 C1 54,49.0
2 28 C1 55,46.0
2 28 C1 56,71.0
2 28 C1 57,80.0
2 28 C1 58,12.0
2 28 C1 59,114.0
2 28 C1 60,29.0
3 1 C2 1,2.0
3 1 C2 2,18.0
3 1 C2 3,90.0
3 1 C2 4,74.0
3 1 C2 5,76.0
3 1 C2 6,40.0
3 1 C2 7,87.0
3 1 C2 8,62.0
3 1 C2 9,83.0
3 1 C2 10,46.0
3 1 C2 11,104.0
3 1 C2 12,104.0
3 1 C2 13,117.0
3 1 C2 14,18.0
3 1 C2 15,42.0
3 1 C2 16,41.0
3 1 C2 17,78.0
3 1 C2 18,81.0
3 1 C2 19,40.0
3 1 C2 20,2.0
3 1 C2 21,77.0
3 1 C2 22,67.0
3 1 C2 23,82.0
3 1 C2 24,81.0
3 1 C2 25,91.0
3 1 C2 26,36.0
3 1 C2 27,20.0
3 1 C2 28,67.0
3 1 C2 29,60.0
3 1 C2 30,77.0
3 1 C2 31,73.0
3 1 C2 32,78.0
3 1 C2 33,71.0
3 1 C2 34,57.0
3 1 C2 35,78.0
3 1 C2 36,79.0
3 1 C2 37,0.0
3 1 C2 38,40.0
3 1 C2 39,63.0
3 1 C2 40,90.0
3 1 C2 41,55.0
3 1 C2 42,61.0
3 1 C2 43,72.0
3 1 C2 44,77.0
3 1 C2 45,30.0
3 1 C2 46,80.0
3 1 C2 47,67.0
3 1 C2 48,43.0
3 1 C2 49,37.0
3 1 C2 50,1.0
3 1 C2 51,62.0
3 1 C2 52,73.0
3 1 C2 53,40.0
3 1 C2 54,47.0
3 1 C2 55,94.0
3 1 C2 56,69.0
3 1 C2 57,80.0
3 1 C2 58,63.0
3 1 C2 59,55.0
3 1 C2 60,90.0
3 2 C3 1,2.0
3 2 C3 2,46.0
3 2 C3 3,81.0
3 2 C3 4,89.0
3 2 C3 5,69.0
3 2 C3 6,41.0
3 2 C3 7,73.0
3 2 C3 8,59.0
3 2 C3 9,39.0
3 2 C3 10,52.0
3 2 C3 11,52.0
3 2 C3 12,1.0
3 2 C3 13,74.0
3 2 C3 14,24.0
3 2 C3 15,50.0
3 2 C3 16,1.0
3 2 C3 17,54.0
3 2 C3 18,43.0
3 2 C3 19,67.0
3 2 C3 20,72.0
3 2 C3 21,42.0
3 2 C3 22,49.0
3 2 C3 23,60.0
3 2 C3 24,1.0
3 2 C3 25,56.0
3 2 C3 26,nan
3 2 C3 27,76.0
3 2 C3 28,57.0
3 2 C3 29,47.0
3 2 C3 30,42.0
3 2 C3 31,nan
3 2 C3 32,48.0
3 2 C3 33,64.0
3 2 C3 34,8.0
3 2 C3 35,63.0
3 2 C3 36,79.0
3 2 C3 37,59.0
3 2 C3 38,79.0
3 2 C3 39,46.0
3 2 C3 40,68.0
3 2 C3 41,52.0
3 2 C3 42,87.0
3 2 C3 43,71.0
3 2 C3 44,77.0
3 2 C3 45,51.0
3 2 C3 46,20.0
3 2 C3 47,34.0
3 2 C3 48,35.0
3 2 C3 49,26.0
3 2 C3 50,57.0
3 2 C3 51,74.0
3 2 C3 52,67.0
3 2 C3 53,36.0
3 2 C3 54,49.0
3 2 C3 55,44.0
3 2 C3 56,57.0
3 2 C3 57,37.0
3 2 C3 58,53.0
3 2 C3 59,0.0
3 2 C3 60,47.0
3 3 C4 1,83.0
3 3 C4 2,72.0
3 3 C4 3,63.0
3 3 C4 4,86.0
3 3 C4 5,0.0
3 3 C4 6,57.0
3 3 C4 7,109.0
3 3 C4 8,95.0
3 3 C4 9,41.0
3 3 C4 10,26.0
3 3 C4 11,37.0
3 3 C4 12,59.0
3 3 C4 13,34.0
3 3 C4 14,49.0
3 3 C4 15,82.0
3 3 C4 16,92.0
3 3 C4 17,78.0
3 3 C4 18,73.0
3 3 C4 19,59.0
3 3 C4 20,96.0
3 3 C4 21,33.0
3 3 C4 22,80.0
3 3 C4 23,86.0
3 3 C4 24,17.0
3 3 C4 25,70.0
3 3 C4 26,nan
3 3 C4 27,53.0
3 3 C4 28,61.0
3 3 C4 29,17.0
3 3 C4 30,83.0
3 3 C4 31,72.0
3 3 C4 32,0.0
3 3 C4 33,77.0
3 3 C4 34,65.0
3 3 C4 35,66.0
3 3 C4 36,59.0
3 3 C4 37,53.0
3 3 C4 38,52.0
3 3 C4 39,74.0
3 3 C4 40,87.0
3 3 C4 41,76.0
3 3 C4 42,75.0
3 3 C4 43,60.0
3 3 C4 44,75.0
3 3 C4 45,47.0
3 3 C4 46,46.0
3 3 C4 47,0.0
3 3 C4 48,74.0
3 3 C4 49,59.0
3 3 C4 50,nan
3 3 C4 51,49.0
3 3 C4 52,105.0
3 3 C4 53,80.0
3 3 C4 54,0.0
3 3 C4 55,82.0
3 3 C4 56,20.0
3 3 C4 57,15.0
3 3 C4 58,79.0
3 3 C4 59,nan
3 3 C4 60,66.0
3 4 C5 1,41.0
3 4 C5 2,32.0
3 4 C5 3,46.0
3 4 C5 4,59.0
3 4 C5 5,75.0
3 4 C5 6,14.0
3 4 C5 7,48.0
3 4 C5 8,76.0
3 4 C5 9,75.0
3 4 C5 10,41.0
3 4 C5 11,31.0
3 4 C5 12,0.0
3 4 C5 13,66.0
3 4 C5 14,46.0
3 4 C5 15,0.0
3 4 C5 16,44.0
3 4 C5 17,50.0
3 4 C5 18,78.0
3 4 C5 19,80.0
3 4 C5 20,49.0
3 4 C5 21,53.0
3 4 C5 22,75.0
3 4 C5 23,51.0
3 4 C5 24,70.0
3 4 C5 25,64.0
3 4 C5 26,49.0
3 4 C5 27,30.0
3 4 C5 28,90.0
3 4 C5 29,39.0
3 4 C5 30,45.0
3 4 C5 31,60.0
3 4 C5 32,57.0
3 4 C5 33,61.0
3 4 C5 34,41.0
3 4 C5 35,65.0
3 4 C5 36,48.0
3 4 C5 37,53.0
3 4 C5 38,nan
3 4 C5 39,48.0
3 4 C5 40,56.0
3 4 C5 41,54.0
3 4 C5 42,41.0
3 4 C5 43,60.0
3 4 C5 44,35.0
3 4 C5 45,69.0
3 4 C5 46,43.0
3 4 C5 47,0.0
3 4 C5 48,66.0
3 4 C5 49,50.0
3 4 C5 50,nan
3 4 C5 51,58.0
3 4 C5 52,55.0
3 4 C5 53,43.0
3 4 C5 54,24.0
3 4 C5 55,2.0
3 4 C5 56,54.0
3 4 C5 57,nan
3 4 C5 58,37.0
3 4 C5 59,2.0
3 4 C5 60,52.0
2 28 D1 1,nan
2 28 D1 2,nan
2 28 D1 3,53.0
2 28 D1 4,88.0
2 28 D1 5,55.0
2 28 D1 6,64.0
2 28 D1 7,24.0
2 28 D1 8,83.0
2 28 D1 9,25.0
2 28 D1 10,87.0
2 28 D1 11,87.0
2 28 D1 12,0.0
2 28 D1 13,78.0
2 28 D1 14,nan
2 28 D1 15,57.0
2 28 D1 16,73.0
2 28 D1 17,82.0
2 28 D1 18,47.0
2 28 D1 19,83.0
2 28 D1 20,54.0
2 28 D1 21,46.0
2 28 D1 22,nan
2 28 D1 23,47.0
2 28 D1 24,65.0
2 28 D1 25,81.0
2 28 D1 26,71.0
2 28 D1 27,69.0
2 28 D1 28,77.0
2 28 D1 29,75.0
2 28 D1 30,63.0
2 28 D1 31,45.0
2 28 D1 32,77.0
2 28 D1 33,0.0
2 28 D1 34,88.0
2 28 D1 35,62.0
2 28 D1 36,nan
2 28 D1 37,51.0
2 28 D1 38,83.0
2 28 D1 39,55.0
2 28 D1 40,nan
2 28 D1 41,69.0
2 28 D1 42,27.0
2 28 D1 43,75.0
2 28 D1 44,37.0
2 28 D1 45,nan
2 28 D1 46,65.0
2 28 D1 47,88.0
2 28 D1 48,nan
2 28 D1 49,67.0
2 28 D1 50,82.0
2 28 D1 51,nan
2 28 D1 52,nan
2 28 D1 53,65.0
2 28 D1 54,75.0
2 28 D1 55,64.0
2 28 D1 56,39.0
2 28 D1 57,0.0
2 28 D1 58,62.0
2 28 D1 59,25.0
2 28 D1 60,53.0
3 1 D2 1,77.0
3 1 D2 2,88.0
3 1 D2 3,nan
3 1 D2 4,62.0
3 1 D2 5,72.0
3 1 D2 6,58.0
3 1 D2 7,72.0
3 1 D2 8,58.0
3 1 D2 9,39.0
3 1 D2 10,nan
3 1 D2 11,80.0
3 1 D2 12,59.0
3 1 D2 13,49.0
3 1 D2 14,nan
3 1 D2 15,20.0
3 1 D2 16,nan
3 1 D2 17,94.0
3 1 D2 18,67.0
3 1 D2 19,71.0
3 1 D2 20,nan
3 1 D2 21,59.0
3 1 D2 22,71.0
3 1 D2 23,66.0
3 1 D2 24,73.0
3 1 D2 25,42.0
3 1 D2 26,48.0
3 1 D2 27,47.0
3 1 D2 28,78.0
3 1 D2 29,54.0
3 1 D2 30,57.0
3 1 D2 31,33.0
3 1 D2 32,5.0
3 1 D2 33,65.0
3 1 D2 34,47.0
3 1 D2 35,70.0
3 1 D2 36,63.0
3 1 D2 37,66.0
3 1 D2 38,52.0
3 1 D2 39,85.0
3 1 D2 40,71.0
3 1 D2 41,58.0
3 1 D2 42,84.0
3 1 D2 43,71.0
3 1 D2 44,58.0
3 1 D2 45,31.0
3 1 D2 46,54.0
3 1 D2 47,25.0
3 1 D2 48,92.0
3 1 D2 49,77.0
3 1 D2 50,43.0
3 1 D2 51,87.0
3 1 D2 52,68.0
3 1 D2 53,51.0
3 1 D2 54,57.0
3 1 D2 55,65.0
3 1 D2 56,21.0
3 1 D2 57,34.0
3 1 D2 58,2.0
3 1 D2 59,69.0
3 1 D2 60,93.0
3 2 D3 1,71.0
3 2 D3 2,82.0
3 2 D3 3,62.0
3 2 D3 4,78.0
3 2 D3 5,65.0
3 2 D3 6,96.0
3 2 D3 7,90.0
3 2 D3 8,nan
3 2 D3 9,34.0
3 2 D3 10,43.0
3 2 D3 11,nan
3 2 D3 12,44.0
3 2 D3 13,60.0
3 2 D3 14,79.0
3 2 D3 15,nan
3 2 D3 16,61.0
3 2 D3 17,77.0
3 2 D3 18,18.0
3 2 D3 19,25.0
3 2 D3 20,59.0
3 2 D3 21,66.0
3 2 D3 22,40.0
3 2 D3 23,56.0
3 2 D3 24,34.0
3 2 D3 25,68.0
3 2 D3 26,59.0
3 2 D3 27,59.0
3 2 D3 28,41.0
3 2 D3 29,49.0
3 2 D3 30,51.0
3 2 D3 31,72.0
3 2 D3 32,58.0
3 2 D3 33,71.0
3 2 D3 34,45.0
3 2 D3 35,82.0
3 2 D3 36,63.0
3 2 D3 37,37.0
3 2 D3 38,41.0
3 2 D3 39,55.0
3 2 D3 40,67.0
3 2 D3 41,71.0
3 2 D3 42,52.0
3 2 D3 43,22.0
3 2 D3 44,55.0
3 2 D3 45,59.0
3 2 D3 46,74.0
3 2 D3 47,55.0
3 2 D3 48,57.0
3 2 D3 49,2.0
3 2 D3 50,39.0
3 2 D3 51,91.0
3 2 D3 52,57.0
3 2 D3 53,63.0
3 2 D3 54,1.0
3 2 D3 55,56.0
3 2 D3 56,68.0
3 2 D3 57,0.0
3 2 D3 58,62.0
3 2 D3 59,47.0
3 2 D3 60,nan
3 3 D4 1,3.0
3 3 D4 2,46.0
3 3 D4 3,78.0
3 3 D4 4,56.0
3 3 D4 5,78.0
3 3 D4 6,51.0
3 3 D4 7,83.0
3 3 D4 8,62.0
3 3 D4 9,45.0
3 3 D4 10,96.0
3 3 D4 11,83.0
3 3 D4 12,55.0
3 3 D4 13,55.0
3 3 D4 14,76.0
3 3 D4 15,36.0
3 3 D4 16,71.0
3 3 D4 17,67.0
3 3 D4 18,0.0
3 3 D4 19,70.0
3 3 D4 20,70.0
3 3 D4 21,82.0
3 3 D4 22,55.0
3 3 D4 23,87.0
3 3 D4 24,91.0
3 3 D4 25,64.0
3 3 D4 26,67.0
3 3 D4 27,26.0
3 3 D4 28,81.0
3 3 D4 29,55.0
3 3 D4 30,nan
3 3 D4 31,21.0
3 3 D4 32,65.0
3 3 D4 33,76.0
3 3 D4 34,35.0
3 3 D4 35,44.0
3 3 D4 36,33.0
3 3 D4 37,16.0
3 3 D4 38,75.0
3 3 D4 39,41.0
3 3 D4 40,76.0
3 3 D4 41,47.0
3 3 D4 42,51.0
3 3 D4 43,57.0
3 3 D4 44,46.0
3 3 D4 45,74.0
3 3 D4 46,70.0
3 3 D4 47,93.0
3 3 D4 48,15.0
3 3 D4 49,43.0
3 3 D4 50,47.0
3 3 D4 51,65.0
3 3 D4 52,nan
3 3 D4 53,0.0
3 3 D4 54,56.0
3 3 D4 55,50.0
3 3 D4 56,48.0
3 3 D4 57,61.0
3 3 D4 58,0.0
3 3 D4 59,55.0
3 3 D4 60,64.0
3 4 D5 1,45.0
3 4 D5 2,74.0
3 4 D5 3,nan
3 4 D5 4,74.0
3 4 D5 5,52.0
3 4 D5 6,87.0
3 4 D5 7,52.0
3 4 D5 8,75.0
3 4 D5 9,66.0
3 4 D5 10,44.0
3 4 D5 11,29.0
3 4 D5 12,6.0
3 4 D5 13,38.0
3 4 D5 14,46.0
3 4 D5 15,40.0
3 4 D5 16,37.0
3 4 D5 17,54.0
3 4 D5 18,0.0
3 4 D5 19,35.0
3 4 D5 20,11.0
3 4 D5 21,52.0
3 4 D5 22,63.0
3 4 D5 23,64.0
3 4 D5 24,45.0
3 4 D5 25,nan
3 4 D5 26,40.0
3 4 D5 27,80.0
3 4 D5 28,60.0
3 4 D5 29,8.0
3 4 D5 30,49.0
3 4 D5 31,58.0
3 4 D5 32,0.0
3 4 D5 33,69.0
3 4 D5 34,46.0
3 4 D5 35,47.0
3 4 D5 36,0.0
3 4 D5 37,57.0
3 4 D5 38,63.0
3 4 D5 39,45.0
3 4 D5 40,38.0
3 4 D5 41,41.0
3 4 D5 42,64.0
3 4 D5 43,51.0
3 4 D5 44,49.0
3 4 D5 45,34.0
3 4 D5 46,48.0
3 4 D5 47,43.0
3 4 D5 48,71.0
3 4 D5 49,51.0
3 4 D5 50,49.0
3 4 D5 51,47.0
3 4 D5 52,66.0
3 4 D5 53,9.0
3 4 D5 54,42.0
3 4 D5 55,51.0
3 4 D5 56,31.0
3 4 D5 57,57.0
3 4 D5 58,48.0
3 4 D5 59,77.0
3 4 D5 60,44.0
3 1 C1 1,51.0
3 1 C1 2,56.0
3 1 C1 3,66.0
3 1 C1 4,53.0
3 1 C1 5,64.0
3 1 C1 6,64.0
3 1 C1 7,69.0
3 1 C1 8,59.0
3 1 C1 9,56.0
3 1 C1 10,65.0
3 1 C1 11,54.0
3 1 C1 12,57.0
3 1 C1 13,82.0
3 1 C1 14,47.0
3 1 C1 15,53.0
3 1 C1 16,65.0
3 1 C1 17,93.0
3 1 C1 18,68.0
3 1 C1 19,84.0
3 1 C1 20,43.0
3 1 C1 21,15.0
3 1 C1 22,83.0
3 1 C1 23,48.0
3 1 C1 24,44.0
3 1 C1 25,56.0
3 1 C1 26,74.0
3 1 C1 27,48.0
3 1 C1 28,83.0
3 1 C1 29,37.0
3 1 C1 30,69.0
3 1 C1 31,66.0
3 1 C1 32,70.0
3 1 C1 33,57.0
3 1 C1 34,60.0
3 1 C1 35,43.0
3 1 C1 36,71.0
3 1 C1 37,49.0
3 1 C1 38,91.0
3 1 C1 39,57.0
3 1 C1 40,80.0
3 1 C1 41,70.0
3 1 C1 42,40.0
3 1 C1 43,71.0
3 1 C1 44,63.0
3 1 C1 45,nan
3 1 C1 46,69.0
3 1 C1 47,67.0
3 1 C1 48,74.0
3 1 C1 49,59.0
3 1 C1 50,46.0
3 1 C1 51,nan
3 1 C1 52,75.0
3 1 C1 53,55.0
3 1 C1 54,60.0
3 1 C1 55,55.0
3 1 C1 56,68.0
3 1 C1 57,22.0
3 1 C1 58,36.0
3 1 C1 59,117.0
3 1 C1 60,44.0
3 2 C2 1,37.0
3 2 C2 2,80.0
3 2 C2 3,63.0
3 2 C2 4,43.0
3 2 C2 5,48.0
3 2 C2 6,44.0
3 2 C2 7,31.0
3 2 C2 8,67.0
3 2 C2 9,56.0
3 2 C2 10,19.0
3 2 C2 11,2.0
3 2 C2 12,72.0
3 2 C2 13,90.0
3 2 C2 14,4.0
3 2 C2 15,42.0
3 2 C2 16,41.0
3 2 C2 17,34.0
3 2 C2 18,64.0
3 2 C2 19,83.0
3 2 C2 20,0.0
3 2 C2 21,54.0
3 2 C2 22,53.0
3 2 C2 23,39.0
3 2 C2 24,87.0
3 2 C2 25,64.0
3 2 C2 26,34.0
3 2 C2 27,1.0
3 2 C2 28,81.0
3 2 C2 29,58.0
3 2 C2 30,52.0
3 2 C2 31,46.0
3 2 C2 32,70.0
3 2 C2 33,53.0
3 2 C2 34,79.0
3 2 C2 35,94.0
3 2 C2 36,41.0
3 2 C2 37,1.0
3 2 C2 38,26.0
3 2 C2 39,58.0
3 2 C2 40,99.0
3 2 C2 41,45.0
3 2 C2 42,52.0
3 2 C2 43,61.0
3 2 C2 44,67.0
3 2 C2 45,21.0
3 2 C2 46,58.0
3 2 C2 47,45.0
3 2 C2 48,25.0
3 2 C2 49,37.0
3 2 C2 50,nan
3 2 C2 51,55.0
3 2 C2 52,72.0
3 2 C2 53,34.0
3 2 C2 54,33.0
3 2 C2 55,32.0
3 2 C2 56,52.0
3 2 C2 57,79.0
3 2 C2 58,57.0
3 2 C2 59,66.0
3 2 C2 60,20.0
3 3 C3 1,1.0
3 3 C3 2,45.0
3 3 C3 3,56.0
3 3 C3 4,55.0
3 3 C3 5,79.0
3 3 C3 6,24.0
3 3 C3 7,52.0
3 3 C3 8,66.0
3 3 C3 9,47.0
3 3 C3 10,43.0
3 3 C3 11,73.0
3 3 C3 12,nan
3 3 C3 13,66.0
3 3 C3 14,22.0
3 3 C3 15,50.0
3 3 C3 16,0.0
3 3 C3 17,63.0
3 3 C3 18,39.0
3 3 C3 19,78.0
3 3 C3 20,68.0
3 3 C3 21,51.0
3 3 C3 22,54.0
3 3 C3 23,57.0
3 3 C3 24,0.0
3 3 C3 25,62.0
3 3 C3 26,nan
3 3 C3 27,63.0
3 3 C3 28,77.0
3 3 C3 29,42.0
3 3 C3 30,35.0
3 3 C3 31,nan
3 3 C3 32,65.0
3 3 C3 33,59.0
3 3 C3 34,1.0
3 3 C3 35,52.0
3 3 C3 36,77.0
3 3 C3 37,73.0
3 3 C3 38,68.0
3 3 C3 39,64.0
3 3 C3 40,0.0
3 3 C3 41,41.0
3 3 C3 42,82.0
3 3 C3 43,67.0
3 3 C3 44,68.0
3 3 C3 45,63.0
3 3 C3 46,50.0
3 3 C3 47,42.0
3 3 C3 48,33.0
3 3 C3 49,64.0
3 3 C3 50,22.0
3 3 C3 51,53.0
3 3 C3 52,80.0
3 3 C3 53,27.0
3 3 C3 54,45.0
3 3 C3 55,74.0
3 3 C3 56,36.0
3 3 C3 57,44.0
3 3 C3 58,45.0
3 3 C3 59,0.0
3 3 C3 60,31.0
3 4 C4 1,69.0
3 4 C4 2,60.0
3 4 C4 3,15.0
3 4 C4 4,51.0
3 4 C4 5,1.0
3 4 C4 6,38.0
3 4 C4 7,81.0
3 4 C4 8,63.0
3 4 C4 9,35.0
3 4 C4 10,53.0
3 4 C4 11,17.0
3 4 C4 12,36.0
3 4 C4 13,48.0
3 4 C4 14,53.0
3 4 C4 15,60.0
3 4 C4 16,51.0
3 4 C4 17,79.0
3 4 C4 18,66.0
3 4 C4 19,63.0
3 4 C4 20,88.0
3 4 C4 21,24.0
3 4 C4 22,59.0
3 4 C4 23,75.0
3 4 C4 24,1.0
3 4 C4 25,54.0
3 4 C4 26,nan
3 4 C4 27,31.0
3 4 C4 28,32.0
3 4 C4 29,26.0
3 4 C4 30,71.0
3 4 C4 31,69.0
3 4 C4 32,0.0
3 4 C4 33,69.0
3 4 C4 34,39.0
3 4 C4 35,73.0
3 4 C4 36,24.0
3 4 C4 37,69.0
3 4 C4 38,53.0
3 4 C4 39,41.0
3 4 C4 40,85.0
3 4 C4 41,41.0
3 4 C4 42,72.0
3 4 C4 43,49.0
3 4 C4 44,69.0
3 4 C4 45,48.0
3 4 C4 46,45.0
3 4 C4 47,0.0
3 4 C4 48,55.0
3 4 C4 49,66.0
3 4 C4 50,nan
3 4 C4 51,19.0
3 4 C4 52,86.0
3 4 C4 53,32.0
3 4 C4 54,0.0
3 4 C4 55,69.0
3 4 C4 56,48.0
3 4 C4 57,25.0
3 4 C4 58,38.0
3 4 C4 59,nan
3 4 C4 60,60.0
3 5 C5 1,54.0
3 5 C5 2,25.0
3 5 C5 3,33.0
3 5 C5 4,36.0
3 5 C5 5,72.0
3 5 C5 6,12.0
3 5 C5 7,50.0
3 5 C5 8,38.0
3 5 C5 9,77.0
3 5 C5 10,29.0
3 5 C5 11,37.0
3 5 C5 12,3.0
3 5 C5 13,42.0
3 5 C5 14,56.0
3 5 C5 15,0.0
3 5 C5 16,55.0
3 5 C5 17,27.0
3 5 C5 18,100.0
3 5 C5 19,62.0
3 5 C5 20,42.0
3 5 C5 21,36.0
3 5 C5 22,77.0
3 5 C5 23,56.0
3 5 C5 24,71.0
3 5 C5 25,35.0
3 5 C5 26,41.0
3 5 C5 27,41.0
3 5 C5 28,26.0
3 5 C5 29,31.0
3 5 C5 30,0.0
3 5 C5 31,66.0
3 5 C5 32,51.0
3 5 C5 33,28.0
3 5 C5 34,40.0
3 5 C5 35,60.0
3 5 C5 36,49.0
3 5 C5 37,42.0
3 5 C5 38,nan
3 5 C5 39,35.0
3 5 C5 40,48.0
3 5 C5 41,52.0
3 5 C5 42,60.0
3 5 C5 43,30.0
3 5 C5 44,19.0
3 5 C5 45,54.0
3 5 C5 46,43.0
3 5 C5 47,nan
3 5 C5 48,75.0
3 5 C5 49,43.0
3 5 C5 50,nan
3 5 C5 51,78.0
3 5 C5 52,58.0
3 5 C5 53,43.0
3 5 C5 54,38.0
3 5 C5 55,0.0
3 5 C5 56,48.0
3 5 C5 57,nan
3 5 C5 58,47.0
3 5 C5 59,0.0
3 5 C5 60,60.0
3 1 D1 1,nan
3 1 D1 2,nan
3 1 D1 3,43.0
3 1 D1 4,89.0
3 1 D1 5,50.0
3 1 D1 6,37.0
3 1 D1 7,15.0
3 1 D1 8,53.0
3 1 D1 9,38.0
3 1 D1 10,1.0
3 1 D1 11,82.0
3 1 D1 12,76.0
3 1 D1 13,61.0
3 1 D1 14,nan
3 1 D1 15,50.0
3 1 D1 16,66.0
3 1 D1 17,52.0
3 1 D1 18,54.0
3 1 D1 19,77.0
3 1 D1 20,57.0
3 1 D1 21,35.0
3 1 D1 22,nan
3 1 D1 23,71.0
3 1 D1 24,55.0
3 1 D1 25,42.0
3 1 D1 26,56.0
3 1 D1 27,65.0
3 1 D1 28,42.0
3 1 D1 29,49.0
3 1 D1 30,51.0
3 1 D1 31,43.0
3 1 D1 32,60.0
3 1 D1 33,nan
3 1 D1 34,89.0
3 1 D1 35,39.0
3 1 D1 36,nan
3 1 D1 37,56.0
3 1 D1 38,90.0
3 1 D1 39,60.0
3 1 D1 40,nan
3 1 D1 41,81.0
3 1 D1 42,32.0
3 1 D1 43,84.0
3 1 D1 44,41.0
3 1 D1 45,nan
3 1 D1 46,69.0
3 1 D1 47,77.0
3 1 D1 48,nan
3 1 D1 49,74.0
3 1 D1 50,77.0
3 1 D1 51,nan
3 1 D1 52,nan
3 1 D1 53,68.0
3 1 D1 54,71.0
3 1 D1 55,77.0
3 1 D1 56,9.0
3 1 D1 57,nan
3 1 D1 58,57.0
3 1 D1 59,32.0
3 1 D1 60,67.0
3 2 D2 1,59.0
3 2 D2 2,74.0
3 2 D2 3,nan
3 2 D2 4,66.0
3 2 D2 5,68.0
3 2 D2 6,64.0
3 2 D2 7,87.0
3 2 D2 8,83.0
3 2 D2 9,65.0
3 2 D2 10,nan
3 2 D2 11,73.0
3 2 D2 12,83.0
3 2 D2 13,82.0
3 2 D2 14,nan
3 2 D2 15,11.0
3 2 D2 16,nan
3 2 D2 17,85.0
3 2 D2 18,75.0
3 2 D2 19,83.0
3 2 D2 20,nan
3 2 D2 21,55.0
3 2 D2 22,78.0
3 2 D2 23,65.0
3 2 D2 24,69.0
3 2 D2 25,32.0
3 2 D2 26,69.0
3 2 D2 27,65.0
3 2 D2 28,74.0
3 2 D2 29,58.0
3 2 D2 30,35.0
3 2 D2 31,66.0
3 2 D2 32,0.0
3 2 D2 33,61.0
3 2 D2 34,1.0
3 2 D2 35,54.0
3 2 D2 36,38.0
3 2 D2 37,55.0
3 2 D2 38,55.0
3 2 D2 39,84.0
3 2 D2 40,74.0
3 2 D2 41,72.0
3 2 D2 42,68.0
3 2 D2 43,79.0
3 2 D2 44,56.0
3 2 D2 45,38.0
3 2 D2 46,49.0
3 2 D2 47,39.0
3 2 D2 48,49.0
3 2 D2 49,71.0
3 2 D2 50,46.0
3 2 D2 51,43.0
3 2 D2 52,54.0
3 2 D2 53,58.0
3 2 D2 54,0.0
3 2 D2 55,1.0
3 2 D2 56,34.0
3 2 D2 57,61.0
3 2 D2 58,38.0
3 2 D2 59,62.0
3 2 D2 60,1.0
3 3 D3 1,81.0
3 3 D3 2,86.0
3 3 D3 3,48.0
3 3 D3 4,83.0
3 3 D3 5,55.0
3 3 D3 6,58.0
3 3 D3 7,72.0
3 3 D3 8,nan
3 3 D3 9,50.0
3 3 D3 10,56.0
3 3 D3 11,nan
3 3 D3 12,24.0
3 3 D3 13,54.0
3 3 D3 14,83.0
3 3 D3 15,nan
3 3 D3 16,73.0
3 3 D3 17,64.0
3 3 D3 18,15.0
3 3 D3 19,45.0
3 3 D3 20,62.0
3 3 D3 21,59.0
3 3 D3 22,47.0
3 3 D3 23,54.0
3 3 D3 24,25.0
3 3 D3 25,61.0
3 3 D3 26,81.0
3 3 D3 27,49.0
3 3 D3 28,55.0
3 3 D3 29,46.0
3 3 D3 30,70.0
3 3 D3 31,53.0
3 3 D3 32,62.0
3 3 D3 33,56.0
3 3 D3 34,30.0
3 3 D3 35,5.0
3 3 D3 36,63.0
3 3 D3 37,61.0
3 3 D3 38,57.0
3 3 D3 39,70.0
3 3 D3 40,69.0
3 3 D3 41,67.0
3 3 D3 42,36.0
3 3 D3 43,39.0
3 3 D3 44,64.0
3 3 D3 45,64.0
3 3 D3 46,53.0
3 3 D3 47,44.0
3 3 D3 48,51.0
3 3 D3 49,0.0
3 3 D3 50,55.0
3 3 D3 51,71.0
3 3 D3 52,58.0
3 3 D3 53,86.0
3 3 D3 54,4.0
3 3 D3 55,41.0
3 3 D3 56,82.0
3 3 D3 57,0.0
3 3 D3 58,0.0
3 3 D3 59,49.0
3 3 D3 60,nan
3 4 D4 1,3.0
3 4 D4 2,38.0
3 4 D4 3,52.0
3 4 D4 4,58.0
3 4 D4 5,63.0
3 4 D4 6,42.0
3 4 D4 7,46.0
3 4 D4 8,50.0
3 4 D4 9,71.0
3 4 D4 10,99.0
3 4 D4 11,45.0
3 4 D4 12,63.0
3 4 D4 13,47.0
3 4 D4 14,79.0
3 4 D4 15,37.0
3 4 D4 16,59.0
3 4 D4 17,84.0
3 4 D4 18,nan
3 4 D4 19,296.0
3 4 D4 20,56.0
3 4 D4 21,56.0
3 4 D4 22,49.0
3 4 D4 23,73.0
3 4 D4 24,66.0
3 4 D4 25,50.0
3 4 D4 26,56.0
3 4 D4 27,45.0
3 4 D4 28,66.0
3 4 D4 29,41.0
3 4 D4 30,nan
3 4 D4 31,33.0
3 4 D4 32,38.0
3 4 D4 33,84.0
3 4 D4 34,26.0
3 4 D4 35,45.0
3 4 D4 36,64.0
3 4 D4 37,30.0
3 4 D4 38,75.0
3 4 D4 39,37.0
3 4 D4 40,71.0
3 4 D4 41,49.0
3 4 D4 42,51.0
3 4 D4 43,47.0
3 4 D4 44,19.0
3 4 D4 45,47.0
3 4 D4 46,80.0
3 4 D4 47,73.0
3 4 D4 48,0.0
3 4 D4 49,33.0
3 4 D4 50,22.0
3 4 D4 51,49.0
3 4 D4 52,nan
3 4 D4 53,nan
3 4 D4 54,57.0
3 4 D4 55,40.0
3 4 D4 56,7.0
3 4 D4 57,56.0
3 4 D4 58,0.0
3 4 D4 59,62.0
3 4 D4 60,44.0
3 5 D5 1,30.0
3 5 D5 2,70.0
3 5 D5 3,nan
3 5 D5 4,83.0
3 5 D5 5,54.0
3 5 D5 6,58.0
3 5 D5 7,69.0
3 5 D5 8,84.0
3 5 D5 9,53.0
3 5 D5 10,38.0
3 5 D5 11,48.0
3 5 D5 12,6.0
3 5 D5 13,53.0
3 5 D5 14,59.0
3 5 D5 15,47.0
3 5 D5 16,38.0
3 5 D5 17,83.0
3 5 D5 18,0.0
3 5 D5 19,54.0
3 5 D5 20,66.0
3 5 D5 21,56.0
3 5 D5 22,60.0
3 5 D5 23,67.0
3 5 D5 24,31.0
3 5 D5 25,nan
3 5 D5 26,34.0
3 5 D5 27,96.0
3 5 D5 28,59.0
3 5 D5 29,38.0
3 5 D5 30,42.0
3 5 D5 31,52.0
3 5 D5 32,nan
3 5 D5 33,63.0
3 5 D5 34,44.0
3 5 D5 35,39.0
3 5 D5 36,nan
3 5 D5 37,65.0
3 5 D5 38,51.0
3 5 D5 39,30.0
3 5 D5 40,70.0
3 5 D5 41,37.0
3 5 D5 42,67.0
3 5 D5 43,62.0
3 5 D5 44,61.0
3 5 D5 45,30.0
3 5 D5 46,28.0
3 5 D5 47,40.0
3 5 D5 48,46.0
3 5 D5 49,48.0
3 5 D5 50,38.0
3 5 D5 51,46.0
3 5 D5 52,23.0
3 5 D5 53,42.0
3 5 D5 54,58.0
3 5 D5 55,33.0
3 5 D5 56,42.0
3 5 D5 57,44.0
3 5 D5 58,58.0
3 5 D5 59,57.0
3 5 D5 60,50.0
3 2 C1 1,38.0
3 2 C1 2,62.0
3 2 C1 3,71.0
3 2 C1 4,51.0
3 2 C1 5,57.0
3 2 C1 6,56.0
3 2 C1 7,59.0
3 2 C1 8,86.0
3 2 C1 9,37.0
3 2 C1 10,47.0
3 2 C1 11,61.0
3 2 C1 12,59.0
3 2 C1 13,82.0
3 2 C1 14,52.0
3 2 C1 15,37.0
3 2 C1 16,87.0
3 2 C1 17,86.0
3 2 C1 18,69.0
3 2 C1 19,68.0
3 2 C1 20,45.0
3 2 C1 21,12.0
3 2 C1 22,65.0
3 2 C1 23,63.0
3 2 C1 24,32.0
3 2 C1 25,50.0
3 2 C1 26,52.0
3 2 C1 27,34.0
3 2 C1 28,52.0
3 2 C1 29,43.0
3 2 C1 30,33.0
3 2 C1 31,46.0
3 2 C1 32,58.0
3 2 C1 33,40.0
3 2 C1 34,62.0
3 2 C1 35,39.0
3 2 C1 36,61.0
3 2 C1 37,39.0
3 2 C1 38,52.0
3 2 C1 39,56.0
3 2 C1 40,78.0
3 2 C1 41,63.0
3 2 C1 42,53.0
3 2 C1 43,57.0
3 2 C1 44,60.0
3 2 C1 45,nan
3 2 C1 46,84.0
3 2 C1 47,46.0
3 2 C1 48,54.0
3 2 C1 49,92.0
3 2 C1 50,41.0
3 2 C1 51,nan
3 2 C1 52,82.0
3 2 C1 53,56.0
3 2 C1 54,61.0
3 2 C1 55,48.0
3 2 C1 56,78.0
3 2 C1 57,nan
3 2 C1 58,37.0
3 2 C1 59,78.0
3 2 C1 60,28.0
3 3 C2 1,30.0
3 3 C2 2,81.0
3 3 C2 3,56.0
3 3 C2 4,42.0
3 3 C2 5,60.0
3 3 C2 6,33.0
3 3 C2 7,23.0
3 3 C2 8,56.0
3 3 C2 9,68.0
3 3 C2 10,53.0
3 3 C2 11,nan
3 3 C2 12,82.0
3 3 C2 13,93.0
3 3 C2 14,0.0
3 3 C2 15,38.0
3 3 C2 16,36.0
3 3 C2 17,72.0
3 3 C2 18,66.0
3 3 C2 19,54.0
3 3 C2 20,nan
3 3 C2 21,64.0
3 3 C2 22,82.0
3 3 C2 23,54.0
3 3 C2 24,69.0
3 3 C2 25,58.0
3 3 C2 26,54.0
3 3 C2 27,nan
3 3 C2 28,54.0
3 3 C2 29,65.0
3 3 C2 30,83.0
3 3 C2 31,35.0
3 3 C2 32,22.0
3 3 C2 33,61.0
3 3 C2 34,79.0
3 3 C2 35,84.0
3 3 C2 36,56.0
3 3 C2 37,0.0
3 3 C2 38,34.0
3 3 C2 39,51.0
3 3 C2 40,70.0
3 3 C2 41,46.0
3 3 C2 42,73.0
3 3 C2 43,38.0
3 3 C2 44,63.0
3 3 C2 45,14.0
3 3 C2 46,68.0
3 3 C2 47,42.0
3 3 C2 48,37.0
3 3 C2 49,48.0
3 3 C2 50,nan
3 3 C2 51,40.0
3 3 C2 52,59.0
3 3 C2 53,28.0
3 3 C2 54,70.0
3 3 C2 55,41.0
3 3 C2 56,57.0
3 3 C2 57,83.0
3 3 C2 58,50.0
3 3 C2 59,62.0
3 3 C2 60,39.0
3 4 C3 1,0.0
3 4 C3 2,16.0
3 4 C3 3,65.0
3 4 C3 4,47.0
3 4 C3 5,54.0
3 4 C3 6,43.0
3 4 C3 7,58.0
3 4 C3 8,60.0
3 4 C3 9,24.0
3 4 C3 10,28.0
3 4 C3 11,54.0
3 4 C3 12,nan
3 4 C3 13,45.0
3 4 C3 14,16.0
3 4 C3 15,37.0
3 4 C3 16,0.0
3 4 C3 17,53.0
3 4 C3 18,22.0
3 4 C3 19,74.0
3 4 C3 20,63.0
3 4 C3 21,44.0
3 4 C3 22,36.0
3 4 C3 23,50.0
3 4 C3 24,0.0
3 4 C3 25,56.0
3 4 C3 26,nan
3 4 C3 27,62.0
3 4 C3 28,65.0
3 4 C3 29,30.0
3 4 C3 30,49.0
3 4 C3 31,nan
3 4 C3 32,52.0
3 4 C3 33,46.0
3 4 C3 34,0.0
3 4 C3 35,43.0
3 4 C3 36,61.0
3 4 C3 37,59.0
3 4 C3 38,63.0
3 4 C3 39,39.0
3 4 C3 40,nan
3 4 C3 41,34.0
3 4 C3 42,76.0
3 4 C3 43,33.0
3 4 C3 44,42.0
3 4 C3 45,44.0
3 4 C3 46,49.0
3 4 C3 47,35.0
3 4 C3 48,58.0
3 4 C3 49,43.0
3 4 C3 50,37.0
3 4 C3 51,50.0
3 4 C3 52,33.0
3 4 C3 53,17.0
3 4 C3 54,27.0
3 4 C3 55,26.0
3 4 C3 56,38.0
3 4 C3 57,40.0
3 4 C3 58,57.0
3 4 C3 59,0.0
3 4 C3 60,21.0
3 5 C4 1,36.0
3 5 C4 2,49.0
3 5 C4 3,52.0
3 5 C4 4,46.0
3 5 C4 5,0.0
3 5 C4 6,60.0
3 5 C4 7,80.0
3 5 C4 8,79.0
3 5 C4 9,10.0
3 5 C4 10,69.0
3 5 C4 11,36.0
3 5 C4 12,70.0
3 5 C4 13,35.0
3 5 C4 14,25.0
3 5 C4 15,52.0
3 5 C4 16,53.0
3 5 C4 17,54.0
3 5 C4 18,55.0
3 5 C4 19,56.0
3 5 C4 20,84.0
3 5 C4 21,18.0
3 5 C4 22,38.0
3 5 C4 23,42.0
3 5 C4 24,1.0
3 5 C4 25,52.0
3 5 C4 26,nan
3 5 C4 27,54.0
3 5 C4 28,40.0
3 5 C4 29,8.0
3 5 C4 30,35.0
3 5 C4 31,78.0
3 5 C4 32,0.0
3 5 C4 33,59.0
3 5 C4 34,43.0
3 5 C4 35,52.0
3 5 C4 36,3.0
3 5 C4 37,68.0
3 5 C4 38,46.0
3 5 C4 39,73.0
3 5 C4 40,77.0
3 5 C4 41,31.0
3 5 C4 42,55.0
3 5 C4 43,51.0
3 5 C4 44,38.0
3 5 C4 45,59.0
3 5 C4 46,48.0
3 5 C4 47,0.0
3 5 C4 48,50.0
3 5 C4 49,83.0
3 5 C4 50,nan
3 5 C4 51,24.0
3 5 C4 52,86.0
3 5 C4 53,49.0
3 5 C4 54,0.0
3 5 C4 55,74.0
3 5 C4 56,42.0
3 5 C4 57,20.0
3 5 C4 58,48.0
3 5 C4 59,nan
3 5 C4 60,83.0
3 6 C5 1,74.0
3 6 C5 2,25.0
3 6 C5 3,35.0
3 6 C5 4,46.0
3 6 C5 5,67.0
3 6 C5 6,8.0
3 6 C5 7,56.0
3 6 C5 8,44.0
3 6 C5 9,74.0
3 6 C5 10,63.0
3 6 C5 11,20.0
3 6 C5 12,20.0
3 6 C5 13,52.0
3 6 C5 14,50.0
3 6 C5 15,0.0
3 6 C5 16,59.0
3 6 C5 17,37.0
3 6 C5 18,92.0
3 6 C5 19,42.0
3 6 C5 20,35.0
3 6 C5 21,58.0
3 6 C5 22,84.0
3 6 C5 23,44.0
3 6 C5 24,66.0
3 6 C5 25,54.0
3 6 C5 26,57.0
3 6 C5 27,30.0
3 6 C5 28,73.0
3 6 C5 29,37.0
3 6 C5 30,40.0
3 6 C5 31,40.0
3 6 C5 32,59.0
3 6 C5 33,51.0
3 6 C5 34,39.0
3 6 C5 35,61.0
3 6 C5 36,22.0
3 6 C5 37,48.0
3 6 C5 38,nan
3 6 C5 39,38.0
3 6 C5 40,51.0
3 6 C5 41,46.0
3 6 C5 42,39.0
3 6 C5 43,44.0
3 6 C5 44,21.0
3 6 C5 45,49.0
3 6 C5 46,37.0
3 6 C5 47,nan
3 6 C5 48,75.0
3 6 C5 49,57.0
3 6 C5 50,nan
3 6 C5 51,68.0
3 6 C5 52,49.0
3 6 C5 53,43.0
3 6 C5 54,31.0
3 6 C5 55,0.0
3 6 C5 56,71.0
3 6 C5 57,nan
3 6 C5 58,52.0
3 6 C5 59,1.0
3 6 C5 60,54.0
3 2 D1 1,nan
3 2 D1 2,nan
3 2 D1 3,27.0
3 2 D1 4,79.0
3 2 D1 5,44.0
3 2 D1 6,2.0
3 2 D1 7,1.0
3 2 D1 8,39.0
3 2 D1 9,52.0
3 2 D1 10,73.0
3 2 D1 11,63.0
3 2 D1 12,2.0
3 2 D1 13,92.0
3 2 D1 14,nan
3 2 D1 15,76.0
3 2 D1 16,86.0
3 2 D1 17,75.0
3 2 D1 18,54.0
3 2 D1 19,83.0
3 2 D1 20,51.0
3 2 D1 21,0.0
3 2 D1 22,nan
3 2 D1 23,67.0
3 2 D1 24,59.0
3 2 D1 25,22.0
3 2 D1 26,3.0
3 2 D1 27,53.0
3 2 D1 28,62.0
3 2 D1 29,72.0
3 2 D1 30,56.0
3 2 D1 31,1.0
3 2 D1 32,49.0
3 2 D1 33,nan
3 2 D1 34,90.0
3 2 D1 35,50.0
3 2 D1 36,nan
3 2 D1 37,68.0
3 2 D1 38,88.0
3 2 D1 39,61.0
3 2 D1 40,nan
3 2 D1 41,61.0
3 2 D1 42,52.0
3 2 D1 43,67.0
3 2 D1 44,48.0
3 2 D1 45,nan
3 2 D1 46,56.0
3 2 D1 47,70.0
3 2 D1 48,nan
3 2 D1 49,67.0
3 2 D1 50,68.0
3 2 D1 51,nan
3 2 D1 52,nan
3 2 D1 53,62.0
3 2 D1 54,83.0
3 2 D1 55,87.0
3 2 D1 56,nan
3 2 D1 57,nan
3 2 D1 58,53.0
3 2 D1 59,25.0
3 2 D1 60,73.0
3 3 D2 1,66.0
3 3 D2 2,82.0
3 3 D2 3,nan
3 3 D2 4,85.0
3 3 D2 5,89.0
3 3 D2 6,64.0
3 3 D2 7,77.0
3 3 D2 8,90.0
3 3 D2 9,54.0
3 3 D2 10,nan
3 3 D2 11,87.0
3 3 D2 12,90.0
3 3 D2 13,68.0
3 3 D2 14,nan
3 3 D2 15,4.0
3 3 D2 16,nan
3 3 D2 17,82.0
3 3 D2 18,77.0
3 3 D2 19,57.0
3 3 D2 20,nan
3 3 D2 21,38.0
3 3 D2 22,62.0
3 3 D2 23,73.0
3 3 D2 24,72.0
3 3 D2 25,23.0
3 3 D2 26,66.0
3 3 D2 27,75.0
3 3 D2 28,82.0
3 3 D2 29,39.0
3 3 D2 30,56.0
3 3 D2 31,72.0
3 3 D2 32,nan
3 3 D2 33,48.0
3 3 D2 34,nan
3 3 D2 35,55.0
3 3 D2 36,36.0
3 3 D2 37,75.0
3 3 D2 38,77.0
3 3 D2 39,102.0
3 3 D2 40,82.0
3 3 D2 41,58.0
3 3 D2 42,89.0
3 3 D2 43,62.0
3 3 D2 44,80.0
3 3 D2 45,38.0
3 3 D2 46,55.0
3 3 D2 47,52.0
3 3 D2 48,87.0
3 3 D2 49,71.0
3 3 D2 50,41.0
3 3 D2 51,55.0
3 3 D2 52,76.0
3 3 D2 53,73.0
3 3 D2 54,nan
3 3 D2 55,nan
3 3 D2 56,62.0
3 3 D2 57,64.0
3 3 D2 58,26.0
3 3 D2 59,71.0
3 3 D2 60,nan
3 4 D3 1,16.0
3 4 D3 2,69.0
3 4 D3 3,44.0
3 4 D3 4,68.0
3 4 D3 5,55.0
3 4 D3 6,57.0
3 4 D3 7,3.0
3 4 D3 8,nan
3 4 D3 9,52.0
3 4 D3 10,46.0
3 4 D3 11,nan
3 4 D3 12,0.0
3 4 D3 13,53.0
3 4 D3 14,82.0
3 4 D3 15,nan
3 4 D3 16,62.0
3 4 D3 17,68.0
3 4 D3 18,2.0
3 4 D3 19,28.0
3 4 D3 20,49.0
3 4 D3 21,48.0
3 4 D3 22,39.0
3 4 D3 23,39.0
3 4 D3 24,38.0
3 4 D3 25,59.0
3 4 D3 26,58.0
3 4 D3 27,41.0
3 4 D3 28,36.0
3 4 D3 29,59.0
3 4 D3 30,41.0
3 4 D3 31,53.0
3 4 D3 32,59.0
3 4 D3 33,58.0
3 4 D3 34,40.0
3 4 D3 35,nan
3 4 D3 36,63.0
3 4 D3 37,34.0
3 4 D3 38,48.0
3 4 D3 39,49.0
3 4 D3 40,43.0
3 4 D3 41,46.0
3 4 D3 42,41.0
3 4 D3 43,46.0
3 4 D3 44,57.0
3 4 D3 45,51.0
3 4 D3 46,63.0
3 4 D3 47,42.0
3 4 D3 48,25.0
3 4 D3 49,0.0
3 4 D3 50,57.0
3 4 D3 51,64.0
3 4 D3 52,22.0
3 4 D3 53,63.0
3 4 D3 54,1.0
3 4 D3 55,38.0
3 4 D3 56,42.0
3 4 D3 57,0.0
3 4 D3 58,0.0
3 4 D3 59,30.0
3 4 D3 60,nan
3 5 D4 1,1.0
3 5 D4 2,22.0
3 5 D4 3,73.0
3 5 D4 4,56.0
3 5 D4 5,77.0
3 5 D4 6,22.0
3 5 D4 7,81.0
3 5 D4 8,71.0
3 5 D4 9,58.0
3 5 D4 10,77.0
3 5 D4 11,77.0
3 5 D4 12,56.0
3 5 D4 13,52.0
3 5 D4 14,68.0
3 5 D4 15,35.0
3 5 D4 16,69.0
3 5 D4 17,84.0
3 5 D4 18,nan
3 5 D4 19,77.0
3 5 D4 20,70.0
3 5 D4 21,80.0
3 5 D4 22,54.0
3 5 D4 23,74.0
3 5 D4 24,81.0
3 5 D4 25,72.0
3 5 D4 26,65.0
3 5 D4 27,45.0
3 5 D4 28,64.0
3 5 D4 29,51.0
3 5 D4 30,nan
3 5 D4 31,25.0
3 5 D4 32,71.0
3 5 D4 33,94.0
3 5 D4 34,32.0
3 5 D4 35,37.0
3 5 D4 36,42.0
3 5 D4 37,27.0
3 5 D4 38,75.0
3 5 D4 39,36.0
3 5 D4 40,80.0
3 5 D4 41,65.0
3 5 D4 42,62.0
3 5 D4 43,60.0
3 5 D4 44,47.0
3 5 D4 45,57.0
3 5 D4 46,84.0
3 5 D4 47,94.0
3 5 D4 48,nan
3 5 D4 49,47.0
3 5 D4 50,46.0
3 5 D4 51,76.0
3 5 D4 52,nan
3 5 D4 53,nan
3 5 D4 54,50.0
3 5 D4 55,53.0
3 5 D4 56,20.0
3 5 D4 57,73.0
3 5 D4 58,0.0
3 5 D4 59,39.0
3 5 D4 60,71.0
3 6 D5 1,13.0
3 6 D5 2,80.0
3 6 D5 3,nan
3 6 D5 4,67.0
3 6 D5 5,59.0
3 6 D5 6,60.0
3 6 D5 7,46.0
3 6 D5 8,75.0
3 6 D5 9,64.0
3 6 D5 10,35.0
3 6 D5 11,62.0
3 6 D5 12,2.0
3 6 D5 13,55.0
3 6 D5 14,73.0
3 6 D5 15,70.0
3 6 D5 16,53.0
3 6 D5 17,85.0
3 6 D5 18,0.0
3 6 D5 19,12.0
3 6 D5 20,65.0
3 6 D5 21,70.0
3 6 D5 22,57.0
3 6 D5 23,67.0
3 6 D5 24,53.0
3 6 D5 25,nan
3 6 D5 26,51.0
3 6 D5 27,63.0
3 6 D5 28,67.0
3 6 D5 29,17.0
3 6 D5 30,65.0
3 6 D5 31,79.0
3 6 D5 32,nan
3 6 D5 33,75.0
3 6 D5 34,52.0
3 6 D5 35,45.0
3 6 D5 36,nan
3 6 D5 37,65.0
3 6 D5 38,73.0
3 6 D5 39,59.0
3 6 D5 40,50.0
3 6 D5 41,49.0
3 6 D5 42,63.0
3 6 D5 43,52.0
3 6 D5 44,77.0
3 6 D5 45,45.0
3 6 D5 46,27.0
3 6 D5 47,42.0
3 6 D5 48,68.0
3 6 D5 49,55.0
3 6 D5 50,35.0
3 6 D5 51,48.0
3 6 D5 52,36.0
3 6 D5 53,40.0
3 6 D5 54,56.0
3 6 D5 55,42.0
3 6 D5 56,36.0
3 6 D5 57,43.0
3 6 D5 58,8.0
3 6 D5 59,76.0
3 6 D5 60,38.0
3 3 C1 1,44.0
3 3 C1 2,62.0
3 3 C1 3,75.0
3 3 C1 4,66.0
3 3 C1 5,49.0
3 3 C1 6,57.0
3 3 C1 7,62.0
3 3 C1 8,84.0
3 3 C1 9,48.0
3 3 C1 10,56.0
3 3 C1 11,41.0
3 3 C1 12,62.0
3 3 C1 13,85.0
3 3 C1 14,36.0
3 3 C1 15,35.0
3 3 C1 16,90.0
3 3 C1 17,89.0
3 3 C1 18,79.0
3 3 C1 19,69.0
3 3 C1 20,36.0
3 3 C1 21,nan
3 3 C1 22,81.0
3 3 C1 23,55.0
3 3 C1 24,42.0
3 3 C1 25,0.0
3 3 C1 26,80.0
3 3 C1 27,37.0
3 3 C1 28,33.0
3 3 C1 29,20.0
3 3 C1 30,33.0
3 3 C1 31,42.0
3 3 C1 32,1.0
3 3 C1 33,11.0
3 3 C1 34,54.0
3 3 C1 35,32.0
3 3 C1 36,51.0
3 3 C1 37,34.0
3 3 C1 38,45.0
3 3 C1 39,69.0
3 3 C1 40,68.0
3 3 C1 41,68.0
3 3 C1 42,48.0
3 3 C1 43,56.0
3 3 C1 44,64.0
3 3 C1 45,nan
3 3 C1 46,70.0
3 3 C1 47,52.0
3 3 C1 48,66.0
3 3 C1 49,82.0
3 3 C1 50,52.0
3 3 C1 51,nan
3 3 C1 52,94.0
3 3 C1 53,58.0
3 3 C1 54,61.0
3 3 C1 55,40.0
3 3 C1 56,67.0
3 3 C1 57,nan
3 3 C1 58,34.0
3 3 C1 59,92.0
3 3 C1 60,34.0
3 4 C2 1,23.0
3 4 C2 2,65.0
3 4 C2 3,65.0
3 4 C2 4,49.0
3 4 C2 5,42.0
3 4 C2 6,39.0
3 4 C2 7,42.0
3 4 C2 8,50.0
3 4 C2 9,26.0
3 4 C2 10,38.0
3 4 C2 11,nan
3 4 C2 12,63.0
3 4 C2 13,98.0
3 4 C2 14,nan
3 4 C2 15,27.0
3 4 C2 16,29.0
3 4 C2 17,31.0
3 4 C2 18,53.0
3 4 C2 19,21.0
3 4 C2 20,nan
3 4 C2 21,54.0
3 4 C2 22,35.0
3 4 C2 23,49.0
3 4 C2 24,67.0
3 4 C2 25,34.0
3 4 C2 26,29.0
3 4 C2 27,nan
3 4 C2 28,34.0
3 4 C2 29,69.0
3 4 C2 30,66.0
3 4 C2 31,45.0
3 4 C2 32,62.0
3 4 C2 33,36.0
3 4 C2 34,71.0
3 4 C2 35,75.0
3 4 C2 36,0.0
3 4 C2 37,45.0
3 4 C2 38,28.0
3 4 C2 39,49.0
3 4 C2 40,77.0
3 4 C2 41,34.0
3 4 C2 42,55.0
3 4 C2 43,47.0
3 4 C2 44,58.0
3 4 C2 45,38.0
3 4 C2 46,43.0
3 4 C2 47,42.0
3 4 C2 48,30.0
3 4 C2 49,41.0
3 4 C2 50,nan
3 4 C2 51,41.0
3 4 C2 52,48.0
3 4 C2 53,11.0
3 4 C2 54,35.0
3 4 C2 55,43.0
3 4 C2 56,35.0
3 4 C2 57,81.0
3 4 C2 58,37.0
3 4 C2 59,35.0
3 4 C2 60,23.0
3 5 C3 1,12.0
3 5 C3 2,29.0
3 5 C3 3,57.0
3 5 C3 4,58.0
3 5 C3 5,81.0
3 5 C3 6,54.0
3 5 C3 7,53.0
3 5 C3 8,44.0
3 5 C3 9,46.0
3 5 C3 10,18.0
3 5 C3 11,57.0
3 5 C3 12,nan
3 5 C3 13,64.0
3 5 C3 14,27.0
3 5 C3 15,39.0
3 5 C3 16,5.0
3 5 C3 17,36.0
3 5 C3 18,31.0
3 5 C3 19,63.0
3 5 C3 20,79.0
3 5 C3 21,39.0
3 5 C3 22,52.0
3 5 C3 23,62.0
3 5 C3 24,0.0
3 5 C3 25,36.0
3 5 C3 26,nan
3 5 C3 27,62.0
3 5 C3 28,65.0
3 5 C3 29,23.0
3 5 C3 30,44.0
3 5 C3 31,nan
3 5 C3 32,55.0
3 5 C3 33,51.0
3 5 C3 34,15.0
3 5 C3 35,39.0
3 5 C3 36,69.0
3 5 C3 37,63.0
3 5 C3 38,49.0
3 5 C3 39,43.0
3 5 C3 40,nan
3 5 C3 41,35.0
3 5 C3 42,67.0
3 5 C3 43,59.0
3 5 C3 44,60.0
3 5 C3 45,45.0
3 5 C3 46,48.0
3 5 C3 47,37.0
3 5 C3 48,20.0
3 5 C3 49,0.0
3 5 C3 50,4.0
3 5 C3 51,26.0
3 5 C3 52,61.0
3 5 C3 53,28.0
3 5 C3 54,36.0
3 5 C3 55,68.0
3 5 C3 56,16.0
3 5 C3 57,40.0
3 5 C3 58,44.0
3 5 C3 59,47.0
3 5 C3 60,26.0
3 6 C4 1,62.0
3 6 C4 2,47.0
3 6 C4 3,61.0
3 6 C4 4,62.0
3 6 C4 5,0.0
3 6 C4 6,44.0
3 6 C4 7,73.0
3 6 C4 8,87.0
3 6 C4 9,62.0
3 6 C4 10,67.0
3 6 C4 11,58.0
3 6 C4 12,60.0
3 6 C4 13,34.0
3 6 C4 14,28.0
3 6 C4 15,65.0
3 6 C4 16,62.0
3 6 C4 17,65.0
3 6 C4 18,44.0
3 6 C4 19,64.0
3 6 C4 20,88.0
3 6 C4 21,8.0
3 6 C4 22,53.0
3 6 C4 23,53.0
3 6 C4 24,0.0
3 6 C4 25,63.0
3 6 C4 26,nan
3 6 C4 27,62.0
3 6 C4 28,54.0
3 6 C4 29,nan
3 6 C4 30,7.0
3 6 C4 31,61.0
3 6 C4 32,0.0
3 6 C4 33,67.0
3 6 C4 34,35.0
3 6 C4 35,43.0
3 6 C4 36,15.0
3 6 C4 37,61.0
3 6 C4 38,53.0
3 6 C4 39,53.0
3 6 C4 40,64.0
3 6 C4 41,56.0
3 6 C4 42,61.0
3 6 C4 43,58.0
3 6 C4 44,0.0
3 6 C4 45,56.0
3 6 C4 46,55.0
3 6 C4 47,0.0
3 6 C4 48,6.0
3 6 C4 49,65.0
3 6 C4 50,nan
3 6 C4 51,25.0
3 6 C4 52,82.0
3 6 C4 53,34.0
3 6 C4 54,0.0
3 6 C4 55,68.0
3 6 C4 56,22.0
3 6 C4 57,32.0
3 6 C4 58,19.0
3 6 C4 59,nan
3 6 C4 60,65.0
3 7 C5 1,58.0
3 7 C5 2,60.0
3 7 C5 3,39.0
3 7 C5 4,44.0
3 7 C5 5,62.0
3 7 C5 6,4.0
3 7 C5 7,47.0
3 7 C5 8,47.0
3 7 C5 9,59.0
3 7 C5 10,55.0
3 7 C5 11,13.0
3 7 C5 12,6.0
3 7 C5 13,47.0
3 7 C5 14,39.0
3 7 C5 15,1.0
3 7 C5 16,45.0
3 7 C5 17,35.0
3 7 C5 18,53.0
3 7 C5 19,44.0
3 7 C5 20,33.0
3 7 C5 21,64.0
3 7 C5 22,81.0
3 7 C5 23,45.0
3 7 C5 24,64.0
3 7 C5 25,38.0
3 7 C5 26,45.0
3 7 C5 27,55.0
3 7 C5 28,46.0
3 7 C5 29,29.0
3 7 C5 30,38.0
3 7 C5 31,61.0
3 7 C5 32,78.0
3 7 C5 33,40.0
3 7 C5 34,43.0
3 7 C5 35,56.0
3 7 C5 36,2.0
3 7 C5 37,52.0
3 7 C5 38,nan
3 7 C5 39,36.0
3 7 C5 40,38.0
3 7 C5 41,46.0
3 7 C5 42,42.0
3 7 C5 43,38.0
3 7 C5 44,46.0
3 7 C5 45,50.0
3 7 C5 46,45.0
3 7 C5 47,nan
3 7 C5 48,67.0
3 7 C5 49,42.0
3 7 C5 50,nan
3 7 C5 51,73.0
3 7 C5 52,19.0
3 7 C5 53,43.0
3 7 C5 54,38.0
3 7 C5 55,1.0
3 7 C5 56,58.0
3 7 C5 57,nan
3 7 C5 58,53.0
3 7 C5 59,1.0
3 7 C5 60,41.0
3 3 D1 1,nan
3 3 D1 2,nan
3 3 D1 3,nan
3 3 D1 4,82.0
3 3 D1 5,50.0
3 3 D1 6,nan
3 3 D1 7,1.0
3 3 D1 8,52.0
3 3 D1 9,41.0
3 3 D1 10,68.0
3 3 D1 11,50.0
3 3 D1 12,0.0
3 3 D1 13,95.0
3 3 D1 14,nan
3 3 D1 15,53.0
3 3 D1 16,82.0
3 3 D1 17,39.0
3 3 D1 18,46.0
3 3 D1 19,95.0
3 3 D1 20,46.0
3 3 D1 21,0.0
3 3 D1 22,nan
3 3 D1 23,nan
3 3 D1 24,54.0
3 3 D1 25,1.0
3 3 D1 26,2.0
3 3 D1 27,53.0
3 3 D1 28,53.0
3 3 D1 29,85.0
3 3 D1 30,99.0
3 3 D1 31,0.0
3 3 D1 32,61.0
3 3 D1 33,nan
3 3 D1 34,79.0
3 3 D1 35,16.0
3 3 D1 36,nan
3 3 D1 37,77.0
3 3 D1 38,91.0
3 3 D1 39,63.0
3 3 D1 40,nan
3 3 D1 41,87.0
3 3 D1 42,49.0
3 3 D1 43,87.0
3 3 D1 44,2.0
3 3 D1 45,nan
3 3 D1 46,78.0
3 3 D1 47,65.0
3 3 D1 48,nan
3 3 D1 49,59.0
3 3 D1 50,68.0
3 3 D1 51,nan
3 3 D1 52,nan
3 3 D1 53,55.0
3 3 D1 54,59.0
3 3 D1 55,78.0
3 3 D1 56,nan
3 3 D1 57,nan
3 3 D1 58,41.0
3 3 D1 59,33.0
3 3 D1 60,61.0
3 4 D2 1,61.0
3 4 D2 2,70.0
3 4 D2 3,nan
3 4 D2 4,70.0
3 4 D2 5,59.0
3 4 D2 6,47.0
3 4 D2 7,90.0
3 4 D2 8,50.0
3 4 D2 9,44.0
3 4 D2 10,nan
3 4 D2 11,80.0
3 4 D2 12,47.0
3 4 D2 13,41.0
3 4 D2 14,nan
3 4 D2 15,0.0
3 4 D2 16,nan
3 4 D2 17,73.0
3 4 D2 18,30.0
3 4 D2 19,42.0
3 4 D2 20,nan
3 4 D2 21,41.0
3 4 D2 22,17.0
3 4 D2 23,65.0
3 4 D2 24,53.0
3 4 D2 25,11.0
3 4 D2 26,45.0
3 4 D2 27,49.0
3 4 D2 28,52.0
3 4 D2 29,46.0
3 4 D2 30,52.0
3 4 D2 31,47.0
3 4 D2 32,nan
3 4 D2 33,42.0
3 4 D2 34,nan
3 4 D2 35,40.0
3 4 D2 36,29.0
3 4 D2 37,50.0
3 4 D2 38,65.0
3 4 D2 39,47.0
3 4 D2 40,56.0
3 4 D2 41,39.0
3 4 D2 42,66.0
3 4 D2 43,62.0
3 4 D2 44,51.0
3 4 D2 45,27.0
3 4 D2 46,36.0
3 4 D2 47,37.0
3 4 D2 48,69.0
3 4 D2 49,93.0
3 4 D2 50,33.0
3 4 D2 51,40.0
3 4 D2 52,64.0
3 4 D2 53,59.0
3 4 D2 54,nan
3 4 D2 55,nan
3 4 D2 56,51.0
3 4 D2 57,55.0
3 4 D2 58,28.0
3 4 D2 59,47.0
3 4 D2 60,nan
3 5 D3 1,5.0
3 5 D3 2,69.0
3 5 D3 3,62.0
3 5 D3 4,74.0
3 5 D3 5,63.0
3 5 D3 6,58.0
3 5 D3 7,nan
3 5 D3 8,nan
3 5 D3 9,49.0
3 5 D3 10,55.0
3 5 D3 11,nan
3 5 D3 12,nan
3 5 D3 13,51.0
3 5 D3 14,82.0
3 5 D3 15,nan
3 5 D3 16,40.0
3 5 D3 17,46.0
3 5 D3 18,0.0
3 5 D3 19,36.0
3 5 D3 20,47.0
3 5 D3 21,48.0
3 5 D3 22,38.0
3 5 D3 23,55.0
3 5 D3 24,30.0
3 5 D3 25,52.0
3 5 D3 26,75.0
3 5 D3 27,49.0
3 5 D3 28,64.0
3 5 D3 29,42.0
3 5 D3 30,62.0
3 5 D3 31,54.0
3 5 D3 32,65.0
3 5 D3 33,39.0
3 5 D3 34,42.0
3 5 D3 35,nan
3 5 D3 36,44.0
3 5 D3 37,43.0
3 5 D3 38,16.0
3 5 D3 39,46.0
3 5 D3 40,54.0
3 5 D3 41,43.0
3 5 D3 42,42.0
3 5 D3 43,48.0
3 5 D3 44,45.0
3 5 D3 45,19.0
3 5 D3 46,49.0
3 5 D3 47,54.0
3 5 D3 48,52.0
3 5 D3 49,1.0
3 5 D3 50,28.0
3 5 D3 51,65.0
3 5 D3 52,46.0
3 5 D3 53,45.0
3 5 D3 54,0.0
3 5 D3 55,30.0
3 5 D3 56,33.0
3 5 D3 57,0.0
3 5 D3 58,63.0
3 5 D3 59,25.0
3 5 D3 60,nan
3 6 D4 1,0.0
3 6 D4 2,14.0
3 6 D4 3,54.0
3 6 D4 4,33.0
3 6 D4 5,71.0
3 6 D4 6,0.0
3 6 D4 7,49.0
3 6 D4 8,62.0
3 6 D4 9,64.0
3 6 D4 10,95.0
3 6 D4 11,69.0
3 6 D4 12,57.0
3 6 D4 13,48.0
3 6 D4 14,59.0
3 6 D4 15,18.0
3 6 D4 16,73.0
3 6 D4 17,67.0
3 6 D4 18,nan
3 6 D4 19,50.0
3 6 D4 20,42.0
3 6 D4 21,82.0
3 6 D4 22,33.0
3 6 D4 23,60.0
3 6 D4 24,66.0
3 6 D4 25,57.0
3 6 D4 26,64.0
3 6 D4 27,36.0
3 6 D4 28,54.0
3 6 D4 29,40.0
3 6 D4 30,nan
3 6 D4 31,0.0
3 6 D4 32,48.0
3 6 D4 33,88.0
3 6 D4 34,24.0
3 6 D4 35,32.0
3 6 D4 36,53.0
3 6 D4 37,36.0
3 6 D4 38,74.0
3 6 D4 39,30.0
3 6 D4 40,8.0
3 6 D4 41,57.0
3 6 D4 42,58.0
3 6 D4 43,58.0
3 6 D4 44,30.0
3 6 D4 45,36.0
3 6 D4 46,78.0
3 6 D4 47,76.0
3 6 D4 48,nan
3 6 D4 49,62.0
3 6 D4 50,38.0
3 6 D4 51,58.0
3 6 D4 52,nan
3 6 D4 53,nan
3 6 D4 54,55.0
3 6 D4 55,58.0
3 6 D4 56,0.0
3 6 D4 57,59.0
3 6 D4 58,0.0
3 6 D4 59,0.0
3 6 D4 60,54.0
3 7 D5 1,29.0
3 7 D5 2,40.0
3 7 D5 3,nan
3 7 D5 4,88.0
3 7 D5 5,44.0
3 7 D5 6,51.0
3 7 D5 7,17.0
3 7 D5 8,77.0
3 7 D5 9,77.0
3 7 D5 10,32.0
3 7 D5 11,65.0
3 7 D5 12,0.0
3 7 D5 13,51.0
3 7 D5 14,58.0
3 7 D5 15,55.0
3 7 D5 16,13.0
3 7 D5 17,91.0
3 7 D5 18,0.0
3 7 D5 19,1.0
3 7 D5 20,57.0
3 7 D5 21,86.0
3 7 D5 22,70.0
3 7 D5 23,78.0
3 7 D5 24,nan
3 7 D5 25,nan
3 7 D5 26,34.0
3 7 D5 27,20.0
3 7 D5 28,45.0
3 7 D5 29,10.0
3 7 D5 30,57.0
3 7 D5 31,60.0
3 7 D5 32,nan
3 7 D5 33,54.0
3 7 D5 34,36.0
3 7 D5 35,49.0
3 7 D5 36,nan
3 7 D5 37,65.0
3 7 D5 38,64.0
3 7 D5 39,44.0
3 7 D5 40,59.0
3 7 D5 41,82.0
3 7 D5 42,51.0
3 7 D5 43,60.0
3 7 D5 44,60.0
3 7 D5 45,60.0
3 7 D5 46,32.0
3 7 D5 47,51.0
3 7 D5 48,62.0
3 7 D5 49,36.0
3 7 D5 50,31.0
3 7 D5 51,37.0
3 7 D5 52,42.0
3 7 D5 53,47.0
3 7 D5 54,65.0
3 7 D5 55,44.0
3 7 D5 56,40.0
3 7 D5 57,47.0
3 7 D5 58,36.0
3 7 D5 59,58.0
3 7 D5 60,74.0
3 4 C1 1,42.0
3 4 C1 2,36.0
3 4 C1 3,53.0
3 4 C1 4,29.0
3 4 C1 5,40.0
3 4 C1 6,46.0
3 4 C1 7,50.0
3 4 C1 8,66.0
3 4 C1 9,43.0
3 4 C1 10,38.0
3 4 C1 11,29.0
3 4 C1 12,24.0
3 4 C1 13,76.0
3 4 C1 14,33.0
3 4 C1 15,47.0
3 4 C1 16,55.0
3 4 C1 17,59.0
3 4 C1 18,55.0
3 4 C1 19,42.0
3 4 C1 20,60.0
3 4 C1 21,nan
3 4 C1 22,70.0
3 4 C1 23,40.0
3 4 C1 24,21.0
3 4 C1 25,0.0
3 4 C1 26,55.0
3 4 C1 27,34.0
3 4 C1 28,27.0
3 4 C1 29,12.0
3 4 C1 30,32.0
3 4 C1 31,42.0
3 4 C1 32,0.0
3 4 C1 33,18.0
3 4 C1 34,48.0
3 4 C1 35,27.0
3 4 C1 36,45.0
3 4 C1 37,27.0
3 4 C1 38,48.0
3 4 C1 39,42.0
3 4 C1 40,40.0
3 4 C1 41,46.0
3 4 C1 42,37.0
3 4 C1 43,26.0
3 4 C1 44,43.0
3 4 C1 45,nan
3 4 C1 46,55.0
3 4 C1 47,34.0
3 4 C1 48,51.0
3 4 C1 49,64.0
3 4 C1 50,47.0
3 4 C1 51,nan
3 4 C1 52,82.0
3 4 C1 53,68.0
3 4 C1 54,31.0
3 4 C1 55,40.0
3 4 C1 56,48.0
3 4 C1 57,nan
3 4 C1 58,60.0
3 4 C1 59,60.0
3 4 C1 60,21.0
3 5 C2 1,29.0
3 5 C2 2,75.0
3 5 C2 3,48.0
3 5 C2 4,44.0
3 5 C2 5,41.0
3 5 C2 6,30.0
3 5 C2 7,20.0
3 5 C2 8,61.0
3 5 C2 9,57.0
3 5 C2 10,49.0
3 5 C2 11,nan
3 5 C2 12,46.0
3 5 C2 13,74.0
3 5 C2 14,nan
3 5 C2 15,4.0
3 5 C2 16,34.0
3 5 C2 17,1.0
3 5 C2 18,48.0
3 5 C2 19,37.0
3 5 C2 20,nan
3 5 C2 21,72.0
3 5 C2 22,1.0
3 5 C2 23,58.0
3 5 C2 24,58.0
3 5 C2 25,76.0
3 5 C2 26,40.0
3 5 C2 27,nan
3 5 C2 28,48.0
3 5 C2 29,55.0
3 5 C2 30,76.0
3 5 C2 31,43.0
3 5 C2 32,49.0
3 5 C2 33,52.0
3 5 C2 34,82.0
3 5 C2 35,63.0
3 5 C2 36,58.0
3 5 C2 37,0.0
3 5 C2 38,15.0
3 5 C2 39,61.0
3 5 C2 40,65.0
3 5 C2 41,37.0
3 5 C2 42,24.0
3 5 C2 43,49.0
3 5 C2 44,85.0
3 5 C2 45,46.0
3 5 C2 46,87.0
3 5 C2 47,43.0
3 5 C2 48,nan
3 5 C2 49,36.0
3 5 C2 50,nan
3 5 C2 51,35.0
3 5 C2 52,61.0
3 5 C2 53,6.0
3 5 C2 54,33.0
3 5 C2 55,33.0
3 5 C2 56,30.0
3 5 C2 57,55.0
3 5 C2 58,43.0
3 5 C2 59,47.0
3 5 C2 60,0.0
3 6 C3 1,0.0
3 6 C3 2,51.0
3 6 C3 3,62.0
3 6 C3 4,64.0
3 6 C3 5,62.0
3 6 C3 6,31.0
3 6 C3 7,41.0
3 6 C3 8,31.0
3 6 C3 9,27.0
3 6 C3 10,47.0
3 6 C3 11,46.0
3 6 C3 12,nan
3 6 C3 13,49.0
3 6 C3 14,37.0
3 6 C3 15,57.0
3 6 C3 16,0.0
3 6 C3 17,47.0
3 6 C3 18,32.0
3 6 C3 19,55.0
3 6 C3 20,67.0
3 6 C3 21,29.0
3 6 C3 22,53.0
3 6 C3 23,62.0
3 6 C3 24,0.0
3 6 C3 25,43.0
3 6 C3 26,nan
3 6 C3 27,77.0
3 6 C3 28,46.0
3 6 C3 29,34.0
3 6 C3 30,27.0
3 6 C3 31,nan
3 6 C3 32,51.0
3 6 C3 33,50.0
3 6 C3 34,3.0
3 6 C3 35,24.0
3 6 C3 36,45.0
3 6 C3 37,72.0
3 6 C3 38,39.0
3 6 C3 39,17.0
3 6 C3 40,nan
3 6 C3 41,29.0
3 6 C3 42,56.0
3 6 C3 43,51.0
3 6 C3 44,49.0
3 6 C3 45,25.0
3 6 C3 46,50.0
3 6 C3 47,42.0
3 6 C3 48,37.0
3 6 C3 49,nan
3 6 C3 50,0.0
3 6 C3 51,45.0
3 6 C3 52,57.0
3 6 C3 53,27.0
3 6 C3 54,40.0
3 6 C3 55,46.0
3 6 C3 56,30.0
3 6 C3 57,25.0
3 6 C3 58,22.0
3 6 C3 59,0.0
3 6 C3 60,19.0
3 7 C4 1,81.0
3 7 C4 2,51.0
3 7 C4 3,45.0
3 7 C4 4,48.0
3 7 C4 5,1.0
3 7 C4 6,20.0
3 7 C4 7,87.0
3 7 C4 8,36.0
3 7 C4 9,30.0
3 7 C4 10,64.0
3 7 C4 11,19.0
3 7 C4 12,35.0
3 7 C4 13,26.0
3 7 C4 14,40.0
3 7 C4 15,43.0
3 7 C4 16,27.0
3 7 C4 17,62.0
3 7 C4 18,61.0
3 7 C4 19,9.0
3 7 C4 20,65.0
3 7 C4 21,2.0
3 7 C4 22,27.0
3 7 C4 23,67.0
3 7 C4 24,1.0
3 7 C4 25,59.0
3 7 C4 26,nan
3 7 C4 27,65.0
3 7 C4 28,61.0
3 7 C4 29,nan
3 7 C4 30,1.0
3 7 C4 31,58.0
3 7 C4 32,0.0
3 7 C4 33,14.0
3 7 C4 34,49.0
3 7 C4 35,22.0
3 7 C4 36,22.0
3 7 C4 37,60.0
3 7 C4 38,70.0
3 7 C4 39,34.0
3 7 C4 40,62.0
3 7 C4 41,39.0
3 7 C4 42,35.0
3 7 C4 43,58.0
3 7 C4 44,0.0
3 7 C4 45,48.0
3 7 C4 46,52.0
3 7 C4 47,1.0
3 7 C4 48,1.0
3 7 C4 49,73.0
3 7 C4 50,nan
3 7 C4 51,35.0
3 7 C4 52,89.0
3 7 C4 53,44.0
3 7 C4 54,0.0
3 7 C4 55,67.0
3 7 C4 56,38.0
3 7 C4 57,43.0
3 7 C4 58,30.0
3 7 C4 59,nan
3 7 C4 60,63.0
3 8 C5 1,50.0
3 8 C5 2,38.0
3 8 C5 3,39.0
3 8 C5 4,56.0
3 8 C5 5,62.0
3 8 C5 6,6.0
3 8 C5 7,35.0
3 8 C5 8,68.0
3 8 C5 9,52.0
3 8 C5 10,65.0
3 8 C5 11,3.0
3 8 C5 12,0.0
3 8 C5 13,64.0
3 8 C5 14,50.0
3 8 C5 15,0.0
3 8 C5 16,42.0
3 8 C5 17,46.0
3 8 C5 18,5.0
3 8 C5 19,44.0
3 8 C5 20,21.0
3 8 C5 21,46.0
3 8 C5 22,69.0
3 8 C5 23,1.0
3 8 C5 24,63.0
3 8 C5 25,45.0
3 8 C5 26,37.0
3 8 C5 27,48.0
3 8 C5 28,41.0
3 8 C5 29,33.0
3 8 C5 30,32.0
3 8 C5 31,43.0
3 8 C5 32,60.0
3 8 C5 33,44.0
3 8 C5 34,45.0
3 8 C5 35,64.0
3 8 C5 36,0.0
3 8 C5 37,43.0
3 8 C5 38,nan
3 8 C5 39,44.0
3 8 C5 40,42.0
3 8 C5 41,39.0
3 8 C5 42,32.0
3 8 C5 43,25.0
3 8 C5 44,29.0
3 8 C5 45,29.0
3 8 C5 46,28.0
3 8 C5 47,nan
3 8 C5 48,53.0
3 8 C5 49,3.0
3 8 C5 50,nan
3 8 C5 51,34.0
3 8 C5 52,nan
3 8 C5 53,39.0
3 8 C5 54,34.0
3 8 C5 55,0.0
3 8 C5 56,64.0
3 8 C5 57,nan
3 8 C5 58,67.0
3 8 C5 59,1.0
3 8 C5 60,44.0
3 4 D1 1,nan
3 4 D1 2,nan
3 4 D1 3,nan
3 4 D1 4,69.0
3 4 D1 5,50.0
3 4 D1 6,nan
3 4 D1 7,0.0
3 4 D1 8,51.0
3 4 D1 9,40.0
3 4 D1 10,19.0
3 4 D1 11,31.0
3 4 D1 12,0.0
3 4 D1 13,74.0
3 4 D1 14,nan
3 4 D1 15,33.0
3 4 D1 16,63.0
3 4 D1 17,0.0
3 4 D1 18,54.0
3 4 D1 19,62.0
3 4 D1 20,43.0
3 4 D1 21,0.0
3 4 D1 22,nan
3 4 D1 23,nan
3 4 D1 24,45.0
3 4 D1 25,0.0
3 4 D1 26,0.0
3 4 D1 27,35.0
3 4 D1 28,33.0
3 4 D1 29,60.0
3 4 D1 30,50.0
3 4 D1 31,nan
3 4 D1 32,50.0
3 4 D1 33,nan
3 4 D1 34,70.0
3 4 D1 35,5.0
3 4 D1 36,nan
3 4 D1 37,54.0
3 4 D1 38,85.0
3 4 D1 39,39.0
3 4 D1 40,nan
3 4 D1 41,45.0
3 4 D1 42,37.0
3 4 D1 43,38.0
3 4 D1 44,0.0
3 4 D1 45,nan
3 4 D1 46,32.0
3 4 D1 47,16.0
3 4 D1 48,nan
3 4 D1 49,55.0
3 4 D1 50,48.0
3 4 D1 51,nan
3 4 D1 52,nan
3 4 D1 53,28.0
3 4 D1 54,49.0
3 4 D1 55,54.0
3 4 D1 56,nan
3 4 D1 57,nan
3 4 D1 58,1.0
3 4 D1 59,35.0
3 4 D1 60,58.0
3 5 D2 1,72.0
3 5 D2 2,50.0
3 5 D2 3,nan
3 5 D2 4,57.0
3 5 D2 5,58.0
3 5 D2 6,49.0
3 5 D2 7,87.0
3 5 D2 8,29.0
3 5 D2 9,45.0
3 5 D2 10,nan
3 5 D2 11,91.0
3 5 D2 12,59.0
3 5 D2 13,81.0
3 5 D2 14,nan
3 5 D2 15,nan
3 5 D2 16,nan
3 5 D2 17,34.0
3 5 D2 18,58.0
3 5 D2 19,36.0
3 5 D2 20,nan
3 5 D2 21,62.0
3 5 D2 22,38.0
3 5 D2 23,73.0
3 5 D2 24,82.0
3 5 D2 25,27.0
3 5 D2 26,42.0
3 5 D2 27,44.0
3 5 D2 28,46.0
3 5 D2 29,54.0
3 5 D2 30,48.0
3 5 D2 31,47.0
3 5 D2 32,nan
3 5 D2 33,44.0
3 5 D2 34,nan
3 5 D2 35,69.0
3 5 D2 36,44.0
3 5 D2 37,47.0
3 5 D2 38,58.0
3 5 D2 39,76.0
3 5 D2 40,84.0
3 5 D2 41,43.0
3 5 D2 42,33.0
3 5 D2 43,68.0
3 5 D2 44,47.0
3 5 D2 45,33.0
3 5 D2 46,49.0
3 5 D2 47,41.0
3 5 D2 48,45.0
3 5 D2 49,58.0
3 5 D2 50,41.0
3 5 D2 51,22.0
3 5 D2 52,49.0
3 5 D2 53,45.0
3 5 D2 54,nan
3 5 D2 55,nan
3 5 D2 56,28.0
3 5 D2 57,51.0
3 5 D2 58,22.0
3 5 D2 59,50.0
3 5 D2 60,nan
3 6 D3 1,36.0
3 6 D3 2,69.0
3 6 D3 3,44.0
3 6 D3 4,47.0
3 6 D3 5,53.0
3 6 D3 6,58.0
3 6 D3 7,nan
3 6 D3 8,nan
3 6 D3 9,44.0
3 6 D3 10,52.0
3 6 D3 11,nan
3 6 D3 12,nan
3 6 D3 13,47.0
3 6 D3 14,72.0
3 6 D3 15,nan
3 6 D3 16,59.0
3 6 D3 17,54.0
3 6 D3 18,0.0
3 6 D3 19,50.0
3 6 D3 20,59.0
3 6 D3 21,22.0
3 6 D3 22,48.0
3 6 D3 23,37.0
3 6 D3 24,17.0
3 6 D3 25,43.0
3 6 D3 26,69.0
3 6 D3 27,nan
3 6 D3 28,46.0
3 6 D3 29,23.0
3 6 D3 30,56.0
3 6 D3 31,38.0
3 6 D3 32,49.0
3 6 D3 33,58.0
3 6 D3 34,41.0
3 6 D3 35,nan
3 6 D3 36,45.0
3 6 D3 37,65.0
3 6 D3 38,33.0
3 6 D3 39,40.0
3 6 D3 40,49.0
3 6 D3 41,43.0
3 6 D3 42,40.0
3 6 D3 43,46.0
3 6 D3 44,41.0
3 6 D3 45,40.0
3 6 D3 46,0.0
3 6 D3 47,24.0
3 6 D3 48,0.0
3 6 D3 49,0.0
3 6 D3 50,34.0
3 6 D3 51,42.0
3 6 D3 52,25.0
3 6 D3 53,57.0
3 6 D3 54,0.0
3 6 D3 55,32.0
3 6 D3 56,51.0
3 6 D3 57,0.0
3 6 D3 58,24.0
3 6 D3 59,29.0
3 6 D3 60,nan
3 7 D4 1,0.0
3 7 D4 2,25.0
3 7 D4 3,62.0
3 7 D4 4,35.0
3 7 D4 5,64.0
3 7 D4 6,nan
3 7 D4 7,29.0
3 7 D4 8,68.0
3 7 D4 9,74.0
3 7 D4 10,87.0
3 7 D4 11,22.0
3 7 D4 12,54.0
3 7 D4 13,49.0
3 7 D4 14,67.0
3 7 D4 15,16.0
3 7 D4 16,57.0
3 7 D4 17,72.0
3 7 D4 18,nan
3 7 D4 19,55.0
3 7 D4 20,45.0
3 7 D4 21,76.0
3 7 D4 22,55.0
3 7 D4 23,69.0
3 7 D4 24,67.0
3 7 D4 25,44.0
3 7 D4 26,79.0
3 7 D4 27,55.0
3 7 D4 28,73.0
3 7 D4 29,51.0
3 7 D4 30,nan
3 7 D4 31,1.0
3 7 D4 32,65.0
3 7 D4 33,72.0
3 7 D4 34,32.0
3 7 D4 35,1.0
3 7 D4 36,9.0
3 7 D4 37,51.0
3 7 D4 38,85.0
3 7 D4 39,23.0
3 7 D4 40,0.0
3 7 D4 41,48.0
3 7 D4 42,64.0
3 7 D4 43,58.0
3 7 D4 44,1.0
3 7 D4 45,58.0
3 7 D4 46,57.0
3 7 D4 47,74.0
3 7 D4 48,nan
3 7 D4 49,41.0
3 7 D4 50,33.0
3 7 D4 51,54.0
3 7 D4 52,nan
3 7 D4 53,nan
3 7 D4 54,44.0
3 7 D4 55,49.0
3 7 D4 56,1.0
3 7 D4 57,64.0
3 7 D4 58,1.0
3 7 D4 59,0.0
3 7 D4 60,37.0
3 8 D5 1,18.0
3 8 D5 2,62.0
3 8 D5 3,nan
3 8 D5 4,52.0
3 8 D5 5,61.0
3 8 D5 6,52.0
3 8 D5 7,2.0
3 8 D5 8,72.0
3 8 D5 9,70.0
3 8 D5 10,11.0
3 8 D5 11,38.0
3 8 D5 12,0.0
3 8 D5 13,54.0
3 8 D5 14,49.0
3 8 D5 15,48.0
3 8 D5 16,15.0
3 8 D5 17,83.0
3 8 D5 18,0.0
3 8 D5 19,1.0
3 8 D5 20,58.0
3 8 D5 21,38.0
3 8 D5 22,56.0
3 8 D5 23,56.0
3 8 D5 24,nan
3 8 D5 25,nan
3 8 D5 26,47.0
3 8 D5 27,1.0
3 8 D5 28,41.0
3 8 D5 29,nan
3 8 D5 30,59.0
3 8 D5 31,62.0
3 8 D5 32,nan
3 8 D5 33,53.0
3 8 D5 34,64.0
3 8 D5 35,63.0
3 8 D5 36,nan
3 8 D5 37,64.0
3 8 D5 38,57.0
3 8 D5 39,47.0
3 8 D5 40,35.0
3 8 D5 41,74.0
3 8 D5 42,61.0
3 8 D5 43,31.0
3 8 D5 44,47.0
3 8 D5 45,50.0
3 8 D5 46,54.0
3 8 D5 47,52.0
3 8 D5 48,55.0
3 8 D5 49,54.0
3 8 D5 50,26.0
3 8 D5 51,36.0
3 8 D5 52,25.0
3 8 D5 53,45.0
3 8 D5 54,60.0
3 8 D5 55,40.0
3 8 D5 56,14.0
3 8 D5 57,41.0
3 8 D5 58,17.0
3 8 D5 59,61.0
3 8 D5 60,51.0
3 5 C1 1,34.0
3 5 C1 2,49.0
3 5 C1 3,93.0
3 5 C1 4,45.0
3 5 C1 5,49.0
3 5 C1 6,44.0
3 5 C1 7,59.0
3 5 C1 8,83.0
3 5 C1 9,57.0
3 5 C1 10,54.0
3 5 C1 11,45.0
3 5 C1 12,0.0
3 5 C1 13,62.0
3 5 C1 14,61.0
3 5 C1 15,51.0
3 5 C1 16,82.0
3 5 C1 17,81.0
3 5 C1 18,55.0
3 5 C1 19,66.0
3 5 C1 20,48.0
3 5 C1 21,nan
3 5 C1 22,68.0
3 5 C1 23,43.0
3 5 C1 24,26.0
3 5 C1 25,0.0
3 5 C1 26,66.0
3 5 C1 27,34.0
3 5 C1 28,50.0
3 5 C1 29,23.0
3 5 C1 30,61.0
3 5 C1 31,58.0
3 5 C1 32,0.0
3 5 C1 33,34.0
3 5 C1 34,28.0
3 5 C1 35,51.0
3 5 C1 36,40.0
3 5 C1 37,18.0
3 5 C1 38,59.0
3 5 C1 39,67.0
3 5 C1 40,66.0
3 5 C1 41,67.0
3 5 C1 42,26.0
3 5 C1 43,29.0
3 5 C1 44,55.0
3 5 C1 45,nan
3 5 C1 46,65.0
3 5 C1 47,40.0
3 5 C1 48,51.0
3 5 C1 49,60.0
3 5 C1 50,14.0
3 5 C1 51,nan
3 5 C1 52,88.0
3 5 C1 53,57.0
3 5 C1 54,33.0
3 5 C1 55,45.0
3 5 C1 56,69.0
3 5 C1 57,nan
3 5 C1 58,33.0
3 5 C1 59,69.0
3 5 C1 60,1.0
3 6 C2 1,36.0
3 6 C2 2,62.0
3 6 C2 3,41.0
3 6 C2 4,17.0
3 6 C2 5,50.0
3 6 C2 6,37.0
3 6 C2 7,52.0
3 6 C2 8,47.0
3 6 C2 9,43.0
3 6 C2 10,49.0
3 6 C2 11,nan
3 6 C2 12,83.0
3 6 C2 13,92.0
3 6 C2 14,nan
3 6 C2 15,0.0
3 6 C2 16,31.0
3 6 C2 17,5.0
3 6 C2 18,58.0
3 6 C2 19,43.0
3 6 C2 20,nan
3 6 C2 21,60.0
3 6 C2 22,0.0
3 6 C2 23,69.0
3 6 C2 24,75.0
3 6 C2 25,60.0
3 6 C2 26,45.0
3 6 C2 27,nan
3 6 C2 28,36.0
3 6 C2 29,51.0
3 6 C2 30,27.0
3 6 C2 31,42.0
3 6 C2 32,58.0
3 6 C2 33,46.0
3 6 C2 34,72.0
3 6 C2 35,74.0
3 6 C2 36,59.0
3 6 C2 37,0.0
3 6 C2 38,25.0
3 6 C2 39,38.0
3 6 C2 40,52.0
3 6 C2 41,23.0
3 6 C2 42,45.0
3 6 C2 43,42.0
3 6 C2 44,64.0
3 6 C2 45,39.0
3 6 C2 46,55.0
3 6 C2 47,17.0
3 6 C2 48,nan
3 6 C2 49,46.0
3 6 C2 50,nan
3 6 C2 51,53.0
3 6 C2 52,49.0
3 6 C2 53,3.0
3 6 C2 54,48.0
3 6 C2 55,50.0
3 6 C2 56,55.0
3 6 C2 57,50.0
3 6 C2 58,51.0
3 6 C2 59,29.0
3 6 C2 60,5.0
3 7 C3 1,1.0
3 7 C3 2,18.0
3 7 C3 3,66.0
3 7 C3 4,62.0
3 7 C3 5,62.0
3 7 C3 6,43.0
3 7 C3 7,52.0
3 7 C3 8,54.0
3 7 C3 9,45.0
3 7 C3 10,38.0
3 7 C3 11,47.0
3 7 C3 12,nan
3 7 C3 13,32.0
3 7 C3 14,23.0
3 7 C3 15,26.0
3 7 C3 16,52.0
3 7 C3 17,44.0
3 7 C3 18,46.0
3 7 C3 19,56.0
3 7 C3 20,60.0
3 7 C3 21,41.0
3 7 C3 22,44.0
3 7 C3 23,56.0
3 7 C3 24,0.0
3 7 C3 25,46.0
3 7 C3 26,nan
3 7 C3 27,47.0
3 7 C3 28,59.0
3 7 C3 29,32.0
3 7 C3 30,22.0
3 7 C3 31,nan
3 7 C3 32,41.0
3 7 C3 33,59.0
3 7 C3 34,4.0
3 7 C3 35,25.0
3 7 C3 36,17.0
3 7 C3 37,54.0
3 7 C3 38,34.0
3 7 C3 39,40.0
3 7 C3 40,nan
3 7 C3 41,28.0
3 7 C3 42,51.0
3 7 C3 43,65.0
3 7 C3 44,55.0
3 7 C3 45,44.0
3 7 C3 46,29.0
3 7 C3 47,29.0
3 7 C3 48,40.0
3 7 C3 49,nan
3 7 C3 50,0.0
3 7 C3 51,45.0
3 7 C3 52,78.0
3 7 C3 53,18.0
3 7 C3 54,32.0
3 7 C3 55,50.0
3 7 C3 56,30.0
3 7 C3 57,28.0
3 7 C3 58,1.0
3 7 C3 59,51.0
3 7 C3 60,13.0
3 8 C4 1,19.0
3 8 C4 2,18.0
3 8 C4 3,24.0
3 8 C4 4,42.0
3 8 C4 5,1.0
3 8 C4 6,1.0
3 8 C4 7,56.0
3 8 C4 8,61.0
3 8 C4 9,42.0
3 8 C4 10,37.0
3 8 C4 11,36.0
3 8 C4 12,41.0
3 8 C4 13,27.0
3 8 C4 14,27.0
3 8 C4 15,42.0
3 8 C4 16,42.0
3 8 C4 17,53.0
3 8 C4 18,52.0
3 8 C4 19,26.0
3 8 C4 20,27.0
3 8 C4 21,1.0
3 8 C4 22,30.0
3 8 C4 23,49.0
3 8 C4 24,nan
3 8 C4 25,42.0
3 8 C4 26,nan
3 8 C4 27,53.0
3 8 C4 28,39.0
3 8 C4 29,nan
3 8 C4 30,1.0
3 8 C4 31,51.0
3 8 C4 32,nan
3 8 C4 33,2.0
3 8 C4 34,51.0
3 8 C4 35,24.0
3 8 C4 36,17.0
3 8 C4 37,59.0
3 8 C4 38,66.0
3 8 C4 39,47.0
3 8 C4 40,3.0
3 8 C4 41,34.0
3 8 C4 42,51.0
3 8 C4 43,51.0
3 8 C4 44,1.0
3 8 C4 45,41.0
3 8 C4 46,38.0
3 8 C4 47,1.0
3 8 C4 48,nan
3 8 C4 49,63.0
3 8 C4 50,nan
3 8 C4 51,27.0
3 8 C4 52,40.0
3 8 C4 53,1.0
3 8 C4 54,0.0
3 8 C4 55,64.0
3 8 C4 56,34.0
3 8 C4 57,36.0
3 8 C4 58,33.0
3 8 C4 59,nan
3 8 C4 60,58.0
3 9 C5 1,70.0
3 9 C5 2,31.0
3 9 C5 3,51.0
3 9 C5 4,57.0
3 9 C5 5,77.0
3 9 C5 6,6.0
3 9 C5 7,38.0
3 9 C5 8,64.0
3 9 C5 9,56.0
3 9 C5 10,59.0
3 9 C5 11,5.0
3 9 C5 12,nan
3 9 C5 13,66.0
3 9 C5 14,56.0
3 9 C5 15,0.0
3 9 C5 16,38.0
3 9 C5 17,29.0
3 9 C5 18,3.0
3 9 C5 19,51.0
3 9 C5 20,nan
3 9 C5 21,76.0
3 9 C5 22,79.0
3 9 C5 23,0.0
3 9 C5 24,83.0
3 9 C5 25,42.0
3 9 C5 26,69.0
3 9 C5 27,61.0
3 9 C5 28,63.0
3 9 C5 29,29.0
3 9 C5 30,17.0
3 9 C5 31,62.0
3 9 C5 32,87.0
3 9 C5 33,35.0
3 9 C5 34,49.0
3 9 C5 35,66.0
3 9 C5 36,nan
3 9 C5 37,50.0
3 9 C5 38,nan
3 9 C5 39,58.0
3 9 C5 40,37.0
3 9 C5 41,49.0
3 9 C5 42,72.0
3 9 C5 43,3.0
3 9 C5 44,33.0
3 9 C5 45,35.0
3 9 C5 46,32.0
3 9 C5 47,nan
3 9 C5 48,60.0
3 9 C5 49,5.0
3 9 C5 50,nan
3 9 C5 51,45.0
3 9 C5 52,nan
3 9 C5 53,21.0
3 9 C5 54,48.0
3 9 C5 55,3.0
3 9 C5 56,10.0
3 9 C5 57,nan
3 9 C5 58,66.0
3 9 C5 59,2.0
3 9 C5 60,41.0
3 5 D1 1,nan
3 5 D1 2,nan
3 5 D1 3,nan
3 5 D1 4,88.0
3 5 D1 5,43.0
3 5 D1 6,nan
3 5 D1 7,nan
3 5 D1 8,41.0
3 5 D1 9,33.0
3 5 D1 10,2.0
3 5 D1 11,51.0
3 5 D1 12,1.0
3 5 D1 13,96.0
3 5 D1 14,nan
3 5 D1 15,37.0
3 5 D1 16,84.0
3 5 D1 17,1.0
3 5 D1 18,39.0
3 5 D1 19,54.0
3 5 D1 20,22.0
3 5 D1 21,2.0
3 5 D1 22,nan
3 5 D1 23,nan
3 5 D1 24,45.0
3 5 D1 25,4.0
3 5 D1 26,4.0
3 5 D1 27,61.0
3 5 D1 28,32.0
3 5 D1 29,65.0
3 5 D1 30,47.0
3 5 D1 31,nan
3 5 D1 32,43.0
3 5 D1 33,nan
3 5 D1 34,79.0
3 5 D1 35,11.0
3 5 D1 36,nan
3 5 D1 37,81.0
3 5 D1 38,96.0
3 5 D1 39,47.0
3 5 D1 40,nan
3 5 D1 41,53.0
3 5 D1 42,55.0
3 5 D1 43,60.0
3 5 D1 44,0.0
3 5 D1 45,nan
3 5 D1 46,14.0
3 5 D1 47,33.0
3 5 D1 48,nan
3 5 D1 49,57.0
3 5 D1 50,4.0
3 5 D1 51,nan
3 5 D1 52,nan
3 5 D1 53,61.0
3 5 D1 54,52.0
3 5 D1 55,64.0
3 5 D1 56,nan
3 5 D1 57,nan
3 5 D1 58,2.0
3 5 D1 59,33.0
3 5 D1 60,25.0
3 6 D2 1,57.0
3 6 D2 2,46.0
3 6 D2 3,nan
3 6 D2 4,62.0
3 6 D2 5,37.0
3 6 D2 6,49.0
3 6 D2 7,73.0
3 6 D2 8,62.0
3 6 D2 9,48.0
3 6 D2 10,nan
3 6 D2 11,82.0
3 6 D2 12,61.0
3 6 D2 13,39.0
3 6 D2 14,nan
3 6 D2 15,nan
3 6 D2 16,nan
3 6 D2 17,48.0
3 6 D2 18,15.0
3 6 D2 19,63.0
3 6 D2 20,nan
3 6 D2 21,57.0
3 6 D2 22,35.0
3 6 D2 23,61.0
3 6 D2 24,38.0
3 6 D2 25,7.0
3 6 D2 26,57.0
3 6 D2 27,50.0
3 6 D2 28,50.0
3 6 D2 29,0.0
3 6 D2 30,62.0
3 6 D2 31,38.0
3 6 D2 32,nan
3 6 D2 33,60.0
3 6 D2 34,nan
3 6 D2 35,40.0
3 6 D2 36,31.0
3 6 D2 37,54.0
3 6 D2 38,49.0
3 6 D2 39,68.0
3 6 D2 40,69.0
3 6 D2 41,30.0
3 6 D2 42,nan
3 6 D2 43,73.0
3 6 D2 44,30.0
3 6 D2 45,32.0
3 6 D2 46,60.0
3 6 D2 47,10.0
3 6 D2 48,50.0
3 6 D2 49,39.0
3 6 D2 50,37.0
3 6 D2 51,57.0
3 6 D2 52,60.0
3 6 D2 53,46.0
3 6 D2 54,nan
3 6 D2 55,nan
3 6 D2 56,82.0
3 6 D2 57,38.0
3 6 D2 58,25.0
3 6 D2 59,53.0
3 6 D2 60,nan
3 7 D3 1,3.0
3 7 D3 2,86.0
3 7 D3 3,45.0
3 7 D3 4,69.0
3 7 D3 5,45.0
3 7 D3 6,89.0
3 7 D3 7,nan
3 7 D3 8,nan
3 7 D3 9,41.0
3 7 D3 10,25.0
3 7 D3 11,nan
3 7 D3 12,nan
3 7 D3 13,56.0
3 7 D3 14,66.0
3 7 D3 15,nan
3 7 D3 16,70.0
3 7 D3 17,42.0
3 7 D3 18,nan
3 7 D3 19,51.0
3 7 D3 20,34.0
3 7 D3 21,37.0
3 7 D3 22,42.0
3 7 D3 23,30.0
3 7 D3 24,8.0
3 7 D3 25,60.0
3 7 D3 26,63.0
3 7 D3 27,nan
3 7 D3 28,21.0
3 7 D3 29,39.0
3 7 D3 30,55.0
3 7 D3 31,55.0
3 7 D3 32,44.0
3 7 D3 33,61.0
3 7 D3 34,38.0
3 7 D3 35,nan
3 7 D3 36,48.0
3 7 D3 37,49.0
3 7 D3 38,40.0
3 7 D3 39,58.0
3 7 D3 40,45.0
3 7 D3 41,53.0
3 7 D3 42,46.0
3 7 D3 43,47.0
3 7 D3 44,59.0
3 7 D3 45,45.0
3 7 D3 46,1.0
3 7 D3 47,53.0
3 7 D3 48,0.0
3 7 D3 49,0.0
3 7 D3 50,33.0
3 7 D3 51,50.0
3 7 D3 52,0.0
3 7 D3 53,50.0
3 7 D3 54,0.0
3 7 D3 55,25.0
3 7 D3 56,58.0
3 7 D3 57,1.0
3 7 D3 58,49.0
3 7 D3 59,39.0
3 7 D3 60,nan
3 8 D4 1,0.0
3 8 D4 2,22.0
3 8 D4 3,59.0
3 8 D4 4,32.0
3 8 D4 5,45.0
3 8 D4 6,nan
3 8 D4 7,53.0
3 8 D4 8,48.0
3 8 D4 9,64.0
3 8 D4 10,69.0
3 8 D4 11,0.0
3 8 D4 12,43.0
3 8 D4 13,41.0
3 8 D4 14,81.0
3 8 D4 15,6.0
3 8 D4 16,66.0
3 8 D4 17,62.0
3 8 D4 18,nan
3 8 D4 19,69.0
3 8 D4 20,60.0
3 8 D4 21,73.0
3 8 D4 22,43.0
3 8 D4 23,79.0
3 8 D4 24,60.0
3 8 D4 25,31.0
3 8 D4 26,53.0
3 8 D4 27,52.0
3 8 D4 28,61.0
3 8 D4 29,73.0
3 8 D4 30,nan
3 8 D4 31,0.0
3 8 D4 32,64.0
3 8 D4 33,0.0
3 8 D4 34,26.0
3 8 D4 35,6.0
3 8 D4 36,1.0
3 8 D4 37,41.0
3 8 D4 38,67.0
3 8 D4 39,7.0
3 8 D4 40,nan
3 8 D4 41,52.0
3 8 D4 42,75.0
3 8 D4 43,48.0
3 8 D4 44,0.0
3 8 D4 45,62.0
3 8 D4 46,59.0
3 8 D4 47,69.0
3 8 D4 48,nan
3 8 D4 49,35.0
3 8 D4 50,36.0
3 8 D4 51,64.0
3 8 D4 52,nan
3 8 D4 53,nan
3 8 D4 54,47.0
3 8 D4 55,40.0
3 8 D4 56,0.0
3 8 D4 57,71.0
3 8 D4 58,0.0
3 8 D4 59,0.0
3 8 D4 60,2.0
3 9 D5 1,15.0
3 9 D5 2,62.0
3 9 D5 3,nan
3 9 D5 4,55.0
3 9 D5 5,56.0
3 9 D5 6,70.0
3 9 D5 7,1.0
3 9 D5 8,64.0
3 9 D5 9,32.0
3 9 D5 10,0.0
3 9 D5 11,67.0
3 9 D5 12,0.0
3 9 D5 13,46.0
3 9 D5 14,27.0
3 9 D5 15,21.0
3 9 D5 16,7.0
3 9 D5 17,61.0
3 9 D5 18,0.0
3 9 D5 19,4.0
3 9 D5 20,46.0
3 9 D5 21,3.0
3 9 D5 22,58.0
3 9 D5 23,56.0
3 9 D5 24,nan
3 9 D5 25,nan
3 9 D5 26,25.0
3 9 D5 27,nan
3 9 D5 28,3.0
3 9 D5 29,nan
3 9 D5 30,69.0
3 9 D5 31,39.0
3 9 D5 32,nan
3 9 D5 33,38.0
3 9 D5 34,42.0
3 9 D5 35,31.0
3 9 D5 36,nan
3 9 D5 37,72.0
3 9 D5 38,25.0
3 9 D5 39,22.0
3 9 D5 40,18.0
3 9 D5 41,57.0
3 9 D5 42,38.0
3 9 D5 43,9.0
3 9 D5 44,30.0
3 9 D5 45,59.0
3 9 D5 46,44.0
3 9 D5 47,43.0
3 9 D5 48,37.0
3 9 D5 49,29.0
3 9 D5 50,33.0
3 9 D5 51,26.0
3 9 D5 52,33.0
3 9 D5 53,49.0
3 9 D5 54,53.0
3 9 D5 55,57.0
3 9 D5 56,40.0
3 9 D5 57,38.0
3 9 D5 58,12.0
3 9 D5 59,64.0
3 9 D5 60,78.0
3 6 C1 1,41.0
3 6 C1 2,37.0
3 6 C1 3,69.0
3 6 C1 4,36.0
3 6 C1 5,47.0
3 6 C1 6,40.0
3 6 C1 7,57.0
3 6 C1 8,75.0
3 6 C1 9,53.0
3 6 C1 10,33.0
3 6 C1 11,35.0
3 6 C1 12,2.0
3 6 C1 13,76.0
3 6 C1 14,29.0
3 6 C1 15,22.0
3 6 C1 16,69.0
3 6 C1 17,84.0
3 6 C1 18,71.0
3 6 C1 19,61.0
3 6 C1 20,32.0
3 6 C1 21,nan
3 6 C1 22,58.0
3 6 C1 23,49.0
3 6 C1 24,21.0
3 6 C1 25,1.0
3 6 C1 26,65.0
3 6 C1 27,24.0
3 6 C1 28,44.0
3 6 C1 29,31.0
3 6 C1 30,54.0
3 6 C1 31,62.0
3 6 C1 32,0.0
3 6 C1 33,46.0
3 6 C1 34,47.0
3 6 C1 35,38.0
3 6 C1 36,67.0
3 6 C1 37,21.0
3 6 C1 38,52.0
3 6 C1 39,45.0
3 6 C1 40,65.0
3 6 C1 41,69.0
3 6 C1 42,24.0
3 6 C1 43,2.0
3 6 C1 44,26.0
3 6 C1 45,nan
3 6 C1 46,53.0
3 6 C1 47,7.0
3 6 C1 48,41.0
3 6 C1 49,61.0
3 6 C1 50,54.0
3 6 C1 51,nan
3 6 C1 52,96.0
3 6 C1 53,46.0
3 6 C1 54,41.0
3 6 C1 55,38.0
3 6 C1 56,67.0
3 6 C1 57,nan
3 6 C1 58,21.0
3 6 C1 59,56.0
3 6 C1 60,nan
3 7 C2 1,24.0
3 7 C2 2,55.0
3 7 C2 3,61.0
3 7 C2 4,0.0
3 7 C2 5,66.0
3 7 C2 6,34.0
3 7 C2 7,26.0
3 7 C2 8,43.0
3 7 C2 9,49.0
3 7 C2 10,17.0
3 7 C2 11,nan
3 7 C2 12,80.0
3 7 C2 13,37.0
3 7 C2 14,nan
3 7 C2 15,1.0
3 7 C2 16,16.0
3 7 C2 17,1.0
3 7 C2 18,65.0
3 7 C2 19,50.0
3 7 C2 20,nan
3 7 C2 21,57.0
3 7 C2 22,0.0
3 7 C2 23,0.0
3 7 C2 24,55.0
3 7 C2 25,75.0
3 7 C2 26,46.0
3 7 C2 27,nan
3 7 C2 28,36.0
3 7 C2 29,41.0
3 7 C2 30,0.0
3 7 C2 31,35.0
3 7 C2 32,46.0
3 7 C2 33,50.0
3 7 C2 34,68.0
3 7 C2 35,66.0
3 7 C2 36,59.0
3 7 C2 37,nan
3 7 C2 38,14.0
3 7 C2 39,56.0
3 7 C2 40,30.0
3 7 C2 41,32.0
3 7 C2 42,42.0
3 7 C2 43,46.0
3 7 C2 44,59.0
3 7 C2 45,54.0
3 7 C2 46,53.0
3 7 C2 47,nan
3 7 C2 48,nan
3 7 C2 49,25.0
3 7 C2 50,nan
3 7 C2 51,42.0
3 7 C2 52,45.0
3 7 C2 53,1.0
3 7 C2 54,42.0
3 7 C2 55,45.0
3 7 C2 56,39.0
3 7 C2 57,6.0
3 7 C2 58,40.0
3 7 C2 59,38.0
3 7 C2 60,1.0
3 8 C3 1,2.0
3 8 C3 2,29.0
3 8 C3 3,31.0
3 8 C3 4,42.0
3 8 C3 5,50.0
3 8 C3 6,43.0
3 8 C3 7,43.0
3 8 C3 8,16.0
3 8 C3 9,27.0
3 8 C3 10,31.0
3 8 C3 11,51.0
3 8 C3 12,nan
3 8 C3 13,nan
3 8 C3 14,25.0
3 8 C3 15,44.0
3 8 C3 16,19.0
3 8 C3 17,49.0
3 8 C3 18,24.0
3 8 C3 19,61.0
3 8 C3 20,60.0
3 8 C3 21,33.0
3 8 C3 22,42.0
3 8 C3 23,54.0
3 8 C3 24,0.0
3 8 C3 25,38.0
3 8 C3 26,nan
3 8 C3 27,34.0
3 8 C3 28,67.0
3 8 C3 29,32.0
3 8 C3 30,23.0
3 8 C3 31,nan
3 8 C3 32,43.0
3 8 C3 33,67.0
3 8 C3 34,3.0
3 8 C3 35,22.0
3 8 C3 36,37.0
3 8 C3 37,47.0
3 8 C3 38,39.0
3 8 C3 39,34.0
3 8 C3 40,nan
3 8 C3 41,32.0
3 8 C3 42,32.0
3 8 C3 43,39.0
3 8 C3 44,44.0
3 8 C3 45,49.0
3 8 C3 46,14.0
3 8 C3 47,45.0
3 8 C3 48,40.0
3 8 C3 49,nan
3 8 C3 50,42.0
3 8 C3 51,33.0
3 8 C3 52,56.0
3 8 C3 53,30.0
3 8 C3 54,30.0
3 8 C3 55,52.0
3 8 C3 56,20.0
3 8 C3 57,25.0
3 8 C3 58,0.0
3 8 C3 59,24.0
3 8 C3 60,8.0
3 9 C4 1,36.0
3 9 C4 2,89.0
3 9 C4 3,78.0
3 9 C4 4,27.0
3 9 C4 5,0.0
3 9 C4 6,2.0
3 9 C4 7,71.0
3 9 C4 8,41.0
3 9 C4 9,24.0
3 9 C4 10,62.0
3 9 C4 11,31.0
3 9 C4 12,12.0
3 9 C4 13,27.0
3 9 C4 14,16.0
3 9 C4 15,68.0
3 9 C4 16,20.0
3 9 C4 17,34.0
3 9 C4 18,50.0
3 9 C4 19,3.0
3 9 C4 20,41.0
3 9 C4 21,0.0
3 9 C4 22,14.0
3 9 C4 23,51.0
3 9 C4 24,nan
3 9 C4 25,59.0
3 9 C4 26,nan
3 9 C4 27,71.0
3 9 C4 28,61.0
3 9 C4 29,nan
3 9 C4 30,1.0
3 9 C4 31,34.0
3 9 C4 32,nan
3 9 C4 33,nan
3 9 C4 34,48.0
3 9 C4 35,19.0
3 9 C4 36,43.0
3 9 C4 37,55.0
3 9 C4 38,68.0
3 9 C4 39,54.0
3 9 C4 40,1.0
3 9 C4 41,27.0
3 9 C4 42,24.0
3 9 C4 43,41.0
3 9 C4 44,1.0
3 9 C4 45,50.0
3 9 C4 46,47.0
3 9 C4 47,nan
3 9 C4 48,nan
3 9 C4 49,67.0
3 9 C4 50,nan
3 9 C4 51,20.0
3 9 C4 52,28.0
3 9 C4 53,1.0
3 9 C4 54,nan
3 9 C4 55,65.0
3 9 C4 56,41.0
3 9 C4 57,18.0
3 9 C4 58,57.0
3 9 C4 59,nan
3 9 C4 60,68.0
3 10 C5 1,79.0
3 10 C5 2,44.0
3 10 C5 3,46.0
3 10 C5 4,45.0
3 10 C5 5,73.0
3 10 C5 6,8.0
3 10 C5 7,56.0
3 10 C5 8,62.0
3 10 C5 9,63.0
3 10 C5 10,48.0
3 10 C5 11,22.0
3 10 C5 12,nan
3 10 C5 13,70.0
3 10 C5 14,39.0
3 10 C5 15,17.0
3 10 C5 16,43.0
3 10 C5 17,11.0
3 10 C5 18,24.0
3 10 C5 19,73.0
3 10 C5 20,nan
3 10 C5 21,70.0
3 10 C5 22,47.0
3 10 C5 23,23.0
3 10 C5 24,73.0
3 10 C5 25,38.0
3 10 C5 26,19.0
3 10 C5 27,12.0
3 10 C5 28,72.0
3 10 C5 29,30.0
3 10 C5 30,43.0
3 10 C5 31,51.0
3 10 C5 32,73.0
3 10 C5 33,31.0
3 10 C5 34,34.0
3 10 C5 35,62.0
3 10 C5 36,nan
3 10 C5 37,77.0
3 10 C5 38,nan
3 10 C5 39,57.0
3 10 C5 40,46.0
3 10 C5 41,54.0
3 10 C5 42,62.0
3 10 C5 43,4.0
3 10 C5 44,23.0
3 10 C5 45,48.0
3 10 C5 46,44.0
3 10 C5 47,nan
3 10 C5 48,59.0
3 10 C5 49,1.0
3 10 C5 50,nan
3 10 C5 51,70.0
3 10 C5 52,nan
3 10 C5 53,61.0
3 10 C5 54,65.0
3 10 C5 55,1.0
3 10 C5 56,1.0
3 10 C5 57,nan
3 10 C5 58,57.0
3 10 C5 59,6.0
3 10 C5 60,51.0
3 6 D1 1,nan
3 6 D1 2,nan
3 6 D1 3,nan
3 6 D1 4,67.0
3 6 D1 5,42.0
3 6 D1 6,nan
3 6 D1 7,nan
3 6 D1 8,54.0
3 6 D1 9,43.0
3 6 D1 10,0.0
3 6 D1 11,37.0
3 6 D1 12,nan
3 6 D1 13,83.0
3 6 D1 14,nan
3 6 D1 15,32.0
3 6 D1 16,43.0
3 6 D1 17,nan
3 6 D1 18,48.0
3 6 D1 19,62.0
3 6 D1 20,40.0
3 6 D1 21,0.0
3 6 D1 22,nan
3 6 D1 23,nan
3 6 D1 24,40.0
3 6 D1 25,0.0
3 6 D1 26,0.0
3 6 D1 27,36.0
3 6 D1 28,48.0
3 6 D1 29,32.0
3 6 D1 30,37.0
3 6 D1 31,nan
3 6 D1 32,66.0
3 6 D1 33,nan
3 6 D1 34,62.0
3 6 D1 35,22.0
3 6 D1 36,nan
3 6 D1 37,59.0
3 6 D1 38,86.0
3 6 D1 39,38.0
3 6 D1 40,nan
3 6 D1 41,54.0
3 6 D1 42,34.0
3 6 D1 43,40.0
3 6 D1 44,0.0
3 6 D1 45,nan
3 6 D1 46,15.0
3 6 D1 47,16.0
3 6 D1 48,nan
3 6 D1 49,32.0
3 6 D1 50,0.0
3 6 D1 51,nan
3 6 D1 52,nan
3 6 D1 53,50.0
3 6 D1 54,63.0
3 6 D1 55,46.0
3 6 D1 56,nan
3 6 D1 57,nan
3 6 D1 58,0.0
3 6 D1 59,30.0
3 6 D1 60,0.0
3 7 D2 1,65.0
3 7 D2 2,58.0
3 7 D2 3,nan
3 7 D2 4,66.0
3 7 D2 5,60.0
3 7 D2 6,46.0
3 7 D2 7,36.0
3 7 D2 8,43.0
3 7 D2 9,64.0
3 7 D2 10,nan
3 7 D2 11,79.0
3 7 D2 12,82.0
3 7 D2 13,48.0
3 7 D2 14,nan
3 7 D2 15,nan
3 7 D2 16,nan
3 7 D2 17,42.0
3 7 D2 18,1.0
3 7 D2 19,53.0
3 7 D2 20,nan
3 7 D2 21,64.0
3 7 D2 22,3.0
3 7 D2 23,54.0
3 7 D2 24,35.0
3 7 D2 25,1.0
3 7 D2 26,38.0
3 7 D2 27,44.0
3 7 D2 28,54.0
3 7 D2 29,0.0
3 7 D2 30,65.0
3 7 D2 31,61.0
3 7 D2 32,nan
3 7 D2 33,41.0
3 7 D2 34,nan
3 7 D2 35,57.0
3 7 D2 36,39.0
3 7 D2 37,68.0
3 7 D2 38,38.0
3 7 D2 39,71.0
3 7 D2 40,62.0
3 7 D2 41,43.0
3 7 D2 42,nan
3 7 D2 43,76.0
3 7 D2 44,80.0
3 7 D2 45,37.0
3 7 D2 46,46.0
3 7 D2 47,1.0
3 7 D2 48,35.0
3 7 D2 49,81.0
3 7 D2 50,40.0
3 7 D2 51,55.0
3 7 D2 52,56.0
3 7 D2 53,51.0
3 7 D2 54,nan
3 7 D2 55,nan
3 7 D2 56,26.0
3 7 D2 57,43.0
3 7 D2 58,56.0
3 7 D2 59,51.0
3 7 D2 60,nan
3 8 D3 1,nan
3 8 D3 2,66.0
3 8 D3 3,28.0
3 8 D3 4,83.0
3 8 D3 5,49.0
3 8 D3 6,65.0
3 8 D3 7,nan
3 8 D3 8,nan
3 8 D3 9,54.0
3 8 D3 10,21.0
3 8 D3 11,nan
3 8 D3 12,nan
3 8 D3 13,34.0
3 8 D3 14,68.0
3 8 D3 15,nan
3 8 D3 16,56.0
3 8 D3 17,41.0
3 8 D3 18,nan
3 8 D3 19,30.0
3 8 D3 20,45.0
3 8 D3 21,18.0
3 8 D3 22,31.0
3 8 D3 23,26.0
3 8 D3 24,nan
3 8 D3 25,57.0
3 8 D3 26,76.0
3 8 D3 27,nan
3 8 D3 28,nan
3 8 D3 29,39.0
3 8 D3 30,45.0
3 8 D3 31,34.0
3 8 D3 32,46.0
3 8 D3 33,51.0
3 8 D3 34,31.0
3 8 D3 35,nan
3 8 D3 36,47.0
3 8 D3 37,47.0
3 8 D3 38,23.0
3 8 D3 39,67.0
3 8 D3 40,48.0
3 8 D3 41,50.0
3 8 D3 42,48.0
3 8 D3 43,15.0
3 8 D3 44,61.0
3 8 D3 45,60.0
3 8 D3 46,0.0
3 8 D3 47,33.0
3 8 D3 48,0.0
3 8 D3 49,nan
3 8 D3 50,44.0
3 8 D3 51,59.0
3 8 D3 52,0.0
3 8 D3 53,54.0
3 8 D3 54,0.0
3 8 D3 55,15.0
3 8 D3 56,48.0
3 8 D3 57,nan
3 8 D3 58,41.0
3 8 D3 59,47.0
3 8 D3 60,nan
3 9 D4 1,1.0
3 9 D4 2,13.0
3 9 D4 3,54.0
3 9 D4 4,21.0
3 9 D4 5,39.0
3 9 D4 6,nan
3 9 D4 7,47.0
3 9 D4 8,50.0
3 9 D4 9,48.0
3 9 D4 10,39.0
3 9 D4 11,7.0
3 9 D4 12,50.0
3 9 D4 13,47.0
3 9 D4 14,65.0
3 9 D4 15,1.0
3 9 D4 16,71.0
3 9 D4 17,67.0
3 9 D4 18,nan
3 9 D4 19,71.0
3 9 D4 20,54.0
3 9 D4 21,80.0
3 9 D4 22,53.0
3 9 D4 23,90.0
3 9 D4 24,73.0
3 9 D4 25,6.0
3 9 D4 26,54.0
3 9 D4 27,49.0
3 9 D4 28,58.0
3 9 D4 29,60.0
3 9 D4 30,nan
3 9 D4 31,1.0
3 9 D4 32,48.0
3 9 D4 33,nan
3 9 D4 34,12.0
3 9 D4 35,2.0
3 9 D4 36,9.0
3 9 D4 37,2.0
3 9 D4 38,48.0
3 9 D4 39,4.0
3 9 D4 40,nan
3 9 D4 41,28.0
3 9 D4 42,3.0
3 9 D4 43,54.0
3 9 D4 44,1.0
3 9 D4 45,61.0
3 9 D4 46,64.0
3 9 D4 47,66.0
3 9 D4 48,nan
3 9 D4 49,40.0
3 9 D4 50,8.0
3 9 D4 51,36.0
3 9 D4 52,nan
3 9 D4 53,nan
3 9 D4 54,62.0
3 9 D4 55,41.0
3 9 D4 56,2.0
3 9 D4 57,70.0
3 9 D4 58,nan
3 9 D4 59,1.0
3 9 D4 60,nan
3 10 D5 1,9.0
3 10 D5 2,80.0
3 10 D5 3,nan
3 10 D5 4,61.0
3 10 D5 5,93.0
3 10 D5 6,89.0
3 10 D5 7,0.0
3 10 D5 8,84.0
3 10 D5 9,90.0
3 10 D5 10,nan
3 10 D5 11,51.0
3 10 D5 12,nan
3 10 D5 13,51.0
3 10 D5 14,56.0
3 10 D5 15,10.0
3 10 D5 16,50.0
3 10 D5 17,85.0
3 10 D5 18,1.0
3 10 D5 19,1.0
3 10 D5 20,3.0
3 10 D5 21,35.0
3 10 D5 22,58.0
3 10 D5 23,86.0
3 10 D5 24,nan
3 10 D5 25,nan
3 10 D5 26,72.0
3 10 D5 27,nan
3 10 D5 28,0.0
3 10 D5 29,nan
3 10 D5 30,65.0
3 10 D5 31,48.0
3 10 D5 32,nan
3 10 D5 33,42.0
3 10 D5 34,69.0
3 10 D5 35,18.0
3 10 D5 36,nan
3 10 D5 37,89.0
3 10 D5 38,35.0
3 10 D5 39,28.0
3 10 D5 40,26.0
3 10 D5 41,75.0
3 10 D5 42,61.0
3 10 D5 43,1.0
3 10 D5 44,52.0
3 10 D5 45,72.0
3 10 D5 46,83.0
3 10 D5 47,57.0
3 10 D5 48,4.0
3 10 D5 49,63.0
3 10 D5 50,28.0
3 10 D5 51,9.0
3 10 D5 52,3.0
3 10 D5 53,59.0
3 10 D5 54,67.0
3 10 D5 55,83.0
3 10 D5 56,56.0
3 10 D5 57,62.0
3 10 D5 58,1.0
3 10 D5 59,3.0
3 10 D5 60,90.0
