ImageName,Part,Bot,Random
IMG_0054.JPG pt3279.jpg,3279,0,<built-in function sum>
IMG_0054.JPG pt3664.jpg,3664,0,<built-in function sum>
IMG_0054.JPG pt4088.jpg,4088,0,<built-in function sum>
IMG_0054.JPG pt2812.jpg,2812,0,<built-in function sum>
IMG_0054.JPG pt2350.jpg,2350,0,<built-in function sum>
IMG_0054.JPG pt3773.jpg,3773,0,<built-in function sum>
IMG_0054.JPG pt2555.jpg,2555,0,<built-in function sum>
IMG_0054.JPG pt3356.jpg,3356,0,<built-in function sum>
IMG_0054.JPG pt2192.jpg,2192,0,<built-in function sum>
IMG_0054.JPG pt1204.jpg,1204,0,<built-in function sum>
IMG_0054.JPG pt687.jpg,687,0,<built-in function sum>
IMG_0054.JPG pt2322.jpg,2322,0,<built-in function sum>
IMG_0054.JPG pt1240.jpg,1240,0,<built-in function sum>
IMG_0054.JPG pt1103.jpg,1103,0,<built-in function sum>
IMG_0054.JPG pt481.jpg,481,0,<built-in function sum>
IMG_0054.JPG pt2837.jpg,2837,0,<built-in function sum>
IMG_0054.JPG pt2481.jpg,2481,0,<built-in function sum>
IMG_0054.JPG pt4014.jpg,4014,0,<built-in function sum>
IMG_0054.JPG pt1381.jpg,1381,0,<built-in function sum>
IMG_0054.JPG pt4087.jpg,4087,0,<built-in function sum>
IMG_0054.JPG pt2877.jpg,2877,0,<built-in function sum>
IMG_0054.JPG pt3358.jpg,3358,0,<built-in function sum>
IMG_0054.JPG pt268.jpg,268,0,<built-in function sum>
IMG_0054.JPG pt3457.jpg,3457,0,<built-in function sum>
IMG_0054.JPG pt3833.jpg,3833,0,<built-in function sum>
IMG_0054.JPG pt1660.jpg,1660,0,<built-in function sum>
IMG_0054.JPG pt1389.jpg,1389,0,<built-in function sum>
IMG_0054.JPG pt2304.jpg,2304,0,<built-in function sum>
IMG_0054.JPG pt1751.jpg,1751,0,<built-in function sum>
IMG_0054.JPG pt2388.jpg,2388,0,<built-in function sum>
IMG_0054.JPG pt978.jpg,978,0,<built-in function sum>
IMG_0054.JPG pt3128.jpg,3128,0,<built-in function sum>
IMG_0054.JPG pt3673.jpg,3673,0,<built-in function sum>
IMG_0054.JPG pt1991.jpg,1991,0,<built-in function sum>
IMG_0054.JPG pt6.jpg,6,0,<built-in function sum>
IMG_0054.JPG pt4159.jpg,4159,0,<built-in function sum>
IMG_0054.JPG pt3887.jpg,3887,0,<built-in function sum>
IMG_0054.JPG pt3803.jpg,3803,0,<built-in function sum>
IMG_0054.JPG pt2171.jpg,2171,0,<built-in function sum>
IMG_0054.JPG pt2770.jpg,2770,0,<built-in function sum>
IMG_0054.JPG pt2363.jpg,2363,2,<built-in function sum>
IMG_0054.JPG pt2581.jpg,2581,2,<built-in function sum>
IMG_0054.JPG pt3604.jpg,3604,0,<built-in function sum>
IMG_0054.JPG pt658.jpg,658,0,<built-in function sum>
IMG_0054.JPG pt460.jpg,460,0,<built-in function sum>
IMG_0054.JPG pt981.jpg,981,0,<built-in function sum>
IMG_0054.JPG pt824.jpg,824,0,<built-in function sum>
IMG_0054.JPG pt3869.jpg,3869,0,<built-in function sum>
IMG_0054.JPG pt356.jpg,356,0,<built-in function sum>
IMG_0054.JPG pt1970.jpg,1970,0,<built-in function sum>
IMG_0054.JPG pt1211.jpg,1211,0,<built-in function sum>
IMG_0054.JPG pt2789.jpg,2789,0,<built-in function sum>
IMG_0054.JPG pt3185.jpg,3185,0,<built-in function sum>
IMG_0054.JPG pt663.jpg,663,0,<built-in function sum>
IMG_0054.JPG pt4000.jpg,4000,0,<built-in function sum>
IMG_0054.JPG pt3772.jpg,3772,0,<built-in function sum>
IMG_0054.JPG pt2454.jpg,2454,0,<built-in function sum>
IMG_0054.JPG pt1529.jpg,1529,0,<built-in function sum>
IMG_0054.JPG pt2331.jpg,2331,0,<built-in function sum>
IMG_0054.JPG pt1826.jpg,1826,0,<built-in function sum>
IMG_0054.JPG pt2830.jpg,2830,0,<built-in function sum>
IMG_0054.JPG pt4015.jpg,4015,0,<built-in function sum>
IMG_0054.JPG pt344.jpg,344,0,<built-in function sum>
IMG_0054.JPG pt3652.jpg,3652,0,<built-in function sum>
IMG_0054.JPG pt1179.jpg,1179,0,<built-in function sum>
IMG_0054.JPG pt1889.jpg,1889,0,<built-in function sum>
IMG_0054.JPG pt1725.jpg,1725,0,<built-in function sum>
IMG_0054.JPG pt4144.jpg,4144,0,<built-in function sum>
IMG_0054.JPG pt1333.jpg,1333,0,<built-in function sum>
IMG_0054.JPG pt1785.jpg,1785,0,<built-in function sum>
IMG_0054.JPG pt3956.jpg,3956,0,<built-in function sum>
IMG_0054.JPG pt1851.jpg,1851,0,<built-in function sum>
IMG_0054.JPG pt908.jpg,908,0,<built-in function sum>
IMG_0054.JPG pt3992.jpg,3992,0,<built-in function sum>
IMG_0054.JPG pt2084.jpg,2084,0,<built-in function sum>
IMG_0054.JPG pt3042.jpg,3042,0,<built-in function sum>
IMG_0054.JPG pt1357.jpg,1357,0,<built-in function sum>
IMG_0054.JPG pt3946.jpg,3946,0,<built-in function sum>
IMG_0054.JPG pt2179.jpg,2179,0,<built-in function sum>
IMG_0054.JPG pt3267.jpg,3267,0,<built-in function sum>
IMG_0054.JPG pt2932.jpg,2932,0,<built-in function sum>
IMG_0054.JPG pt3520.jpg,3520,0,<built-in function sum>
IMG_0054.JPG pt780.jpg,780,0,<built-in function sum>
IMG_0054.JPG pt2294.jpg,2294,0,<built-in function sum>
IMG_0054.JPG pt3548.jpg,3548,0,<built-in function sum>
IMG_0054.JPG pt4134.jpg,4134,0,<built-in function sum>
IMG_0054.JPG pt2824.jpg,2824,0,<built-in function sum>
IMG_0054.JPG pt2966.jpg,2966,0,<built-in function sum>
IMG_0054.JPG pt1017.jpg,1017,0,<built-in function sum>
IMG_0054.JPG pt2049.jpg,2049,0,<built-in function sum>
IMG_0054.JPG pt912.jpg,912,0,<built-in function sum>
IMG_0054.JPG pt2592.jpg,2592,0,<built-in function sum>
IMG_0054.JPG pt4215.jpg,4215,0,<built-in function sum>
IMG_0054.JPG pt166.jpg,166,0,<built-in function sum>
IMG_0054.JPG pt2649.jpg,2649,0,<built-in function sum>
IMG_0054.JPG pt113.jpg,113,0,<built-in function sum>
IMG_0054.JPG pt972.jpg,972,0,<built-in function sum>
IMG_0054.JPG pt2162.jpg,2162,0,<built-in function sum>
IMG_0054.JPG pt1214.jpg,1214,0,<built-in function sum>
IMG_0054.JPG pt3050.jpg,3050,0,<built-in function sum>
IMG_0054.JPG pt3397.jpg,3397,0,<built-in function sum>
IMG_0054.JPG pt3202.jpg,3202,0,<built-in function sum>
IMG_0054.JPG pt1600.jpg,1600,0,<built-in function sum>
IMG_0054.JPG pt1609.jpg,1609,0,<built-in function sum>
IMG_0054.JPG pt1561.jpg,1561,0,<built-in function sum>
IMG_0054.JPG pt1453.jpg,1453,0,<built-in function sum>
IMG_0054.JPG pt954.jpg,954,0,<built-in function sum>
IMG_0054.JPG pt1592.jpg,1592,0,<built-in function sum>
IMG_0054.JPG pt288.jpg,288,0,<built-in function sum>
IMG_0054.JPG pt586.jpg,586,0,<built-in function sum>
IMG_0054.JPG pt277.jpg,277,0,<built-in function sum>
IMG_0054.JPG pt1669.jpg,1669,0,<built-in function sum>
IMG_0054.JPG pt2464.jpg,2464,0,<built-in function sum>
IMG_0054.JPG pt3819.jpg,3819,0,<built-in function sum>
IMG_0054.JPG pt3455.jpg,3455,0,<built-in function sum>
IMG_0054.JPG pt1364.jpg,1364,0,<built-in function sum>
IMG_0054.JPG pt3347.jpg,3347,0,<built-in function sum>
IMG_0054.JPG pt3951.jpg,3951,0,<built-in function sum>
IMG_0054.JPG pt2204.jpg,2204,0,<built-in function sum>
IMG_0054.JPG pt29.jpg,29,0,<built-in function sum>
IMG_0054.JPG pt333.jpg,333,0,<built-in function sum>
IMG_0054.JPG pt4184.jpg,4184,0,<built-in function sum>
IMG_0054.JPG pt3161.jpg,3161,0,<built-in function sum>
IMG_0054.JPG pt2957.jpg,2957,0,<built-in function sum>
IMG_0054.JPG pt269.jpg,269,0,<built-in function sum>
IMG_0054.JPG pt1369.jpg,1369,0,<built-in function sum>
IMG_0054.JPG pt4030.jpg,4030,0,<built-in function sum>
IMG_0054.JPG pt2025.jpg,2025,0,<built-in function sum>
IMG_0054.JPG pt2753.jpg,2753,0,<built-in function sum>
IMG_0054.JPG pt3182.jpg,3182,0,<built-in function sum>
IMG_0054.JPG pt3189.jpg,3189,0,<built-in function sum>
IMG_0054.JPG pt698.jpg,698,0,<built-in function sum>
IMG_0054.JPG pt3422.jpg,3422,2,<built-in function sum>
IMG_0054.JPG pt3121.jpg,3121,0,<built-in function sum>
IMG_0054.JPG pt560.jpg,560,0,<built-in function sum>
IMG_0054.JPG pt3380.jpg,3380,0,<built-in function sum>
IMG_0054.JPG pt1569.jpg,1569,0,<built-in function sum>
IMG_0054.JPG pt811.jpg,811,0,<built-in function sum>
IMG_0054.JPG pt3226.jpg,3226,0,<built-in function sum>
IMG_0054.JPG pt1104.jpg,1104,0,<built-in function sum>
IMG_0054.JPG pt632.jpg,632,0,<built-in function sum>
IMG_0054.JPG pt410.jpg,410,0,<built-in function sum>
IMG_0054.JPG pt455.jpg,455,0,<built-in function sum>
IMG_0054.JPG pt2940.jpg,2940,0,<built-in function sum>
IMG_0054.JPG pt131.jpg,131,0,<built-in function sum>
IMG_0054.JPG pt3994.jpg,3994,0,<built-in function sum>
IMG_0054.JPG pt4.jpg,4,0,<built-in function sum>
IMG_0054.JPG pt2258.jpg,2258,0,<built-in function sum>
IMG_0054.JPG pt2542.jpg,2542,0,<built-in function sum>
IMG_0054.JPG pt2899.jpg,2899,0,<built-in function sum>
IMG_0054.JPG pt891.jpg,891,0,<built-in function sum>
IMG_0054.JPG pt606.jpg,606,0,<built-in function sum>
IMG_0054.JPG pt3154.jpg,3154,0,<built-in function sum>
IMG_0054.JPG pt2854.jpg,2854,0,<built-in function sum>
IMG_0054.JPG pt643.jpg,643,0,<built-in function sum>
IMG_0054.JPG pt2245.jpg,2245,0,<built-in function sum>
IMG_0054.JPG pt2373.jpg,2373,3,<built-in function sum>
IMG_0054.JPG pt2891.jpg,2891,0,<built-in function sum>
IMG_0054.JPG pt1320.jpg,1320,0,<built-in function sum>
IMG_0054.JPG pt426.jpg,426,0,<built-in function sum>
IMG_0054.JPG pt1097.jpg,1097,0,<built-in function sum>
IMG_0054.JPG pt3429.jpg,3429,0,<built-in function sum>
IMG_0054.JPG pt3398.jpg,3398,0,<built-in function sum>
IMG_0054.JPG pt4064.jpg,4064,0,<built-in function sum>
IMG_0054.JPG pt271.jpg,271,0,<built-in function sum>
IMG_0054.JPG pt1723.jpg,1723,0,<built-in function sum>
IMG_0054.JPG pt644.jpg,644,0,<built-in function sum>
IMG_0054.JPG pt1068.jpg,1068,0,<built-in function sum>
IMG_0054.JPG pt1662.jpg,1662,0,<built-in function sum>
IMG_0054.JPG pt2917.jpg,2917,0,<built-in function sum>
IMG_0054.JPG pt1021.jpg,1021,0,<built-in function sum>
IMG_0054.JPG pt3942.jpg,3942,0,<built-in function sum>
IMG_0054.JPG pt1809.jpg,1809,0,<built-in function sum>
IMG_0054.JPG pt1499.jpg,1499,0,<built-in function sum>
IMG_0054.JPG pt3830.jpg,3830,0,<built-in function sum>
IMG_0054.JPG pt730.jpg,730,0,<built-in function sum>
IMG_0054.JPG pt3133.jpg,3133,0,<built-in function sum>
IMG_0054.JPG pt2218.jpg,2218,0,<built-in function sum>
IMG_0054.JPG pt1914.jpg,1914,0,<built-in function sum>
IMG_0054.JPG pt3839.jpg,3839,0,<built-in function sum>
IMG_0054.JPG pt692.jpg,692,0,<built-in function sum>
IMG_0054.JPG pt321.jpg,321,0,<built-in function sum>
IMG_0054.JPG pt3668.jpg,3668,0,<built-in function sum>
IMG_0054.JPG pt894.jpg,894,0,<built-in function sum>
IMG_0054.JPG pt3941.jpg,3941,0,<built-in function sum>
IMG_0054.JPG pt1182.jpg,1182,0,<built-in function sum>
IMG_0054.JPG pt2355.jpg,2355,0,<built-in function sum>
IMG_0054.JPG pt1891.jpg,1891,0,<built-in function sum>
IMG_0054.JPG pt605.jpg,605,0,<built-in function sum>
IMG_0054.JPG pt834.jpg,834,0,<built-in function sum>
IMG_0054.JPG pt241.jpg,241,0,<built-in function sum>
IMG_0054.JPG pt2224.jpg,2224,0,<built-in function sum>
IMG_0054.JPG pt1067.jpg,1067,0,<built-in function sum>
IMG_0054.JPG pt2552.jpg,2552,0,<built-in function sum>
IMG_0054.JPG pt753.jpg,753,0,<built-in function sum>
IMG_0054.JPG pt507.jpg,507,0,<built-in function sum>
IMG_0054.JPG pt1873.jpg,1873,0,<built-in function sum>
IMG_0054.JPG pt2972.jpg,2972,0,<built-in function sum>
IMG_0054.JPG pt152.jpg,152,0,<built-in function sum>
IMG_0054.JPG pt1976.jpg,1976,0,<built-in function sum>
IMG_0054.JPG pt3634.jpg,3634,0,<built-in function sum>
IMG_0054.JPG pt1070.jpg,1070,0,<built-in function sum>
IMG_0054.JPG pt1735.jpg,1735,0,<built-in function sum>
IMG_0054.JPG pt3466.jpg,3466,0,<built-in function sum>
IMG_0054.JPG pt836.jpg,836,0,<built-in function sum>
IMG_0054.JPG pt279.jpg,279,0,<built-in function sum>
IMG_0054.JPG pt4229.jpg,4229,0,<built-in function sum>
IMG_0054.JPG pt1843.jpg,1843,0,<built-in function sum>
IMG_0054.JPG pt1377.jpg,1377,0,<built-in function sum>
IMG_0054.JPG pt2416.jpg,2416,0,<built-in function sum>
IMG_0054.JPG pt1201.jpg,1201,0,<built-in function sum>
IMG_0054.JPG pt302.jpg,302,0,<built-in function sum>
IMG_0054.JPG pt3399.jpg,3399,0,<built-in function sum>
IMG_0054.JPG pt124.jpg,124,0,<built-in function sum>
IMG_0054.JPG pt1726.jpg,1726,0,<built-in function sum>
IMG_0054.JPG pt2034.jpg,2034,0,<built-in function sum>
IMG_0054.JPG pt2682.jpg,2682,0,<built-in function sum>
IMG_0054.JPG pt2702.jpg,2702,0,<built-in function sum>
IMG_0054.JPG pt1697.jpg,1697,0,<built-in function sum>
IMG_0054.JPG pt3310.jpg,3310,0,<built-in function sum>
IMG_0054.JPG pt3142.jpg,3142,0,<built-in function sum>
IMG_0054.JPG pt2655.jpg,2655,0,<built-in function sum>
IMG_0054.JPG pt871.jpg,871,0,<built-in function sum>
IMG_0054.JPG pt3486.jpg,3486,0,<built-in function sum>
IMG_0054.JPG pt3167.jpg,3167,0,<built-in function sum>
IMG_0054.JPG pt4212.jpg,4212,0,<built-in function sum>
IMG_0054.JPG pt76.jpg,76,0,<built-in function sum>
IMG_0054.JPG pt689.jpg,689,0,<built-in function sum>
IMG_0054.JPG pt1736.jpg,1736,0,<built-in function sum>
IMG_0054.JPG pt2721.jpg,2721,0,<built-in function sum>
IMG_0054.JPG pt3648.jpg,3648,0,<built-in function sum>
IMG_0054.JPG pt1276.jpg,1276,0,<built-in function sum>
IMG_0054.JPG pt1522.jpg,1522,0,<built-in function sum>
IMG_0054.JPG pt911.jpg,911,0,<built-in function sum>
IMG_0054.JPG pt3678.jpg,3678,0,<built-in function sum>
IMG_0054.JPG pt161.jpg,161,0,<built-in function sum>
IMG_0054.JPG pt1086.jpg,1086,0,<built-in function sum>
IMG_0054.JPG pt1458.jpg,1458,0,<built-in function sum>
IMG_0054.JPG pt3333.jpg,3333,0,<built-in function sum>
IMG_0054.JPG pt1105.jpg,1105,0,<built-in function sum>
IMG_0054.JPG pt3443.jpg,3443,0,<built-in function sum>
IMG_0054.JPG pt3126.jpg,3126,0,<built-in function sum>
IMG_0054.JPG pt1740.jpg,1740,0,<built-in function sum>
IMG_0054.JPG pt2223.jpg,2223,0,<built-in function sum>
IMG_0054.JPG pt1883.jpg,1883,0,<built-in function sum>
IMG_0054.JPG pt2022.jpg,2022,0,<built-in function sum>
IMG_0054.JPG pt2717.jpg,2717,0,<built-in function sum>
IMG_0054.JPG pt4132.jpg,4132,0,<built-in function sum>
IMG_0054.JPG pt950.jpg,950,0,<built-in function sum>
IMG_0054.JPG pt3360.jpg,3360,0,<built-in function sum>
IMG_0054.JPG pt591.jpg,591,0,<built-in function sum>
IMG_0054.JPG pt2139.jpg,2139,0,<built-in function sum>
IMG_0054.JPG pt17.jpg,17,0,<built-in function sum>
IMG_0054.JPG pt2027.jpg,2027,0,<built-in function sum>
IMG_0054.JPG pt2806.jpg,2806,0,<built-in function sum>
IMG_0054.JPG pt3373.jpg,3373,0,<built-in function sum>
IMG_0054.JPG pt2359.jpg,2359,0,<built-in function sum>
IMG_0054.JPG pt3893.jpg,3893,0,<built-in function sum>
IMG_0054.JPG pt3139.jpg,3139,0,<built-in function sum>
IMG_0054.JPG pt3738.jpg,3738,0,<built-in function sum>
IMG_0054.JPG pt2553.jpg,2553,0,<built-in function sum>
IMG_0054.JPG pt2288.jpg,2288,0,<built-in function sum>
IMG_0054.JPG pt409.jpg,409,0,<built-in function sum>
IMG_0054.JPG pt3017.jpg,3017,0,<built-in function sum>
IMG_0054.JPG pt4046.jpg,4046,0,<built-in function sum>
IMG_0054.JPG pt4136.jpg,4136,0,<built-in function sum>
IMG_0054.JPG pt1779.jpg,1779,0,<built-in function sum>
IMG_0054.JPG pt3282.jpg,3282,0,<built-in function sum>
IMG_0054.JPG pt3669.jpg,3669,0,<built-in function sum>
IMG_0054.JPG pt1884.jpg,1884,0,<built-in function sum>
IMG_0054.JPG pt1702.jpg,1702,0,<built-in function sum>
IMG_0054.JPG pt1618.jpg,1618,0,<built-in function sum>
IMG_0054.JPG pt876.jpg,876,0,<built-in function sum>
IMG_0054.JPG pt577.jpg,577,0,<built-in function sum>
IMG_0054.JPG pt1663.jpg,1663,0,<built-in function sum>
IMG_0054.JPG pt3093.jpg,3093,0,<built-in function sum>
IMG_0054.JPG pt1540.jpg,1540,0,<built-in function sum>
IMG_0054.JPG pt3597.jpg,3597,0,<built-in function sum>
IMG_0054.JPG pt748.jpg,748,0,<built-in function sum>
IMG_0054.JPG pt2486.jpg,2486,0,<built-in function sum>
IMG_0054.JPG pt336.jpg,336,0,<built-in function sum>
IMG_0054.JPG pt3526.jpg,3526,0,<built-in function sum>
IMG_0054.JPG pt970.jpg,970,0,<built-in function sum>
IMG_0054.JPG pt3007.jpg,3007,0,<built-in function sum>
IMG_0054.JPG pt3774.jpg,3774,0,<built-in function sum>
IMG_0054.JPG pt2018.jpg,2018,0,<built-in function sum>
IMG_0054.JPG pt5.jpg,5,0,<built-in function sum>
IMG_0054.JPG pt922.jpg,922,0,<built-in function sum>
IMG_0054.JPG pt3835.jpg,3835,0,<built-in function sum>
IMG_0054.JPG pt3403.jpg,3403,0,<built-in function sum>
IMG_0054.JPG pt2528.jpg,2528,0,<built-in function sum>
IMG_0054.JPG pt3663.jpg,3663,0,<built-in function sum>
IMG_0054.JPG pt4133.jpg,4133,0,<built-in function sum>
IMG_0054.JPG pt2302.jpg,2302,0,<built-in function sum>
IMG_0054.JPG pt3315.jpg,3315,0,<built-in function sum>
IMG_0054.JPG pt1893.jpg,1893,0,<built-in function sum>
IMG_0054.JPG pt1065.jpg,1065,0,<built-in function sum>
IMG_0054.JPG pt872.jpg,872,0,<built-in function sum>
IMG_0054.JPG pt3361.jpg,3361,0,<built-in function sum>
IMG_0054.JPG pt3877.jpg,3877,0,<built-in function sum>
IMG_0054.JPG pt4057.jpg,4057,0,<built-in function sum>
IMG_0054.JPG pt3036.jpg,3036,0,<built-in function sum>
IMG_0054.JPG pt21.jpg,21,0,<built-in function sum>
IMG_0054.JPG pt1625.jpg,1625,0,<built-in function sum>
IMG_0054.JPG pt3746.jpg,3746,0,<built-in function sum>
IMG_0054.JPG pt2722.jpg,2722,0,<built-in function sum>
IMG_0054.JPG pt3090.jpg,3090,0,<built-in function sum>
IMG_0054.JPG pt65.jpg,65,0,<built-in function sum>
IMG_0054.JPG pt2715.jpg,2715,0,<built-in function sum>
IMG_0054.JPG pt4073.jpg,4073,0,<built-in function sum>
IMG_0054.JPG pt2327.jpg,2327,0,<built-in function sum>
IMG_0054.JPG pt2656.jpg,2656,0,<built-in function sum>
IMG_0054.JPG pt855.jpg,855,0,<built-in function sum>
IMG_0054.JPG pt1542.jpg,1542,0,<built-in function sum>
IMG_0054.JPG pt2450.jpg,2450,0,<built-in function sum>
IMG_0054.JPG pt4126.jpg,4126,0,<built-in function sum>
IMG_0054.JPG pt3150.jpg,3150,0,<built-in function sum>
IMG_0054.JPG pt2531.jpg,2531,0,<built-in function sum>
IMG_0054.JPG pt3924.jpg,3924,0,<built-in function sum>
IMG_0054.JPG pt2219.jpg,2219,0,<built-in function sum>
IMG_0054.JPG pt3484.jpg,3484,0,<built-in function sum>
IMG_0054.JPG pt1940.jpg,1940,0,<built-in function sum>
IMG_0054.JPG pt2674.jpg,2674,0,<built-in function sum>
IMG_0054.JPG pt2056.jpg,2056,0,<built-in function sum>
IMG_0054.JPG pt2161.jpg,2161,0,<built-in function sum>
IMG_0054.JPG pt2444.jpg,2444,0,<built-in function sum>
IMG_0054.JPG pt1518.jpg,1518,0,<built-in function sum>
IMG_0054.JPG pt600.jpg,600,0,<built-in function sum>
IMG_0054.JPG pt2945.jpg,2945,0,<built-in function sum>
IMG_0054.JPG pt3898.jpg,3898,0,<built-in function sum>
IMG_0054.JPG pt2348.jpg,2348,0,<built-in function sum>
IMG_0054.JPG pt1271.jpg,1271,0,<built-in function sum>
IMG_0054.JPG pt794.jpg,794,0,<built-in function sum>
IMG_0054.JPG pt249.jpg,249,0,<built-in function sum>
IMG_0054.JPG pt707.jpg,707,0,<built-in function sum>
IMG_0054.JPG pt233.jpg,233,0,<built-in function sum>
IMG_0054.JPG pt503.jpg,503,0,<built-in function sum>
IMG_0054.JPG pt624.jpg,624,0,<built-in function sum>
IMG_0054.JPG pt749.jpg,749,0,<built-in function sum>
IMG_0054.JPG pt1289.jpg,1289,0,<built-in function sum>
IMG_0054.JPG pt2787.jpg,2787,0,<built-in function sum>
IMG_0054.JPG pt801.jpg,801,0,<built-in function sum>
IMG_0054.JPG pt957.jpg,957,0,<built-in function sum>
IMG_0054.JPG pt2150.jpg,2150,3,<built-in function sum>
IMG_0054.JPG pt129.jpg,129,0,<built-in function sum>
IMG_0054.JPG pt4054.jpg,4054,0,<built-in function sum>
IMG_0054.JPG pt3784.jpg,3784,0,<built-in function sum>
IMG_0054.JPG pt1943.jpg,1943,0,<built-in function sum>
IMG_0054.JPG pt482.jpg,482,0,<built-in function sum>
IMG_0054.JPG pt3535.jpg,3535,0,<built-in function sum>
IMG_0054.JPG pt2805.jpg,2805,0,<built-in function sum>
IMG_0054.JPG pt1001.jpg,1001,0,<built-in function sum>
IMG_0054.JPG pt388.jpg,388,0,<built-in function sum>
IMG_0054.JPG pt232.jpg,232,0,<built-in function sum>
IMG_0054.JPG pt2118.jpg,2118,0,<built-in function sum>
IMG_0054.JPG pt2290.jpg,2290,0,<built-in function sum>
IMG_0054.JPG pt1212.jpg,1212,0,<built-in function sum>
IMG_0054.JPG pt3906.jpg,3906,0,<built-in function sum>
IMG_0054.JPG pt2132.jpg,2132,0,<built-in function sum>
IMG_0054.JPG pt4018.jpg,4018,0,<built-in function sum>
IMG_0054.JPG pt2213.jpg,2213,0,<built-in function sum>
IMG_0054.JPG pt4151.jpg,4151,0,<built-in function sum>
IMG_0054.JPG pt2546.jpg,2546,0,<built-in function sum>
IMG_0054.JPG pt1868.jpg,1868,0,<built-in function sum>
IMG_0054.JPG pt1491.jpg,1491,0,<built-in function sum>
IMG_0054.JPG pt209.jpg,209,0,<built-in function sum>
IMG_0054.JPG pt852.jpg,852,0,<built-in function sum>
IMG_0054.JPG pt2278.jpg,2278,0,<built-in function sum>
IMG_0054.JPG pt2149.jpg,2149,2,<built-in function sum>
IMG_0054.JPG pt2287.jpg,2287,0,<built-in function sum>
IMG_0054.JPG pt483.jpg,483,0,<built-in function sum>
IMG_0054.JPG pt215.jpg,215,0,<built-in function sum>
IMG_0054.JPG pt3343.jpg,3343,0,<built-in function sum>
IMG_0054.JPG pt1487.jpg,1487,0,<built-in function sum>
IMG_0054.JPG pt3891.jpg,3891,0,<built-in function sum>
IMG_0054.JPG pt804.jpg,804,0,<built-in function sum>
IMG_0054.JPG pt1653.jpg,1653,0,<built-in function sum>
IMG_0054.JPG pt1639.jpg,1639,0,<built-in function sum>
IMG_0054.JPG pt360.jpg,360,0,<built-in function sum>
IMG_0054.JPG pt3176.jpg,3176,0,<built-in function sum>
IMG_0054.JPG pt2232.jpg,2232,0,<built-in function sum>
IMG_0054.JPG pt1111.jpg,1111,0,<built-in function sum>
IMG_0054.JPG pt2318.jpg,2318,0,<built-in function sum>
IMG_0054.JPG pt383.jpg,383,0,<built-in function sum>
IMG_0054.JPG pt1658.jpg,1658,0,<built-in function sum>
IMG_0054.JPG pt2040.jpg,2040,0,<built-in function sum>
IMG_0054.JPG pt2971.jpg,2971,0,<built-in function sum>
IMG_0054.JPG pt60.jpg,60,0,<built-in function sum>
IMG_0054.JPG pt863.jpg,863,0,<built-in function sum>
IMG_0054.JPG pt4208.jpg,4208,0,<built-in function sum>
IMG_0054.JPG pt2183.jpg,2183,0,<built-in function sum>
IMG_0054.JPG pt1915.jpg,1915,0,<built-in function sum>
IMG_0054.JPG pt1794.jpg,1794,0,<built-in function sum>
IMG_0054.JPG pt2296.jpg,2296,0,<built-in function sum>
IMG_0054.JPG pt1997.jpg,1997,0,<built-in function sum>
IMG_0054.JPG pt3832.jpg,3832,0,<built-in function sum>
IMG_0054.JPG pt1895.jpg,1895,0,<built-in function sum>
IMG_0054.JPG pt1978.jpg,1978,0,<built-in function sum>
IMG_0054.JPG pt3698.jpg,3698,0,<built-in function sum>
IMG_0054.JPG pt1534.jpg,1534,0,<built-in function sum>
IMG_0054.JPG pt3162.jpg,3162,0,<built-in function sum>
IMG_0054.JPG pt1443.jpg,1443,0,<built-in function sum>
IMG_0054.JPG pt1420.jpg,1420,0,<built-in function sum>
IMG_0054.JPG pt1989.jpg,1989,0,<built-in function sum>
IMG_0054.JPG pt3111.jpg,3111,0,<built-in function sum>
IMG_0054.JPG pt2228.jpg,2228,0,<built-in function sum>
IMG_0054.JPG pt619.jpg,619,0,<built-in function sum>
IMG_0054.JPG pt2867.jpg,2867,0,<built-in function sum>
IMG_0054.JPG pt645.jpg,645,0,<built-in function sum>
IMG_0054.JPG pt3581.jpg,3581,0,<built-in function sum>
IMG_0054.JPG pt143.jpg,143,0,<built-in function sum>
IMG_0054.JPG pt56.jpg,56,0,<built-in function sum>
IMG_0054.JPG pt1268.jpg,1268,0,<built-in function sum>
IMG_0054.JPG pt1646.jpg,1646,0,<built-in function sum>
IMG_0054.JPG pt1742.jpg,1742,0,<built-in function sum>
IMG_0054.JPG pt555.jpg,555,0,<built-in function sum>
IMG_0054.JPG pt618.jpg,618,0,<built-in function sum>
IMG_0054.JPG pt3372.jpg,3372,0,<built-in function sum>
IMG_0054.JPG pt4122.jpg,4122,0,<built-in function sum>
IMG_0054.JPG pt1758.jpg,1758,0,<built-in function sum>
IMG_0054.JPG pt3005.jpg,3005,0,<built-in function sum>
IMG_0054.JPG pt1886.jpg,1886,0,<built-in function sum>
IMG_0054.JPG pt3508.jpg,3508,0,<built-in function sum>
IMG_0054.JPG pt1368.jpg,1368,0,<built-in function sum>
IMG_0054.JPG pt3438.jpg,3438,0,<built-in function sum>
IMG_0054.JPG pt737.jpg,737,0,<built-in function sum>
IMG_0054.JPG pt2383.jpg,2383,0,<built-in function sum>
IMG_0054.JPG pt2859.jpg,2859,0,<built-in function sum>
IMG_0054.JPG pt3816.jpg,3816,0,<built-in function sum>
IMG_0054.JPG pt2784.jpg,2784,0,<built-in function sum>
IMG_0054.JPG pt2154.jpg,2154,1,<built-in function sum>
IMG_0054.JPG pt398.jpg,398,0,<built-in function sum>
IMG_0054.JPG pt4220.jpg,4220,0,<built-in function sum>
IMG_0054.JPG pt3793.jpg,3793,0,<built-in function sum>
IMG_0054.JPG pt319.jpg,319,0,<built-in function sum>
IMG_0054.JPG pt862.jpg,862,0,<built-in function sum>
IMG_0054.JPG pt1122.jpg,1122,0,<built-in function sum>
IMG_0054.JPG pt626.jpg,626,0,<built-in function sum>
IMG_0054.JPG pt1378.jpg,1378,0,<built-in function sum>
IMG_0054.JPG pt1493.jpg,1493,0,<built-in function sum>
IMG_0054.JPG pt1173.jpg,1173,0,<built-in function sum>
IMG_0054.JPG pt3511.jpg,3511,0,<built-in function sum>
IMG_0054.JPG pt3514.jpg,3514,0,<built-in function sum>
IMG_0054.JPG pt1090.jpg,1090,0,<built-in function sum>
IMG_0054.JPG pt2748.jpg,2748,0,<built-in function sum>
IMG_0054.JPG pt944.jpg,944,0,<built-in function sum>
IMG_0054.JPG pt3041.jpg,3041,0,<built-in function sum>
IMG_0054.JPG pt3864.jpg,3864,0,<built-in function sum>
IMG_0054.JPG pt2301.jpg,2301,0,<built-in function sum>
IMG_0054.JPG pt2661.jpg,2661,0,<built-in function sum>
IMG_0054.JPG pt3909.jpg,3909,0,<built-in function sum>
IMG_0054.JPG pt2669.jpg,2669,0,<built-in function sum>
IMG_0054.JPG pt1236.jpg,1236,0,<built-in function sum>
IMG_0054.JPG pt2134.jpg,2134,0,<built-in function sum>
IMG_0054.JPG pt4152.jpg,4152,0,<built-in function sum>
IMG_0054.JPG pt1454.jpg,1454,0,<built-in function sum>
IMG_0054.JPG pt2568.jpg,2568,0,<built-in function sum>
IMG_0054.JPG pt3203.jpg,3203,0,<built-in function sum>
IMG_0054.JPG pt4085.jpg,4085,0,<built-in function sum>
IMG_0054.JPG pt1342.jpg,1342,0,<built-in function sum>
IMG_0054.JPG pt1695.jpg,1695,0,<built-in function sum>
IMG_0054.JPG pt480.jpg,480,0,<built-in function sum>
IMG_0054.JPG pt3253.jpg,3253,0,<built-in function sum>
IMG_0054.JPG pt338.jpg,338,0,<built-in function sum>
IMG_0054.JPG pt747.jpg,747,0,<built-in function sum>
IMG_0054.JPG pt3896.jpg,3896,0,<built-in function sum>
IMG_0054.JPG pt2683.jpg,2683,0,<built-in function sum>
IMG_0054.JPG pt3912.jpg,3912,0,<built-in function sum>
IMG_0054.JPG pt534.jpg,534,0,<built-in function sum>
IMG_0054.JPG pt1998.jpg,1998,0,<built-in function sum>
IMG_0054.JPG pt1327.jpg,1327,0,<built-in function sum>
IMG_0054.JPG pt220.jpg,220,0,<built-in function sum>
IMG_0054.JPG pt3932.jpg,3932,0,<built-in function sum>
IMG_0054.JPG pt3475.jpg,3475,0,<built-in function sum>
IMG_0054.JPG pt2884.jpg,2884,0,<built-in function sum>
IMG_0054.JPG pt2130.jpg,2130,0,<built-in function sum>
IMG_0054.JPG pt2735.jpg,2735,0,<built-in function sum>
IMG_0054.JPG pt3529.jpg,3529,0,<built-in function sum>
IMG_0054.JPG pt786.jpg,786,0,<built-in function sum>
IMG_0054.JPG pt2060.jpg,2060,0,<built-in function sum>
IMG_0054.JPG pt3252.jpg,3252,0,<built-in function sum>
IMG_0054.JPG pt1312.jpg,1312,0,<built-in function sum>
IMG_0054.JPG pt2200.jpg,2200,0,<built-in function sum>
IMG_0054.JPG pt1958.jpg,1958,0,<built-in function sum>
IMG_0054.JPG pt382.jpg,382,0,<built-in function sum>
IMG_0054.JPG pt2425.jpg,2425,0,<built-in function sum>
IMG_0054.JPG pt3120.jpg,3120,0,<built-in function sum>
IMG_0054.JPG pt754.jpg,754,0,<built-in function sum>
IMG_0054.JPG pt1089.jpg,1089,0,<built-in function sum>
IMG_0054.JPG pt1828.jpg,1828,0,<built-in function sum>
IMG_0054.JPG pt814.jpg,814,0,<built-in function sum>
IMG_0054.JPG pt638.jpg,638,0,<built-in function sum>
IMG_0054.JPG pt2915.jpg,2915,0,<built-in function sum>
IMG_0054.JPG pt3002.jpg,3002,0,<built-in function sum>
IMG_0054.JPG pt1380.jpg,1380,0,<built-in function sum>
IMG_0054.JPG pt2563.jpg,2563,0,<built-in function sum>
IMG_0054.JPG pt3387.jpg,3387,0,<built-in function sum>
IMG_0054.JPG pt1696.jpg,1696,0,<built-in function sum>
IMG_0054.JPG pt2659.jpg,2659,0,<built-in function sum>
IMG_0054.JPG pt1874.jpg,1874,0,<built-in function sum>
IMG_0054.JPG pt425.jpg,425,0,<built-in function sum>
IMG_0054.JPG pt1169.jpg,1169,0,<built-in function sum>
IMG_0054.JPG pt4168.jpg,4168,0,<built-in function sum>
IMG_0054.JPG pt2093.jpg,2093,0,<built-in function sum>
IMG_0054.JPG pt3650.jpg,3650,0,<built-in function sum>
IMG_0054.JPG pt3750.jpg,3750,0,<built-in function sum>
IMG_0054.JPG pt98.jpg,98,0,<built-in function sum>
IMG_0054.JPG pt2275.jpg,2275,0,<built-in function sum>
IMG_0054.JPG pt2109.jpg,2109,0,<built-in function sum>
IMG_0054.JPG pt167.jpg,167,0,<built-in function sum>
IMG_0054.JPG pt2919.jpg,2919,0,<built-in function sum>
IMG_0054.JPG pt1721.jpg,1721,0,<built-in function sum>
IMG_0054.JPG pt1644.jpg,1644,0,<built-in function sum>
IMG_0054.JPG pt1469.jpg,1469,0,<built-in function sum>
IMG_0054.JPG pt2054.jpg,2054,0,<built-in function sum>
IMG_0054.JPG pt1078.jpg,1078,0,<built-in function sum>
IMG_0054.JPG pt3561.jpg,3561,0,<built-in function sum>
IMG_0054.JPG pt3735.jpg,3735,0,<built-in function sum>
IMG_0054.JPG pt4235.jpg,4235,0,<built-in function sum>
IMG_0054.JPG pt354.jpg,354,0,<built-in function sum>
IMG_0054.JPG pt3057.jpg,3057,0,<built-in function sum>
IMG_0054.JPG pt2050.jpg,2050,0,<built-in function sum>
IMG_0054.JPG pt1432.jpg,1432,0,<built-in function sum>
IMG_0054.JPG pt476.jpg,476,0,<built-in function sum>
IMG_0054.JPG pt1734.jpg,1734,0,<built-in function sum>
IMG_0054.JPG pt1251.jpg,1251,0,<built-in function sum>
IMG_0054.JPG pt2145.jpg,2145,0,<built-in function sum>
IMG_0054.JPG pt4203.jpg,4203,0,<built-in function sum>
IMG_0054.JPG pt1404.jpg,1404,0,<built-in function sum>
IMG_0054.JPG pt3476.jpg,3476,0,<built-in function sum>
IMG_0054.JPG pt1568.jpg,1568,0,<built-in function sum>
IMG_0054.JPG pt437.jpg,437,0,<built-in function sum>
IMG_0054.JPG pt939.jpg,939,0,<built-in function sum>
IMG_0054.JPG pt4028.jpg,4028,0,<built-in function sum>
IMG_0054.JPG pt3012.jpg,3012,0,<built-in function sum>
IMG_0054.JPG pt851.jpg,851,0,<built-in function sum>
IMG_0054.JPG pt3247.jpg,3247,0,<built-in function sum>
IMG_0054.JPG pt1155.jpg,1155,0,<built-in function sum>
IMG_0054.JPG pt4031.jpg,4031,0,<built-in function sum>
IMG_0054.JPG pt1513.jpg,1513,0,<built-in function sum>
IMG_0054.JPG pt566.jpg,566,0,<built-in function sum>
IMG_0054.JPG pt1244.jpg,1244,0,<built-in function sum>
IMG_0054.JPG pt3943.jpg,3943,0,<built-in function sum>
IMG_0054.JPG pt1815.jpg,1815,0,<built-in function sum>
IMG_0054.JPG pt4161.jpg,4161,0,<built-in function sum>
IMG_0054.JPG pt286.jpg,286,0,<built-in function sum>
IMG_0054.JPG pt810.jpg,810,0,<built-in function sum>
IMG_0054.JPG pt3262.jpg,3262,0,<built-in function sum>
IMG_0054.JPG pt2583.jpg,2583,0,<built-in function sum>
IMG_0054.JPG pt2804.jpg,2804,0,<built-in function sum>
IMG_0054.JPG pt300.jpg,300,0,<built-in function sum>
IMG_0054.JPG pt3822.jpg,3822,0,<built-in function sum>
IMG_0054.JPG pt3901.jpg,3901,0,<built-in function sum>
IMG_0054.JPG pt809.jpg,809,0,<built-in function sum>
IMG_0054.JPG pt4036.jpg,4036,0,<built-in function sum>
IMG_0054.JPG pt913.jpg,913,0,<built-in function sum>
IMG_0054.JPG pt1024.jpg,1024,0,<built-in function sum>
IMG_0054.JPG pt1573.jpg,1573,0,<built-in function sum>
IMG_0054.JPG pt659.jpg,659,0,<built-in function sum>
IMG_0054.JPG pt1442.jpg,1442,0,<built-in function sum>
IMG_0054.JPG pt4182.jpg,4182,0,<built-in function sum>
IMG_0054.JPG pt3480.jpg,3480,0,<built-in function sum>
IMG_0054.JPG pt205.jpg,205,0,<built-in function sum>
IMG_0054.JPG pt1913.jpg,1913,0,<built-in function sum>
IMG_0054.JPG pt2017.jpg,2017,0,<built-in function sum>
IMG_0054.JPG pt2125.jpg,2125,0,<built-in function sum>
IMG_0054.JPG pt3769.jpg,3769,0,<built-in function sum>
IMG_0054.JPG pt1509.jpg,1509,0,<built-in function sum>
IMG_0054.JPG pt1846.jpg,1846,0,<built-in function sum>
IMG_0054.JPG pt3524.jpg,3524,0,<built-in function sum>
IMG_0054.JPG pt4017.jpg,4017,0,<built-in function sum>
IMG_0054.JPG pt3846.jpg,3846,0,<built-in function sum>
IMG_0054.JPG pt2339.jpg,2339,0,<built-in function sum>
IMG_0054.JPG pt3107.jpg,3107,0,<built-in function sum>
IMG_0054.JPG pt4092.jpg,4092,0,<built-in function sum>
IMG_0054.JPG pt1386.jpg,1386,0,<built-in function sum>
IMG_0054.JPG pt1213.jpg,1213,0,<built-in function sum>
IMG_0054.JPG pt1335.jpg,1335,0,<built-in function sum>
IMG_0054.JPG pt1223.jpg,1223,0,<built-in function sum>
IMG_0054.JPG pt1252.jpg,1252,0,<built-in function sum>
IMG_0054.JPG pt3249.jpg,3249,0,<built-in function sum>
IMG_0054.JPG pt976.jpg,976,0,<built-in function sum>
IMG_0054.JPG pt385.jpg,385,0,<built-in function sum>
IMG_0054.JPG pt1504.jpg,1504,0,<built-in function sum>
IMG_0054.JPG pt3013.jpg,3013,0,<built-in function sum>
IMG_0054.JPG pt2886.jpg,2886,0,<built-in function sum>
IMG_0054.JPG pt3615.jpg,3615,0,<built-in function sum>
IMG_0054.JPG pt407.jpg,407,0,<built-in function sum>
IMG_0054.JPG pt2911.jpg,2911,0,<built-in function sum>
IMG_0054.JPG pt813.jpg,813,0,<built-in function sum>
IMG_0054.JPG pt1138.jpg,1138,0,<built-in function sum>
IMG_0054.JPG pt633.jpg,633,0,<built-in function sum>
IMG_0054.JPG pt505.jpg,505,0,<built-in function sum>
IMG_0054.JPG pt822.jpg,822,0,<built-in function sum>
IMG_0054.JPG pt2871.jpg,2871,0,<built-in function sum>
IMG_0054.JPG pt4148.jpg,4148,0,<built-in function sum>
IMG_0054.JPG pt2970.jpg,2970,0,<built-in function sum>
IMG_0054.JPG pt4083.jpg,4083,0,<built-in function sum>
IMG_0054.JPG pt1559.jpg,1559,0,<built-in function sum>
IMG_0054.JPG pt93.jpg,93,0,<built-in function sum>
IMG_0054.JPG pt1265.jpg,1265,0,<built-in function sum>
IMG_0054.JPG pt3691.jpg,3691,0,<built-in function sum>
IMG_0054.JPG pt3307.jpg,3307,0,<built-in function sum>
IMG_0054.JPG pt1084.jpg,1084,0,<built-in function sum>
IMG_0054.JPG pt1385.jpg,1385,0,<built-in function sum>
IMG_0054.JPG pt844.jpg,844,0,<built-in function sum>
IMG_0054.JPG pt2163.jpg,2163,0,<built-in function sum>
IMG_0054.JPG pt3222.jpg,3222,0,<built-in function sum>
IMG_0054.JPG pt2994.jpg,2994,0,<built-in function sum>
IMG_0054.JPG pt2519.jpg,2519,0,<built-in function sum>
IMG_0054.JPG pt1438.jpg,1438,0,<built-in function sum>
IMG_0054.JPG pt1232.jpg,1232,0,<built-in function sum>
IMG_0054.JPG pt2873.jpg,2873,0,<built-in function sum>
IMG_0054.JPG pt441.jpg,441,0,<built-in function sum>
IMG_0054.JPG pt679.jpg,679,0,<built-in function sum>
IMG_0054.JPG pt2587.jpg,2587,0,<built-in function sum>
IMG_0054.JPG pt3079.jpg,3079,0,<built-in function sum>
IMG_0054.JPG pt3811.jpg,3811,0,<built-in function sum>
IMG_0054.JPG pt688.jpg,688,0,<built-in function sum>
IMG_0054.JPG pt604.jpg,604,0,<built-in function sum>
IMG_0054.JPG pt1408.jpg,1408,0,<built-in function sum>
IMG_0054.JPG pt847.jpg,847,0,<built-in function sum>
IMG_0054.JPG pt3001.jpg,3001,0,<built-in function sum>
IMG_0054.JPG pt3313.jpg,3313,0,<built-in function sum>
IMG_0054.JPG pt3060.jpg,3060,0,<built-in function sum>
IMG_0054.JPG pt3515.jpg,3515,0,<built-in function sum>
IMG_0054.JPG pt2756.jpg,2756,0,<built-in function sum>
IMG_0054.JPG pt1447.jpg,1447,0,<built-in function sum>
IMG_0054.JPG pt4162.jpg,4162,0,<built-in function sum>
IMG_0054.JPG pt2696.jpg,2696,0,<built-in function sum>
IMG_0054.JPG pt3933.jpg,3933,0,<built-in function sum>
IMG_0054.JPG pt2443.jpg,2443,0,<built-in function sum>
IMG_0054.JPG pt2266.jpg,2266,0,<built-in function sum>
IMG_0054.JPG pt3595.jpg,3595,0,<built-in function sum>
IMG_0054.JPG pt2058.jpg,2058,0,<built-in function sum>
IMG_0054.JPG pt2622.jpg,2622,0,<built-in function sum>
IMG_0054.JPG pt380.jpg,380,0,<built-in function sum>
IMG_0054.JPG pt3775.jpg,3775,0,<built-in function sum>
IMG_0054.JPG pt2381.jpg,2381,0,<built-in function sum>
IMG_0054.JPG pt1167.jpg,1167,0,<built-in function sum>
IMG_0054.JPG pt2076.jpg,2076,0,<built-in function sum>
IMG_0054.JPG pt1855.jpg,1855,0,<built-in function sum>
IMG_0054.JPG pt669.jpg,669,0,<built-in function sum>
IMG_0054.JPG pt312.jpg,312,0,<built-in function sum>
IMG_0054.JPG pt3114.jpg,3114,0,<built-in function sum>
IMG_0054.JPG pt2692.jpg,2692,0,<built-in function sum>
IMG_0054.JPG pt1144.jpg,1144,0,<built-in function sum>
IMG_0054.JPG pt2440.jpg,2440,0,<built-in function sum>
IMG_0054.JPG pt2799.jpg,2799,0,<built-in function sum>
IMG_0054.JPG pt186.jpg,186,0,<built-in function sum>
IMG_0054.JPG pt263.jpg,263,0,<built-in function sum>
IMG_0054.JPG pt3122.jpg,3122,0,<built-in function sum>
IMG_0054.JPG pt4209.jpg,4209,0,<built-in function sum>
IMG_0054.JPG pt622.jpg,622,0,<built-in function sum>
IMG_0054.JPG pt1359.jpg,1359,0,<built-in function sum>
IMG_0054.JPG pt423.jpg,423,0,<built-in function sum>
IMG_0054.JPG pt2933.jpg,2933,0,<built-in function sum>
IMG_0054.JPG pt3437.jpg,3437,0,<built-in function sum>
IMG_0054.JPG pt2885.jpg,2885,0,<built-in function sum>
IMG_0054.JPG pt4160.jpg,4160,0,<built-in function sum>
IMG_0054.JPG pt750.jpg,750,0,<built-in function sum>
IMG_0054.JPG pt126.jpg,126,0,<built-in function sum>
IMG_0054.JPG pt499.jpg,499,0,<built-in function sum>
IMG_0054.JPG pt1643.jpg,1643,0,<built-in function sum>
IMG_0054.JPG pt3021.jpg,3021,0,<built-in function sum>
IMG_0054.JPG pt3215.jpg,3215,0,<built-in function sum>
IMG_0054.JPG pt4137.jpg,4137,0,<built-in function sum>
IMG_0054.JPG pt1193.jpg,1193,0,<built-in function sum>
IMG_0054.JPG pt2378.jpg,2378,0,<built-in function sum>
IMG_0054.JPG pt1058.jpg,1058,0,<built-in function sum>
IMG_0054.JPG pt63.jpg,63,0,<built-in function sum>
IMG_0054.JPG pt1178.jpg,1178,0,<built-in function sum>
IMG_0054.JPG pt1945.jpg,1945,0,<built-in function sum>
IMG_0054.JPG pt4063.jpg,4063,0,<built-in function sum>
IMG_0054.JPG pt119.jpg,119,0,<built-in function sum>
IMG_0054.JPG pt1405.jpg,1405,0,<built-in function sum>
IMG_0054.JPG pt172.jpg,172,0,<built-in function sum>
IMG_0054.JPG pt2506.jpg,2506,0,<built-in function sum>
IMG_0054.JPG pt1488.jpg,1488,0,<built-in function sum>
IMG_0054.JPG pt1689.jpg,1689,0,<built-in function sum>
IMG_0054.JPG pt3727.jpg,3727,0,<built-in function sum>
IMG_0054.JPG pt3791.jpg,3791,0,<built-in function sum>
IMG_0054.JPG pt267.jpg,267,0,<built-in function sum>
IMG_0054.JPG pt1098.jpg,1098,0,<built-in function sum>
IMG_0054.JPG pt115.jpg,115,0,<built-in function sum>
IMG_0054.JPG pt2690.jpg,2690,0,<built-in function sum>
IMG_0054.JPG pt2471.jpg,2471,0,<built-in function sum>
IMG_0054.JPG pt4117.jpg,4117,0,<built-in function sum>
IMG_0054.JPG pt207.jpg,207,0,<built-in function sum>
IMG_0054.JPG pt2975.jpg,2975,0,<built-in function sum>
IMG_0054.JPG pt4158.jpg,4158,0,<built-in function sum>
IMG_0054.JPG pt1166.jpg,1166,0,<built-in function sum>
IMG_0054.JPG pt3140.jpg,3140,0,<built-in function sum>
IMG_0054.JPG pt183.jpg,183,0,<built-in function sum>
IMG_0054.JPG pt539.jpg,539,0,<built-in function sum>
IMG_0054.JPG pt191.jpg,191,0,<built-in function sum>
IMG_0054.JPG pt2955.jpg,2955,0,<built-in function sum>
IMG_0054.JPG pt1456.jpg,1456,0,<built-in function sum>
IMG_0054.JPG pt860.jpg,860,0,<built-in function sum>
IMG_0054.JPG pt3382.jpg,3382,0,<built-in function sum>
IMG_0054.JPG pt2438.jpg,2438,0,<built-in function sum>
IMG_0054.JPG pt1391.jpg,1391,0,<built-in function sum>
IMG_0054.JPG pt1020.jpg,1020,0,<built-in function sum>
IMG_0054.JPG pt2208.jpg,2208,0,<built-in function sum>
IMG_0054.JPG pt2817.jpg,2817,0,<built-in function sum>
IMG_0054.JPG pt2840.jpg,2840,0,<built-in function sum>
IMG_0054.JPG pt1243.jpg,1243,0,<built-in function sum>
IMG_0054.JPG pt3051.jpg,3051,0,<built-in function sum>
IMG_0054.JPG pt4236.jpg,4236,0,<built-in function sum>
IMG_0054.JPG pt4192.jpg,4192,0,<built-in function sum>
IMG_0054.JPG pt3760.jpg,3760,0,<built-in function sum>
IMG_0054.JPG pt2489.jpg,2489,0,<built-in function sum>
IMG_0054.JPG pt3649.jpg,3649,0,<built-in function sum>
IMG_0054.JPG pt640.jpg,640,0,<built-in function sum>
IMG_0054.JPG pt2235.jpg,2235,0,<built-in function sum>
IMG_0054.JPG pt3707.jpg,3707,0,<built-in function sum>
IMG_0054.JPG pt1083.jpg,1083,0,<built-in function sum>
IMG_0054.JPG pt3238.jpg,3238,0,<built-in function sum>
IMG_0054.JPG pt797.jpg,797,0,<built-in function sum>
IMG_0054.JPG pt3352.jpg,3352,0,<built-in function sum>
IMG_0054.JPG pt2353.jpg,2353,3,<built-in function sum>
IMG_0054.JPG pt1566.jpg,1566,0,<built-in function sum>
IMG_0054.JPG pt3000.jpg,3000,0,<built-in function sum>
IMG_0054.JPG pt991.jpg,991,0,<built-in function sum>
IMG_0054.JPG pt3900.jpg,3900,0,<built-in function sum>
IMG_0054.JPG pt1168.jpg,1168,0,<built-in function sum>
IMG_0054.JPG pt693.jpg,693,0,<built-in function sum>
IMG_0054.JPG pt1760.jpg,1760,0,<built-in function sum>
IMG_0054.JPG pt2377.jpg,2377,0,<built-in function sum>
IMG_0054.JPG pt2846.jpg,2846,0,<built-in function sum>
IMG_0054.JPG pt1833.jpg,1833,0,<built-in function sum>
IMG_0054.JPG pt4070.jpg,4070,0,<built-in function sum>
IMG_0054.JPG pt2582.jpg,2582,0,<built-in function sum>
IMG_0054.JPG pt1863.jpg,1863,0,<built-in function sum>
IMG_0054.JPG pt1270.jpg,1270,0,<built-in function sum>
IMG_0054.JPG pt231.jpg,231,0,<built-in function sum>
IMG_0054.JPG pt2312.jpg,2312,0,<built-in function sum>
IMG_0054.JPG pt2878.jpg,2878,0,<built-in function sum>
IMG_0054.JPG pt2688.jpg,2688,0,<built-in function sum>
IMG_0054.JPG pt3223.jpg,3223,0,<built-in function sum>
IMG_0054.JPG pt2367.jpg,2367,0,<built-in function sum>
IMG_0054.JPG pt1029.jpg,1029,0,<built-in function sum>
IMG_0054.JPG pt930.jpg,930,0,<built-in function sum>
IMG_0054.JPG pt2653.jpg,2653,0,<built-in function sum>
IMG_0054.JPG pt484.jpg,484,0,<built-in function sum>
IMG_0054.JPG pt3216.jpg,3216,0,<built-in function sum>
IMG_0054.JPG pt2679.jpg,2679,0,<built-in function sum>
IMG_0054.JPG pt2066.jpg,2066,0,<built-in function sum>
IMG_0054.JPG pt2923.jpg,2923,0,<built-in function sum>
IMG_0054.JPG pt492.jpg,492,0,<built-in function sum>
IMG_0054.JPG pt3588.jpg,3588,0,<built-in function sum>
IMG_0054.JPG pt4142.jpg,4142,0,<built-in function sum>
IMG_0054.JPG pt3350.jpg,3350,0,<built-in function sum>
IMG_0054.JPG pt3359.jpg,3359,0,<built-in function sum>
IMG_0054.JPG pt2173.jpg,2173,0,<built-in function sum>
IMG_0054.JPG pt2596.jpg,2596,0,<built-in function sum>
IMG_0054.JPG pt20.jpg,20,0,<built-in function sum>
IMG_0054.JPG pt1088.jpg,1088,0,<built-in function sum>
IMG_0054.JPG pt1743.jpg,1743,0,<built-in function sum>
IMG_0054.JPG pt1975.jpg,1975,0,<built-in function sum>
IMG_0054.JPG pt195.jpg,195,0,<built-in function sum>
IMG_0054.JPG pt2762.jpg,2762,0,<built-in function sum>
IMG_0054.JPG pt3274.jpg,3274,0,<built-in function sum>
IMG_0054.JPG pt2875.jpg,2875,0,<built-in function sum>
IMG_0054.JPG pt2589.jpg,2589,0,<built-in function sum>
IMG_0054.JPG pt2821.jpg,2821,0,<built-in function sum>
IMG_0054.JPG pt1200.jpg,1200,0,<built-in function sum>
IMG_0054.JPG pt2472.jpg,2472,0,<built-in function sum>
IMG_0054.JPG pt1842.jpg,1842,0,<built-in function sum>
IMG_0054.JPG pt1047.jpg,1047,0,<built-in function sum>
IMG_0054.JPG pt741.jpg,741,0,<built-in function sum>
IMG_0054.JPG pt192.jpg,192,0,<built-in function sum>
IMG_0054.JPG pt2818.jpg,2818,0,<built-in function sum>
IMG_0054.JPG pt2089.jpg,2089,0,<built-in function sum>
IMG_0054.JPG pt3613.jpg,3613,0,<built-in function sum>
IMG_0054.JPG pt3420.jpg,3420,0,<built-in function sum>
IMG_0054.JPG pt4239.jpg,4239,0,<built-in function sum>
IMG_0054.JPG pt1610.jpg,1610,0,<built-in function sum>
IMG_0054.JPG pt1647.jpg,1647,0,<built-in function sum>
IMG_0054.JPG pt3810.jpg,3810,0,<built-in function sum>
IMG_0054.JPG pt1845.jpg,1845,0,<built-in function sum>
IMG_0054.JPG pt1379.jpg,1379,0,<built-in function sum>
IMG_0054.JPG pt48.jpg,48,0,<built-in function sum>
IMG_0054.JPG pt1698.jpg,1698,0,<built-in function sum>
IMG_0054.JPG pt942.jpg,942,0,<built-in function sum>
IMG_0054.JPG pt2529.jpg,2529,0,<built-in function sum>
IMG_0054.JPG pt1049.jpg,1049,0,<built-in function sum>
IMG_0054.JPG pt1145.jpg,1145,0,<built-in function sum>
IMG_0054.JPG pt1427.jpg,1427,0,<built-in function sum>
IMG_0054.JPG pt968.jpg,968,0,<built-in function sum>
IMG_0054.JPG pt1905.jpg,1905,0,<built-in function sum>
IMG_0054.JPG pt1557.jpg,1557,0,<built-in function sum>
IMG_0054.JPG pt825.jpg,825,0,<built-in function sum>
IMG_0054.JPG pt2981.jpg,2981,0,<built-in function sum>
IMG_0054.JPG pt1950.jpg,1950,0,<built-in function sum>
IMG_0054.JPG pt3241.jpg,3241,0,<built-in function sum>
IMG_0054.JPG pt2340.jpg,2340,0,<built-in function sum>
IMG_0054.JPG pt2771.jpg,2771,0,<built-in function sum>
IMG_0054.JPG pt4216.jpg,4216,0,<built-in function sum>
IMG_0054.JPG pt1441.jpg,1441,0,<built-in function sum>
IMG_0054.JPG pt1008.jpg,1008,0,<built-in function sum>
IMG_0054.JPG pt404.jpg,404,0,<built-in function sum>
IMG_0054.JPG pt1482.jpg,1482,0,<built-in function sum>
IMG_0054.JPG pt2286.jpg,2286,0,<built-in function sum>
IMG_0054.JPG pt3824.jpg,3824,0,<built-in function sum>
IMG_0054.JPG pt2706.jpg,2706,0,<built-in function sum>
IMG_0054.JPG pt3285.jpg,3285,0,<built-in function sum>
IMG_0054.JPG pt929.jpg,929,0,<built-in function sum>
IMG_0054.JPG pt81.jpg,81,0,<built-in function sum>
IMG_0054.JPG pt2113.jpg,2113,0,<built-in function sum>
IMG_0054.JPG pt1054.jpg,1054,0,<built-in function sum>
IMG_0054.JPG pt313.jpg,313,0,<built-in function sum>
IMG_0054.JPG pt2612.jpg,2612,0,<built-in function sum>
IMG_0054.JPG pt2379.jpg,2379,0,<built-in function sum>
IMG_0054.JPG pt1091.jpg,1091,0,<built-in function sum>
IMG_0054.JPG pt2974.jpg,2974,0,<built-in function sum>
IMG_0054.JPG pt559.jpg,559,0,<built-in function sum>
IMG_0054.JPG pt3666.jpg,3666,0,<built-in function sum>
IMG_0054.JPG pt2962.jpg,2962,0,<built-in function sum>
IMG_0054.JPG pt3843.jpg,3843,0,<built-in function sum>
IMG_0054.JPG pt416.jpg,416,0,<built-in function sum>
IMG_0054.JPG pt245.jpg,245,0,<built-in function sum>
IMG_0054.JPG pt1036.jpg,1036,0,<built-in function sum>
IMG_0054.JPG pt2198.jpg,2198,0,<built-in function sum>
IMG_0054.JPG pt1100.jpg,1100,0,<built-in function sum>
IMG_0054.JPG pt3886.jpg,3886,0,<built-in function sum>
IMG_0054.JPG pt226.jpg,226,0,<built-in function sum>
IMG_0054.JPG pt4165.jpg,4165,0,<built-in function sum>
IMG_0054.JPG pt3782.jpg,3782,0,<built-in function sum>
IMG_0054.JPG pt726.jpg,726,0,<built-in function sum>
IMG_0054.JPG pt2935.jpg,2935,0,<built-in function sum>
IMG_0054.JPG pt2044.jpg,2044,0,<built-in function sum>
IMG_0054.JPG pt3100.jpg,3100,0,<built-in function sum>
IMG_0054.JPG pt2874.jpg,2874,0,<built-in function sum>
IMG_0054.JPG pt2354.jpg,2354,0,<built-in function sum>
IMG_0054.JPG pt3006.jpg,3006,0,<built-in function sum>
IMG_0054.JPG pt1321.jpg,1321,0,<built-in function sum>
IMG_0054.JPG pt951.jpg,951,0,<built-in function sum>
IMG_0054.JPG pt2470.jpg,2470,0,<built-in function sum>
IMG_0054.JPG pt2434.jpg,2434,0,<built-in function sum>
IMG_0054.JPG pt1706.jpg,1706,0,<built-in function sum>
IMG_0054.JPG pt72.jpg,72,0,<built-in function sum>
IMG_0054.JPG pt1528.jpg,1528,0,<built-in function sum>
IMG_0054.JPG pt2675.jpg,2675,0,<built-in function sum>
IMG_0054.JPG pt1881.jpg,1881,0,<built-in function sum>
IMG_0054.JPG pt162.jpg,162,0,<built-in function sum>
IMG_0054.JPG pt2314.jpg,2314,0,<built-in function sum>
IMG_0054.JPG pt3888.jpg,3888,0,<built-in function sum>
IMG_0054.JPG pt1611.jpg,1611,0,<built-in function sum>
IMG_0054.JPG pt2433.jpg,2433,0,<built-in function sum>
IMG_0054.JPG pt831.jpg,831,0,<built-in function sum>
IMG_0054.JPG pt879.jpg,879,0,<built-in function sum>
IMG_0054.JPG pt1107.jpg,1107,0,<built-in function sum>
IMG_0054.JPG pt2503.jpg,2503,0,<built-in function sum>
IMG_0054.JPG pt3233.jpg,3233,0,<built-in function sum>
IMG_0054.JPG pt1025.jpg,1025,0,<built-in function sum>
IMG_0054.JPG pt1188.jpg,1188,0,<built-in function sum>
IMG_0054.JPG pt1857.jpg,1857,0,<built-in function sum>
IMG_0054.JPG pt1786.jpg,1786,0,<built-in function sum>
IMG_0054.JPG pt3137.jpg,3137,0,<built-in function sum>
IMG_0054.JPG pt3458.jpg,3458,0,<built-in function sum>
IMG_0054.JPG pt1524.jpg,1524,0,<built-in function sum>
IMG_0054.JPG pt1819.jpg,1819,0,<built-in function sum>
IMG_0054.JPG pt2077.jpg,2077,0,<built-in function sum>
IMG_0054.JPG pt3088.jpg,3088,0,<built-in function sum>
IMG_0054.JPG pt1187.jpg,1187,0,<built-in function sum>
IMG_0054.JPG pt521.jpg,521,0,<built-in function sum>
IMG_0054.JPG pt1901.jpg,1901,0,<built-in function sum>
IMG_0054.JPG pt3729.jpg,3729,0,<built-in function sum>
IMG_0054.JPG pt3190.jpg,3190,0,<built-in function sum>
IMG_0054.JPG pt845.jpg,845,0,<built-in function sum>
IMG_0054.JPG pt1627.jpg,1627,0,<built-in function sum>
IMG_0054.JPG pt2120.jpg,2120,0,<built-in function sum>
IMG_0054.JPG pt775.jpg,775,0,<built-in function sum>
IMG_0054.JPG pt3055.jpg,3055,0,<built-in function sum>
IMG_0054.JPG pt1473.jpg,1473,0,<built-in function sum>
IMG_0054.JPG pt1817.jpg,1817,0,<built-in function sum>
IMG_0054.JPG pt2729.jpg,2729,0,<built-in function sum>
IMG_0054.JPG pt727.jpg,727,0,<built-in function sum>
IMG_0054.JPG pt283.jpg,283,0,<built-in function sum>
IMG_0054.JPG pt2681.jpg,2681,0,<built-in function sum>
IMG_0054.JPG pt1472.jpg,1472,0,<built-in function sum>
IMG_0054.JPG pt3151.jpg,3151,0,<built-in function sum>
IMG_0054.JPG pt11.jpg,11,0,<built-in function sum>
IMG_0054.JPG pt1716.jpg,1716,0,<built-in function sum>
IMG_0054.JPG pt1802.jpg,1802,0,<built-in function sum>
IMG_0054.JPG pt590.jpg,590,0,<built-in function sum>
IMG_0054.JPG pt2452.jpg,2452,0,<built-in function sum>
IMG_0054.JPG pt2036.jpg,2036,0,<built-in function sum>
IMG_0054.JPG pt1374.jpg,1374,0,<built-in function sum>
IMG_0054.JPG pt3261.jpg,3261,0,<built-in function sum>
IMG_0054.JPG pt1346.jpg,1346,0,<built-in function sum>
IMG_0054.JPG pt652.jpg,652,0,<built-in function sum>
IMG_0054.JPG pt3447.jpg,3447,0,<built-in function sum>
IMG_0054.JPG pt1951.jpg,1951,0,<built-in function sum>
IMG_0054.JPG pt314.jpg,314,0,<built-in function sum>
IMG_0054.JPG pt2059.jpg,2059,0,<built-in function sum>
IMG_0054.JPG pt434.jpg,434,0,<built-in function sum>
IMG_0054.JPG pt3786.jpg,3786,0,<built-in function sum>
IMG_0054.JPG pt2368.jpg,2368,0,<built-in function sum>
IMG_0054.JPG pt2570.jpg,2570,0,<built-in function sum>
IMG_0054.JPG pt4111.jpg,4111,0,<built-in function sum>
IMG_0054.JPG pt3040.jpg,3040,0,<built-in function sum>
IMG_0054.JPG pt1812.jpg,1812,0,<built-in function sum>
IMG_0054.JPG pt1030.jpg,1030,0,<built-in function sum>
IMG_0054.JPG pt607.jpg,607,0,<built-in function sum>
IMG_0054.JPG pt2122.jpg,2122,0,<built-in function sum>
IMG_0054.JPG pt2626.jpg,2626,0,<built-in function sum>
IMG_0054.JPG pt2946.jpg,2946,0,<built-in function sum>
IMG_0054.JPG pt34.jpg,34,0,<built-in function sum>
IMG_0054.JPG pt975.jpg,975,0,<built-in function sum>
IMG_0054.JPG pt3587.jpg,3587,0,<built-in function sum>
IMG_0054.JPG pt1856.jpg,1856,0,<built-in function sum>
IMG_0054.JPG pt3988.jpg,3988,0,<built-in function sum>
IMG_0054.JPG pt3444.jpg,3444,0,<built-in function sum>
IMG_0054.JPG pt2832.jpg,2832,0,<built-in function sum>
IMG_0054.JPG pt1255.jpg,1255,0,<built-in function sum>
IMG_0054.JPG pt1311.jpg,1311,0,<built-in function sum>
IMG_0054.JPG pt829.jpg,829,0,<built-in function sum>
IMG_0054.JPG pt1056.jpg,1056,0,<built-in function sum>
IMG_0054.JPG pt1079.jpg,1079,0,<built-in function sum>
IMG_0054.JPG pt3481.jpg,3481,0,<built-in function sum>
IMG_0054.JPG pt3145.jpg,3145,0,<built-in function sum>
IMG_0054.JPG pt3177.jpg,3177,0,<built-in function sum>
IMG_0054.JPG pt1148.jpg,1148,0,<built-in function sum>
IMG_0054.JPG pt3708.jpg,3708,0,<built-in function sum>
IMG_0054.JPG pt1800.jpg,1800,0,<built-in function sum>
IMG_0054.JPG pt1926.jpg,1926,0,<built-in function sum>
IMG_0054.JPG pt2710.jpg,2710,0,<built-in function sum>
IMG_0054.JPG pt2281.jpg,2281,0,<built-in function sum>
IMG_0054.JPG pt1580.jpg,1580,0,<built-in function sum>
IMG_0054.JPG pt3677.jpg,3677,0,<built-in function sum>
IMG_0054.JPG pt2566.jpg,2566,0,<built-in function sum>
IMG_0054.JPG pt666.jpg,666,0,<built-in function sum>
IMG_0054.JPG pt2526.jpg,2526,0,<built-in function sum>
IMG_0054.JPG pt964.jpg,964,0,<built-in function sum>
IMG_0054.JPG pt3414.jpg,3414,0,<built-in function sum>
IMG_0054.JPG pt2420.jpg,2420,0,<built-in function sum>
IMG_0054.JPG pt1962.jpg,1962,0,<built-in function sum>
IMG_0054.JPG pt3442.jpg,3442,0,<built-in function sum>
IMG_0054.JPG pt439.jpg,439,0,<built-in function sum>
IMG_0054.JPG pt1969.jpg,1969,0,<built-in function sum>
IMG_0054.JPG pt3721.jpg,3721,0,<built-in function sum>
IMG_0054.JPG pt3498.jpg,3498,0,<built-in function sum>
IMG_0054.JPG pt3243.jpg,3243,0,<built-in function sum>
IMG_0054.JPG pt27.jpg,27,0,<built-in function sum>
IMG_0054.JPG pt2948.jpg,2948,0,<built-in function sum>
IMG_0054.JPG pt2488.jpg,2488,0,<built-in function sum>
IMG_0054.JPG pt399.jpg,399,0,<built-in function sum>
IMG_0054.JPG pt2627.jpg,2627,0,<built-in function sum>
IMG_0054.JPG pt1795.jpg,1795,0,<built-in function sum>
IMG_0054.JPG pt3807.jpg,3807,0,<built-in function sum>
IMG_0054.JPG pt2621.jpg,2621,0,<built-in function sum>
IMG_0054.JPG pt3825.jpg,3825,0,<built-in function sum>
IMG_0054.JPG pt3217.jpg,3217,0,<built-in function sum>
IMG_0054.JPG pt2634.jpg,2634,0,<built-in function sum>
IMG_0054.JPG pt3559.jpg,3559,0,<built-in function sum>
IMG_0054.JPG pt1299.jpg,1299,0,<built-in function sum>
IMG_0054.JPG pt1602.jpg,1602,0,<built-in function sum>
IMG_0054.JPG pt2749.jpg,2749,0,<built-in function sum>
IMG_0054.JPG pt3858.jpg,3858,0,<built-in function sum>
IMG_0054.JPG pt3224.jpg,3224,0,<built-in function sum>
IMG_0054.JPG pt3713.jpg,3713,0,<built-in function sum>
IMG_0054.JPG pt544.jpg,544,0,<built-in function sum>
IMG_0054.JPG pt1597.jpg,1597,0,<built-in function sum>
IMG_0054.JPG pt3806.jpg,3806,0,<built-in function sum>
IMG_0054.JPG pt3845.jpg,3845,0,<built-in function sum>
IMG_0054.JPG pt2657.jpg,2657,0,<built-in function sum>
IMG_0054.JPG pt1367.jpg,1367,0,<built-in function sum>
IMG_0054.JPG pt420.jpg,420,0,<built-in function sum>
IMG_0054.JPG pt2205.jpg,2205,0,<built-in function sum>
IMG_0054.JPG pt1572.jpg,1572,0,<built-in function sum>
IMG_0054.JPG pt4141.jpg,4141,0,<built-in function sum>
IMG_0054.JPG pt1266.jpg,1266,0,<built-in function sum>
IMG_0054.JPG pt1344.jpg,1344,0,<built-in function sum>
IMG_0054.JPG pt3499.jpg,3499,0,<built-in function sum>
IMG_0054.JPG pt1992.jpg,1992,0,<built-in function sum>
IMG_0054.JPG pt349.jpg,349,0,<built-in function sum>
IMG_0054.JPG pt3907.jpg,3907,0,<built-in function sum>
IMG_0054.JPG pt1789.jpg,1789,0,<built-in function sum>
IMG_0054.JPG pt1995.jpg,1995,0,<built-in function sum>
IMG_0054.JPG pt1356.jpg,1356,0,<built-in function sum>
IMG_0054.JPG pt3918.jpg,3918,0,<built-in function sum>
IMG_0054.JPG pt2099.jpg,2099,0,<built-in function sum>
IMG_0054.JPG pt3112.jpg,3112,0,<built-in function sum>
IMG_0054.JPG pt1645.jpg,1645,0,<built-in function sum>
IMG_0054.JPG pt1221.jpg,1221,0,<built-in function sum>
IMG_0054.JPG pt3292.jpg,3292,0,<built-in function sum>
IMG_0054.JPG pt2270.jpg,2270,0,<built-in function sum>
IMG_0054.JPG pt4186.jpg,4186,0,<built-in function sum>
IMG_0054.JPG pt2711.jpg,2711,0,<built-in function sum>
IMG_0054.JPG pt3129.jpg,3129,0,<built-in function sum>
IMG_0054.JPG pt257.jpg,257,0,<built-in function sum>
IMG_0054.JPG pt1974.jpg,1974,0,<built-in function sum>
IMG_0054.JPG pt4163.jpg,4163,0,<built-in function sum>
IMG_0054.JPG pt1747.jpg,1747,0,<built-in function sum>
IMG_0054.JPG pt3284.jpg,3284,0,<built-in function sum>
IMG_0054.JPG pt1545.jpg,1545,0,<built-in function sum>
IMG_0054.JPG pt253.jpg,253,0,<built-in function sum>
IMG_0054.JPG pt899.jpg,899,0,<built-in function sum>
IMG_0054.JPG pt971.jpg,971,0,<built-in function sum>
IMG_0054.JPG pt370.jpg,370,0,<built-in function sum>
IMG_0054.JPG pt3428.jpg,3428,0,<built-in function sum>
IMG_0054.JPG pt427.jpg,427,0,<built-in function sum>
IMG_0054.JPG pt1475.jpg,1475,0,<built-in function sum>
IMG_0054.JPG pt2513.jpg,2513,0,<built-in function sum>
IMG_0054.JPG pt3962.jpg,3962,0,<built-in function sum>
IMG_0054.JPG pt755.jpg,755,0,<built-in function sum>
IMG_0054.JPG pt1483.jpg,1483,0,<built-in function sum>
IMG_0054.JPG pt2091.jpg,2091,0,<built-in function sum>
IMG_0054.JPG pt1042.jpg,1042,0,<built-in function sum>
IMG_0054.JPG pt430.jpg,430,0,<built-in function sum>
IMG_0054.JPG pt104.jpg,104,0,<built-in function sum>
IMG_0054.JPG pt2102.jpg,2102,0,<built-in function sum>
IMG_0054.JPG pt1798.jpg,1798,0,<built-in function sum>
IMG_0054.JPG pt2608.jpg,2608,0,<built-in function sum>
IMG_0054.JPG pt2362.jpg,2362,0,<built-in function sum>
IMG_0054.JPG pt3950.jpg,3950,0,<built-in function sum>
IMG_0054.JPG pt1585.jpg,1585,0,<built-in function sum>
IMG_0054.JPG pt2112.jpg,2112,0,<built-in function sum>
IMG_0054.JPG pt127.jpg,127,0,<built-in function sum>
IMG_0054.JPG pt1419.jpg,1419,0,<built-in function sum>
IMG_0054.JPG pt3468.jpg,3468,0,<built-in function sum>
IMG_0054.JPG pt2457.jpg,2457,0,<built-in function sum>
IMG_0054.JPG pt1316.jpg,1316,0,<built-in function sum>
IMG_0054.JPG pt4124.jpg,4124,0,<built-in function sum>
IMG_0054.JPG pt549.jpg,549,0,<built-in function sum>
IMG_0054.JPG pt3031.jpg,3031,0,<built-in function sum>
IMG_0054.JPG pt3523.jpg,3523,0,<built-in function sum>
IMG_0054.JPG pt2507.jpg,2507,0,<built-in function sum>
IMG_0054.JPG pt3374.jpg,3374,0,<built-in function sum>
IMG_0054.JPG pt1006.jpg,1006,0,<built-in function sum>
IMG_0054.JPG pt3101.jpg,3101,0,<built-in function sum>
IMG_0054.JPG pt2236.jpg,2236,0,<built-in function sum>
IMG_0054.JPG pt117.jpg,117,0,<built-in function sum>
IMG_0054.JPG pt1700.jpg,1700,0,<built-in function sum>
IMG_0054.JPG pt2181.jpg,2181,0,<built-in function sum>
IMG_0054.JPG pt270.jpg,270,0,<built-in function sum>
IMG_0054.JPG pt281.jpg,281,0,<built-in function sum>
IMG_0054.JPG pt85.jpg,85,0,<built-in function sum>
IMG_0054.JPG pt3531.jpg,3531,0,<built-in function sum>
IMG_0054.JPG pt3204.jpg,3204,0,<built-in function sum>
IMG_0054.JPG pt1279.jpg,1279,0,<built-in function sum>
IMG_0054.JPG pt2904.jpg,2904,0,<built-in function sum>
IMG_0054.JPG pt4240.jpg,4240,0,<built-in function sum>
IMG_0054.JPG pt3367.jpg,3367,0,<built-in function sum>
IMG_0054.JPG pt4223.jpg,4223,0,<built-in function sum>
IMG_0054.JPG pt2336.jpg,2336,0,<built-in function sum>
IMG_0054.JPG pt2953.jpg,2953,0,<built-in function sum>
IMG_0054.JPG pt2090.jpg,2090,0,<built-in function sum>
IMG_0054.JPG pt234.jpg,234,0,<built-in function sum>
IMG_0054.JPG pt3330.jpg,3330,0,<built-in function sum>
IMG_0054.JPG pt3118.jpg,3118,0,<built-in function sum>
IMG_0054.JPG pt568.jpg,568,0,<built-in function sum>
IMG_0054.JPG pt4069.jpg,4069,0,<built-in function sum>
IMG_0054.JPG pt2595.jpg,2595,0,<built-in function sum>
IMG_0054.JPG pt818.jpg,818,0,<built-in function sum>
IMG_0054.JPG pt2757.jpg,2757,0,<built-in function sum>
IMG_0054.JPG pt3059.jpg,3059,0,<built-in function sum>
IMG_0054.JPG pt2210.jpg,2210,0,<built-in function sum>
IMG_0054.JPG pt440.jpg,440,0,<built-in function sum>
IMG_0054.JPG pt1654.jpg,1654,0,<built-in function sum>
IMG_0054.JPG pt75.jpg,75,0,<built-in function sum>
IMG_0054.JPG pt3325.jpg,3325,0,<built-in function sum>
IMG_0054.JPG pt550.jpg,550,0,<built-in function sum>
IMG_0054.JPG pt498.jpg,498,0,<built-in function sum>
IMG_0054.JPG pt1875.jpg,1875,0,<built-in function sum>
IMG_0054.JPG pt4194.jpg,4194,0,<built-in function sum>
IMG_0054.JPG pt2082.jpg,2082,0,<built-in function sum>
IMG_0054.JPG pt1414.jpg,1414,0,<built-in function sum>
IMG_0054.JPG pt2949.jpg,2949,0,<built-in function sum>
IMG_0054.JPG pt2652.jpg,2652,0,<built-in function sum>
IMG_0054.JPG pt2676.jpg,2676,0,<built-in function sum>
IMG_0054.JPG pt742.jpg,742,0,<built-in function sum>
IMG_0054.JPG pt1352.jpg,1352,0,<built-in function sum>
IMG_0054.JPG pt2866.jpg,2866,0,<built-in function sum>
IMG_0054.JPG pt2769.jpg,2769,0,<built-in function sum>
IMG_0054.JPG pt18.jpg,18,0,<built-in function sum>
IMG_0054.JPG pt1063.jpg,1063,0,<built-in function sum>
IMG_0054.JPG pt1690.jpg,1690,0,<built-in function sum>
IMG_0054.JPG pt3211.jpg,3211,0,<built-in function sum>
IMG_0054.JPG pt3225.jpg,3225,0,<built-in function sum>
IMG_0054.JPG pt1096.jpg,1096,0,<built-in function sum>
IMG_0054.JPG pt2051.jpg,2051,0,<built-in function sum>
IMG_0054.JPG pt3695.jpg,3695,0,<built-in function sum>
IMG_0054.JPG pt1880.jpg,1880,0,<built-in function sum>
IMG_0054.JPG pt1990.jpg,1990,0,<built-in function sum>
IMG_0054.JPG pt3658.jpg,3658,0,<built-in function sum>
IMG_0054.JPG pt4210.jpg,4210,0,<built-in function sum>
IMG_0054.JPG pt1217.jpg,1217,0,<built-in function sum>
IMG_0054.JPG pt4221.jpg,4221,0,<built-in function sum>
IMG_0054.JPG pt2106.jpg,2106,0,<built-in function sum>
IMG_0054.JPG pt196.jpg,196,0,<built-in function sum>
IMG_0054.JPG pt2255.jpg,2255,0,<built-in function sum>
IMG_0054.JPG pt2430.jpg,2430,0,<built-in function sum>
IMG_0054.JPG pt3044.jpg,3044,0,<built-in function sum>
IMG_0054.JPG pt3248.jpg,3248,0,<built-in function sum>
IMG_0054.JPG pt1496.jpg,1496,0,<built-in function sum>
IMG_0054.JPG pt1081.jpg,1081,0,<built-in function sum>
IMG_0054.JPG pt2709.jpg,2709,0,<built-in function sum>
IMG_0054.JPG pt1599.jpg,1599,0,<built-in function sum>
IMG_0054.JPG pt3781.jpg,3781,0,<built-in function sum>
IMG_0054.JPG pt4025.jpg,4025,0,<built-in function sum>
IMG_0054.JPG pt3578.jpg,3578,0,<built-in function sum>
IMG_0054.JPG pt2277.jpg,2277,0,<built-in function sum>
IMG_0054.JPG pt3516.jpg,3516,0,<built-in function sum>
IMG_0054.JPG pt1003.jpg,1003,0,<built-in function sum>
IMG_0054.JPG pt3321.jpg,3321,0,<built-in function sum>
IMG_0054.JPG pt4047.jpg,4047,0,<built-in function sum>
IMG_0054.JPG pt1918.jpg,1918,0,<built-in function sum>
IMG_0054.JPG pt1636.jpg,1636,0,<built-in function sum>
IMG_0054.JPG pt556.jpg,556,0,<built-in function sum>
IMG_0054.JPG pt3644.jpg,3644,0,<built-in function sum>
IMG_0054.JPG pt2665.jpg,2665,0,<built-in function sum>
IMG_0054.JPG pt3817.jpg,3817,0,<built-in function sum>
IMG_0054.JPG pt1738.jpg,1738,0,<built-in function sum>
IMG_0054.JPG pt2473.jpg,2473,0,<built-in function sum>
IMG_0054.JPG pt4044.jpg,4044,0,<built-in function sum>
IMG_0054.JPG pt1804.jpg,1804,0,<built-in function sum>
IMG_0054.JPG pt657.jpg,657,0,<built-in function sum>
IMG_0054.JPG pt3426.jpg,3426,0,<built-in function sum>
IMG_0054.JPG pt2869.jpg,2869,0,<built-in function sum>
IMG_0054.JPG pt1692.jpg,1692,0,<built-in function sum>
IMG_0054.JPG pt524.jpg,524,0,<built-in function sum>
IMG_0054.JPG pt3997.jpg,3997,0,<built-in function sum>
IMG_0054.JPG pt2298.jpg,2298,0,<built-in function sum>
IMG_0054.JPG pt1376.jpg,1376,0,<built-in function sum>
IMG_0054.JPG pt2085.jpg,2085,0,<built-in function sum>
IMG_0054.JPG pt2041.jpg,2041,0,<built-in function sum>
IMG_0054.JPG pt3173.jpg,3173,0,<built-in function sum>
IMG_0054.JPG pt4232.jpg,4232,0,<built-in function sum>
IMG_0054.JPG pt3448.jpg,3448,0,<built-in function sum>
IMG_0054.JPG pt3776.jpg,3776,0,<built-in function sum>
IMG_0054.JPG pt4183.jpg,4183,0,<built-in function sum>
IMG_0054.JPG pt2231.jpg,2231,0,<built-in function sum>
IMG_0054.JPG pt1701.jpg,1701,0,<built-in function sum>
IMG_0054.JPG pt744.jpg,744,0,<built-in function sum>
IMG_0054.JPG pt2890.jpg,2890,0,<built-in function sum>
IMG_0054.JPG pt2598.jpg,2598,0,<built-in function sum>
IMG_0054.JPG pt3626.jpg,3626,0,<built-in function sum>
IMG_0054.JPG pt3636.jpg,3636,0,<built-in function sum>
IMG_0054.JPG pt3661.jpg,3661,0,<built-in function sum>
IMG_0054.JPG pt674.jpg,674,0,<built-in function sum>
IMG_0054.JPG pt474.jpg,474,0,<built-in function sum>
IMG_0054.JPG pt2400.jpg,2400,0,<built-in function sum>
IMG_0054.JPG pt1073.jpg,1073,0,<built-in function sum>
IMG_0054.JPG pt3949.jpg,3949,0,<built-in function sum>
IMG_0054.JPG pt2914.jpg,2914,0,<built-in function sum>
IMG_0054.JPG pt751.jpg,751,0,<built-in function sum>
IMG_0054.JPG pt2759.jpg,2759,0,<built-in function sum>
IMG_0054.JPG pt145.jpg,145,0,<built-in function sum>
IMG_0054.JPG pt1066.jpg,1066,0,<built-in function sum>
IMG_0054.JPG pt2861.jpg,2861,0,<built-in function sum>
IMG_0054.JPG pt3639.jpg,3639,3,<built-in function sum>
IMG_0054.JPG pt3461.jpg,3461,0,<built-in function sum>
IMG_0054.JPG pt2557.jpg,2557,0,<built-in function sum>
IMG_0054.JPG pt4113.jpg,4113,0,<built-in function sum>
IMG_0054.JPG pt1039.jpg,1039,0,<built-in function sum>
IMG_0054.JPG pt3472.jpg,3472,0,<built-in function sum>
IMG_0054.JPG pt2325.jpg,2325,0,<built-in function sum>
IMG_0054.JPG pt597.jpg,597,0,<built-in function sum>
IMG_0054.JPG pt2038.jpg,2038,0,<built-in function sum>
IMG_0054.JPG pt274.jpg,274,0,<built-in function sum>
IMG_0054.JPG pt2234.jpg,2234,0,<built-in function sum>
IMG_0054.JPG pt3106.jpg,3106,0,<built-in function sum>
IMG_0054.JPG pt3258.jpg,3258,0,<built-in function sum>
IMG_0054.JPG pt1189.jpg,1189,0,<built-in function sum>
IMG_0054.JPG pt1821.jpg,1821,0,<built-in function sum>
IMG_0054.JPG pt2475.jpg,2475,0,<built-in function sum>
IMG_0054.JPG pt1080.jpg,1080,0,<built-in function sum>
IMG_0054.JPG pt2700.jpg,2700,0,<built-in function sum>
IMG_0054.JPG pt1384.jpg,1384,0,<built-in function sum>
IMG_0054.JPG pt1754.jpg,1754,0,<built-in function sum>
IMG_0054.JPG pt3232.jpg,3232,0,<built-in function sum>
IMG_0054.JPG pt2631.jpg,2631,0,<built-in function sum>
IMG_0054.JPG pt1260.jpg,1260,0,<built-in function sum>
IMG_0054.JPG pt497.jpg,497,0,<built-in function sum>
IMG_0054.JPG pt3035.jpg,3035,0,<built-in function sum>
IMG_0054.JPG pt4120.jpg,4120,0,<built-in function sum>
IMG_0054.JPG pt2763.jpg,2763,0,<built-in function sum>
IMG_0054.JPG pt1733.jpg,1733,0,<built-in function sum>
IMG_0054.JPG pt3485.jpg,3485,0,<built-in function sum>
IMG_0054.JPG pt1297.jpg,1297,0,<built-in function sum>
IMG_0054.JPG pt2741.jpg,2741,0,<built-in function sum>
IMG_0054.JPG pt3337.jpg,3337,0,<built-in function sum>
IMG_0054.JPG pt1715.jpg,1715,0,<built-in function sum>
IMG_0054.JPG pt2057.jpg,2057,0,<built-in function sum>
IMG_0054.JPG pt3062.jpg,3062,0,<built-in function sum>
IMG_0054.JPG pt94.jpg,94,0,<built-in function sum>
IMG_0054.JPG pt518.jpg,518,0,<built-in function sum>
IMG_0054.JPG pt3317.jpg,3317,0,<built-in function sum>
IMG_0054.JPG pt2317.jpg,2317,0,<built-in function sum>
IMG_0054.JPG pt4193.jpg,4193,0,<built-in function sum>
IMG_0054.JPG pt3607.jpg,3607,0,<built-in function sum>
IMG_0054.JPG pt2429.jpg,2429,0,<built-in function sum>
IMG_0054.JPG pt572.jpg,572,0,<built-in function sum>
IMG_0054.JPG pt1261.jpg,1261,0,<built-in function sum>
IMG_0054.JPG pt197.jpg,197,0,<built-in function sum>
IMG_0054.JPG pt3758.jpg,3758,0,<built-in function sum>
IMG_0054.JPG pt2584.jpg,2584,0,<built-in function sum>
IMG_0054.JPG pt681.jpg,681,0,<built-in function sum>
IMG_0054.JPG pt3970.jpg,3970,0,<built-in function sum>
IMG_0054.JPG pt2357.jpg,2357,0,<built-in function sum>
IMG_0054.JPG pt3601.jpg,3601,0,<built-in function sum>
IMG_0054.JPG pt3919.jpg,3919,0,<built-in function sum>
IMG_0054.JPG pt3711.jpg,3711,0,<built-in function sum>
IMG_0054.JPG pt1841.jpg,1841,0,<built-in function sum>
IMG_0054.JPG pt3862.jpg,3862,0,<built-in function sum>
IMG_0054.JPG pt1979.jpg,1979,0,<built-in function sum>
IMG_0054.JPG pt2727.jpg,2727,0,<built-in function sum>
IMG_0054.JPG pt1703.jpg,1703,0,<built-in function sum>
IMG_0054.JPG pt1283.jpg,1283,0,<built-in function sum>
IMG_0054.JPG pt1005.jpg,1005,0,<built-in function sum>
IMG_0054.JPG pt817.jpg,817,0,<built-in function sum>
IMG_0054.JPG pt2724.jpg,2724,0,<built-in function sum>
IMG_0054.JPG pt722.jpg,722,0,<built-in function sum>
IMG_0054.JPG pt364.jpg,364,0,<built-in function sum>
IMG_0054.JPG pt1175.jpg,1175,0,<built-in function sum>
IMG_0054.JPG pt4097.jpg,4097,0,<built-in function sum>
IMG_0054.JPG pt3629.jpg,3629,0,<built-in function sum>
IMG_0054.JPG pt337.jpg,337,0,<built-in function sum>
IMG_0054.JPG pt3939.jpg,3939,0,<built-in function sum>
IMG_0054.JPG pt298.jpg,298,0,<built-in function sum>
IMG_0054.JPG pt1651.jpg,1651,0,<built-in function sum>
IMG_0054.JPG pt470.jpg,470,0,<built-in function sum>
IMG_0054.JPG pt2731.jpg,2731,0,<built-in function sum>
IMG_0054.JPG pt1558.jpg,1558,0,<built-in function sum>
IMG_0054.JPG pt2938.jpg,2938,0,<built-in function sum>
IMG_0054.JPG pt3115.jpg,3115,0,<built-in function sum>
IMG_0054.JPG pt3756.jpg,3756,0,<built-in function sum>
IMG_0054.JPG pt1382.jpg,1382,0,<built-in function sum>
IMG_0054.JPG pt3922.jpg,3922,0,<built-in function sum>
IMG_0054.JPG pt893.jpg,893,0,<built-in function sum>
IMG_0054.JPG pt3755.jpg,3755,0,<built-in function sum>
IMG_0054.JPG pt2564.jpg,2564,0,<built-in function sum>
IMG_0054.JPG pt962.jpg,962,0,<built-in function sum>
IMG_0054.JPG pt3545.jpg,3545,0,<built-in function sum>
IMG_0054.JPG pt2169.jpg,2169,0,<built-in function sum>
IMG_0054.JPG pt617.jpg,617,0,<built-in function sum>
IMG_0054.JPG pt100.jpg,100,0,<built-in function sum>
IMG_0054.JPG pt2538.jpg,2538,0,<built-in function sum>
IMG_0054.JPG pt3246.jpg,3246,0,<built-in function sum>
IMG_0054.JPG pt1015.jpg,1015,0,<built-in function sum>
IMG_0054.JPG pt1307.jpg,1307,0,<built-in function sum>
IMG_0054.JPG pt4143.jpg,4143,0,<built-in function sum>
IMG_0054.JPG pt1371.jpg,1371,0,<built-in function sum>
IMG_0054.JPG pt3192.jpg,3192,0,<built-in function sum>
IMG_0054.JPG pt1543.jpg,1543,0,<built-in function sum>
IMG_0054.JPG pt389.jpg,389,0,<built-in function sum>
IMG_0054.JPG pt3099.jpg,3099,0,<built-in function sum>
IMG_0054.JPG pt1630.jpg,1630,0,<built-in function sum>
IMG_0054.JPG pt1293.jpg,1293,0,<built-in function sum>
IMG_0054.JPG pt3574.jpg,3574,0,<built-in function sum>
IMG_0054.JPG pt335.jpg,335,0,<built-in function sum>
IMG_0054.JPG pt1594.jpg,1594,0,<built-in function sum>
IMG_0054.JPG pt703.jpg,703,0,<built-in function sum>
IMG_0054.JPG pt1004.jpg,1004,0,<built-in function sum>
IMG_0054.JPG pt149.jpg,149,0,<built-in function sum>
IMG_0054.JPG pt2514.jpg,2514,0,<built-in function sum>
IMG_0054.JPG pt782.jpg,782,0,<built-in function sum>
IMG_0054.JPG pt4091.jpg,4091,0,<built-in function sum>
IMG_0054.JPG pt3388.jpg,3388,0,<built-in function sum>
IMG_0054.JPG pt880.jpg,880,0,<built-in function sum>
IMG_0054.JPG pt3971.jpg,3971,0,<built-in function sum>
IMG_0054.JPG pt4189.jpg,4189,0,<built-in function sum>
IMG_0054.JPG pt246.jpg,246,0,<built-in function sum>
IMG_0054.JPG pt3500.jpg,3500,0,<built-in function sum>
IMG_0054.JPG pt1170.jpg,1170,0,<built-in function sum>
IMG_0054.JPG pt2086.jpg,2086,0,<built-in function sum>
IMG_0054.JPG pt910.jpg,910,0,<built-in function sum>
IMG_0054.JPG pt877.jpg,877,0,<built-in function sum>
IMG_0054.JPG pt4157.jpg,4157,0,<built-in function sum>
IMG_0054.JPG pt2942.jpg,2942,0,<built-in function sum>
IMG_0054.JPG pt850.jpg,850,0,<built-in function sum>
IMG_0054.JPG pt359.jpg,359,0,<built-in function sum>
IMG_0054.JPG pt2718.jpg,2718,0,<built-in function sum>
IMG_0054.JPG pt1729.jpg,1729,0,<built-in function sum>
IMG_0054.JPG pt2826.jpg,2826,0,<built-in function sum>
IMG_0054.JPG pt1466.jpg,1466,0,<built-in function sum>
IMG_0054.JPG pt3148.jpg,3148,0,<built-in function sum>
IMG_0054.JPG pt1423.jpg,1423,0,<built-in function sum>
IMG_0054.JPG pt4206.jpg,4206,0,<built-in function sum>
IMG_0054.JPG pt2644.jpg,2644,0,<built-in function sum>
IMG_0054.JPG pt1681.jpg,1681,0,<built-in function sum>
IMG_0054.JPG pt1829.jpg,1829,0,<built-in function sum>
IMG_0054.JPG pt3883.jpg,3883,0,<built-in function sum>
IMG_0054.JPG pt408.jpg,408,0,<built-in function sum>
IMG_0054.JPG pt675.jpg,675,0,<built-in function sum>
IMG_0054.JPG pt3736.jpg,3736,0,<built-in function sum>
IMG_0054.JPG pt3972.jpg,3972,0,<built-in function sum>
IMG_0054.JPG pt301.jpg,301,0,<built-in function sum>
IMG_0054.JPG pt3528.jpg,3528,0,<built-in function sum>
IMG_0054.JPG pt1739.jpg,1739,0,<built-in function sum>
IMG_0054.JPG pt2786.jpg,2786,0,<built-in function sum>
IMG_0054.JPG pt4076.jpg,4076,0,<built-in function sum>
IMG_0054.JPG pt1339.jpg,1339,0,<built-in function sum>
IMG_0054.JPG pt3915.jpg,3915,0,<built-in function sum>
IMG_0054.JPG pt3766.jpg,3766,0,<built-in function sum>
IMG_0054.JPG pt3089.jpg,3089,0,<built-in function sum>
IMG_0054.JPG pt1761.jpg,1761,0,<built-in function sum>
IMG_0054.JPG pt1533.jpg,1533,0,<built-in function sum>
IMG_0054.JPG pt3431.jpg,3431,0,<built-in function sum>
IMG_0054.JPG pt2189.jpg,2189,0,<built-in function sum>
IMG_0054.JPG pt3396.jpg,3396,0,<built-in function sum>
IMG_0054.JPG pt967.jpg,967,0,<built-in function sum>
IMG_0054.JPG pt2259.jpg,2259,0,<built-in function sum>
IMG_0054.JPG pt3123.jpg,3123,0,<built-in function sum>
IMG_0054.JPG pt3617.jpg,3617,0,<built-in function sum>
IMG_0054.JPG pt350.jpg,350,0,<built-in function sum>
IMG_0054.JPG pt3291.jpg,3291,0,<built-in function sum>
IMG_0054.JPG pt201.jpg,201,0,<built-in function sum>
IMG_0054.JPG pt3572.jpg,3572,0,<built-in function sum>
IMG_0054.JPG pt828.jpg,828,0,<built-in function sum>
IMG_0054.JPG pt2201.jpg,2201,0,<built-in function sum>
IMG_0054.JPG pt2310.jpg,2310,0,<built-in function sum>
IMG_0054.JPG pt3460.jpg,3460,0,<built-in function sum>
IMG_0054.JPG pt1159.jpg,1159,0,<built-in function sum>
IMG_0054.JPG pt2744.jpg,2744,0,<built-in function sum>
IMG_0054.JPG pt983.jpg,983,0,<built-in function sum>
IMG_0054.JPG pt2081.jpg,2081,0,<built-in function sum>
IMG_0054.JPG pt1026.jpg,1026,0,<built-in function sum>
IMG_0054.JPG pt2127.jpg,2127,0,<built-in function sum>
IMG_0054.JPG pt1349.jpg,1349,0,<built-in function sum>
IMG_0054.JPG pt451.jpg,451,0,<built-in function sum>
IMG_0054.JPG pt2921.jpg,2921,0,<built-in function sum>
IMG_0054.JPG pt3368.jpg,3368,0,<built-in function sum>
IMG_0054.JPG pt935.jpg,935,0,<built-in function sum>
IMG_0054.JPG pt1986.jpg,1986,0,<built-in function sum>
IMG_0054.JPG pt547.jpg,547,0,<built-in function sum>
IMG_0054.JPG pt2500.jpg,2500,0,<built-in function sum>
IMG_0054.JPG pt1452.jpg,1452,0,<built-in function sum>
IMG_0054.JPG pt2714.jpg,2714,0,<built-in function sum>
IMG_0054.JPG pt3655.jpg,3655,0,<built-in function sum>
IMG_0054.JPG pt1554.jpg,1554,0,<built-in function sum>
IMG_0054.JPG pt2580.jpg,2580,0,<built-in function sum>
IMG_0054.JPG pt2558.jpg,2558,0,<built-in function sum>
IMG_0054.JPG pt948.jpg,948,0,<built-in function sum>
IMG_0054.JPG pt1431.jpg,1431,0,<built-in function sum>
IMG_0054.JPG pt548.jpg,548,0,<built-in function sum>
IMG_0054.JPG pt174.jpg,174,0,<built-in function sum>
IMG_0054.JPG pt870.jpg,870,0,<built-in function sum>
IMG_0054.JPG pt1666.jpg,1666,0,<built-in function sum>
IMG_0054.JPG pt2476.jpg,2476,0,<built-in function sum>
IMG_0054.JPG pt1224.jpg,1224,0,<built-in function sum>
IMG_0054.JPG pt4116.jpg,4116,0,<built-in function sum>
IMG_0054.JPG pt490.jpg,490,0,<built-in function sum>
IMG_0054.JPG pt2239.jpg,2239,0,<built-in function sum>
IMG_0054.JPG pt2291.jpg,2291,0,<built-in function sum>
IMG_0054.JPG pt3482.jpg,3482,0,<built-in function sum>
IMG_0054.JPG pt3110.jpg,3110,0,<built-in function sum>
IMG_0054.JPG pt500.jpg,500,0,<built-in function sum>
IMG_0054.JPG pt1052.jpg,1052,0,<built-in function sum>
IMG_0054.JPG pt3686.jpg,3686,0,<built-in function sum>
IMG_0054.JPG pt1152.jpg,1152,0,<built-in function sum>
IMG_0054.JPG pt1657.jpg,1657,0,<built-in function sum>
IMG_0054.JPG pt1149.jpg,1149,0,<built-in function sum>
IMG_0054.JPG pt1707.jpg,1707,0,<built-in function sum>
IMG_0054.JPG pt171.jpg,171,0,<built-in function sum>
IMG_0054.JPG pt3054.jpg,3054,0,<built-in function sum>
IMG_0054.JPG pt1151.jpg,1151,0,<built-in function sum>
IMG_0054.JPG pt3074.jpg,3074,0,<built-in function sum>
IMG_0054.JPG pt1402.jpg,1402,0,<built-in function sum>
IMG_0054.JPG pt3404.jpg,3404,0,<built-in function sum>
IMG_0054.JPG pt23.jpg,23,0,<built-in function sum>
IMG_0054.JPG pt4149.jpg,4149,0,<built-in function sum>
IMG_0054.JPG pt2193.jpg,2193,0,<built-in function sum>
IMG_0054.JPG pt1552.jpg,1552,0,<built-in function sum>
IMG_0054.JPG pt3855.jpg,3855,0,<built-in function sum>
IMG_0054.JPG pt405.jpg,405,0,<built-in function sum>
IMG_0054.JPG pt1092.jpg,1092,0,<built-in function sum>
IMG_0054.JPG pt3338.jpg,3338,0,<built-in function sum>
IMG_0054.JPG pt3954.jpg,3954,0,<built-in function sum>
IMG_0054.JPG pt821.jpg,821,0,<built-in function sum>
IMG_0054.JPG pt2045.jpg,2045,0,<built-in function sum>
IMG_0054.JPG pt2404.jpg,2404,0,<built-in function sum>
IMG_0054.JPG pt1235.jpg,1235,0,<built-in function sum>
IMG_0054.JPG pt2782.jpg,2782,0,<built-in function sum>
IMG_0054.JPG pt918.jpg,918,0,<built-in function sum>
IMG_0054.JPG pt216.jpg,216,0,<built-in function sum>
IMG_0054.JPG pt2850.jpg,2850,0,<built-in function sum>
IMG_0054.JPG pt2393.jpg,2393,0,<built-in function sum>
IMG_0054.JPG pt745.jpg,745,0,<built-in function sum>
IMG_0054.JPG pt611.jpg,611,0,<built-in function sum>
IMG_0054.JPG pt3207.jpg,3207,0,<built-in function sum>
IMG_0054.JPG pt3213.jpg,3213,0,<built-in function sum>
IMG_0054.JPG pt2256.jpg,2256,0,<built-in function sum>
IMG_0054.JPG pt3.jpg,3,0,<built-in function sum>
IMG_0054.JPG pt95.jpg,95,0,<built-in function sum>
IMG_0054.JPG pt3072.jpg,3072,0,<built-in function sum>
IMG_0054.JPG pt3411.jpg,3411,0,<built-in function sum>
IMG_0054.JPG pt1140.jpg,1140,0,<built-in function sum>
IMG_0054.JPG pt1982.jpg,1982,0,<built-in function sum>
IMG_0054.JPG pt2924.jpg,2924,0,<built-in function sum>
IMG_0054.JPG pt1291.jpg,1291,0,<built-in function sum>
IMG_0054.JPG pt3726.jpg,3726,0,<built-in function sum>
IMG_0054.JPG pt3326.jpg,3326,0,<built-in function sum>
IMG_0054.JPG pt1328.jpg,1328,0,<built-in function sum>
IMG_0054.JPG pt1319.jpg,1319,0,<built-in function sum>
IMG_0054.JPG pt1938.jpg,1938,0,<built-in function sum>
IMG_0054.JPG pt2394.jpg,2394,0,<built-in function sum>
IMG_0054.JPG pt569.jpg,569,0,<built-in function sum>
IMG_0054.JPG pt2913.jpg,2913,0,<built-in function sum>
IMG_0054.JPG pt2642.jpg,2642,0,<built-in function sum>
IMG_0054.JPG pt3323.jpg,3323,0,<built-in function sum>
IMG_0054.JPG pt3771.jpg,3771,0,<built-in function sum>
IMG_0054.JPG pt3674.jpg,3674,0,<built-in function sum>
IMG_0054.JPG pt752.jpg,752,0,<built-in function sum>
IMG_0054.JPG pt278.jpg,278,0,<built-in function sum>
IMG_0054.JPG pt900.jpg,900,0,<built-in function sum>
IMG_0054.JPG pt4214.jpg,4214,0,<built-in function sum>
IMG_0054.JPG pt390.jpg,390,0,<built-in function sum>
IMG_0054.JPG pt515.jpg,515,0,<built-in function sum>
IMG_0054.JPG pt3405.jpg,3405,0,<built-in function sum>
IMG_0054.JPG pt1011.jpg,1011,0,<built-in function sum>
IMG_0054.JPG pt3424.jpg,3424,0,<built-in function sum>
IMG_0054.JPG pt704.jpg,704,0,<built-in function sum>
IMG_0054.JPG pt1112.jpg,1112,0,<built-in function sum>
IMG_0054.JPG pt1792.jpg,1792,0,<built-in function sum>
IMG_0054.JPG pt1661.jpg,1661,0,<built-in function sum>
IMG_0054.JPG pt2739.jpg,2739,0,<built-in function sum>
IMG_0054.JPG pt1154.jpg,1154,0,<built-in function sum>
IMG_0054.JPG pt2534.jpg,2534,0,<built-in function sum>
IMG_0054.JPG pt3789.jpg,3789,0,<built-in function sum>
IMG_0054.JPG pt1712.jpg,1712,0,<built-in function sum>
IMG_0054.JPG pt2415.jpg,2415,0,<built-in function sum>
IMG_0054.JPG pt294.jpg,294,0,<built-in function sum>
IMG_0054.JPG pt3555.jpg,3555,0,<built-in function sum>
IMG_0054.JPG pt668.jpg,668,0,<built-in function sum>
IMG_0054.JPG pt1022.jpg,1022,0,<built-in function sum>
IMG_0054.JPG pt2028.jpg,2028,0,<built-in function sum>
IMG_0054.JPG pt1635.jpg,1635,0,<built-in function sum>
IMG_0054.JPG pt3370.jpg,3370,0,<built-in function sum>
IMG_0054.JPG pt1562.jpg,1562,0,<built-in function sum>
IMG_0054.JPG pt2221.jpg,2221,0,<built-in function sum>
IMG_0054.JPG pt1231.jpg,1231,0,<built-in function sum>
IMG_0054.JPG pt35.jpg,35,0,<built-in function sum>
IMG_0054.JPG pt292.jpg,292,0,<built-in function sum>
IMG_0054.JPG pt46.jpg,46,0,<built-in function sum>
IMG_0054.JPG pt2320.jpg,2320,1,<built-in function sum>
IMG_0054.JPG pt3009.jpg,3009,0,<built-in function sum>
IMG_0054.JPG pt2015.jpg,2015,0,<built-in function sum>
IMG_0054.JPG pt1814.jpg,1814,0,<built-in function sum>
IMG_0054.JPG pt305.jpg,305,0,<built-in function sum>
IMG_0054.JPG pt3590.jpg,3590,0,<built-in function sum>
IMG_0054.JPG pt1041.jpg,1041,0,<built-in function sum>
IMG_0054.JPG pt3783.jpg,3783,0,<built-in function sum>
IMG_0054.JPG pt1579.jpg,1579,0,<built-in function sum>
IMG_0054.JPG pt648.jpg,648,0,<built-in function sum>
IMG_0054.JPG pt4237.jpg,4237,0,<built-in function sum>
IMG_0054.JPG pt2165.jpg,2165,0,<built-in function sum>
IMG_0054.JPG pt3081.jpg,3081,0,<built-in function sum>
IMG_0054.JPG pt2157.jpg,2157,3,<built-in function sum>
IMG_0054.JPG pt1249.jpg,1249,0,<built-in function sum>
IMG_0054.JPG pt1119.jpg,1119,0,<built-in function sum>
IMG_0054.JPG pt1059.jpg,1059,0,<built-in function sum>
IMG_0054.JPG pt4219.jpg,4219,0,<built-in function sum>
IMG_0054.JPG pt1121.jpg,1121,0,<built-in function sum>
IMG_0054.JPG pt1705.jpg,1705,0,<built-in function sum>
IMG_0054.JPG pt1567.jpg,1567,0,<built-in function sum>
IMG_0054.JPG pt3194.jpg,3194,0,<built-in function sum>
IMG_0054.JPG pt2893.jpg,2893,0,<built-in function sum>
IMG_0054.JPG pt3513.jpg,3513,0,<built-in function sum>
IMG_0054.JPG pt2307.jpg,2307,1,<built-in function sum>
IMG_0054.JPG pt1919.jpg,1919,0,<built-in function sum>
IMG_0054.JPG pt3395.jpg,3395,0,<built-in function sum>
IMG_0054.JPG pt431.jpg,431,0,<built-in function sum>
IMG_0054.JPG pt4179.jpg,4179,0,<built-in function sum>
IMG_0054.JPG pt1470.jpg,1470,0,<built-in function sum>
IMG_0054.JPG pt926.jpg,926,0,<built-in function sum>
IMG_0054.JPG pt2767.jpg,2767,0,<built-in function sum>
IMG_0054.JPG pt2456.jpg,2456,0,<built-in function sum>
IMG_0054.JPG pt250.jpg,250,0,<built-in function sum>
IMG_0054.JPG pt340.jpg,340,0,<built-in function sum>
IMG_0054.JPG pt1575.jpg,1575,0,<built-in function sum>
IMG_0054.JPG pt2894.jpg,2894,0,<built-in function sum>
IMG_0054.JPG pt2144.jpg,2144,0,<built-in function sum>
IMG_0054.JPG pt3071.jpg,3071,0,<built-in function sum>
IMG_0054.JPG pt641.jpg,641,0,<built-in function sum>
IMG_0054.JPG pt2716.jpg,2716,0,<built-in function sum>
IMG_0054.JPG pt3201.jpg,3201,0,<built-in function sum>
IMG_0054.JPG pt2672.jpg,2672,0,<built-in function sum>
IMG_0054.JPG pt2864.jpg,2864,0,<built-in function sum>
IMG_0054.JPG pt3630.jpg,3630,0,<built-in function sum>
IMG_0054.JPG pt2527.jpg,2527,0,<built-in function sum>
IMG_0054.JPG pt212.jpg,212,0,<built-in function sum>
IMG_0054.JPG pt1831.jpg,1831,0,<built-in function sum>
IMG_0054.JPG pt790.jpg,790,0,<built-in function sum>
IMG_0054.JPG pt2615.jpg,2615,0,<built-in function sum>
IMG_0054.JPG pt3510.jpg,3510,0,<built-in function sum>
IMG_0054.JPG pt3270.jpg,3270,0,<built-in function sum>
IMG_0054.JPG pt2402.jpg,2402,0,<built-in function sum>
IMG_0054.JPG pt3376.jpg,3376,0,<built-in function sum>
IMG_0054.JPG pt1258.jpg,1258,0,<built-in function sum>
IMG_0054.JPG pt2252.jpg,2252,0,<built-in function sum>
IMG_0054.JPG pt155.jpg,155,0,<built-in function sum>
IMG_0054.JPG pt1753.jpg,1753,0,<built-in function sum>
IMG_0054.JPG pt3227.jpg,3227,0,<built-in function sum>
IMG_0054.JPG pt3567.jpg,3567,0,<built-in function sum>
IMG_0054.JPG pt1467.jpg,1467,0,<built-in function sum>
IMG_0054.JPG pt3741.jpg,3741,0,<built-in function sum>
IMG_0054.JPG pt608.jpg,608,0,<built-in function sum>
IMG_0054.JPG pt1347.jpg,1347,0,<built-in function sum>
IMG_0054.JPG pt4145.jpg,4145,0,<built-in function sum>
IMG_0054.JPG pt1131.jpg,1131,0,<built-in function sum>
IMG_0054.JPG pt3228.jpg,3228,0,<built-in function sum>
IMG_0054.JPG pt533.jpg,533,0,<built-in function sum>
IMG_0054.JPG pt2309.jpg,2309,0,<built-in function sum>
IMG_0054.JPG pt3725.jpg,3725,0,<built-in function sum>
IMG_0054.JPG pt995.jpg,995,0,<built-in function sum>
IMG_0054.JPG pt2466.jpg,2466,0,<built-in function sum>
IMG_0054.JPG pt1257.jpg,1257,0,<built-in function sum>
IMG_0054.JPG pt3391.jpg,3391,0,<built-in function sum>
IMG_0054.JPG pt325.jpg,325,0,<built-in function sum>
IMG_0054.JPG pt315.jpg,315,0,<built-in function sum>
IMG_0054.JPG pt3149.jpg,3149,0,<built-in function sum>
IMG_0054.JPG pt3953.jpg,3953,0,<built-in function sum>
IMG_0054.JPG pt1446.jpg,1446,0,<built-in function sum>
IMG_0054.JPG pt2344.jpg,2344,0,<built-in function sum>
IMG_0054.JPG pt3342.jpg,3342,0,<built-in function sum>
IMG_0054.JPG pt3146.jpg,3146,0,<built-in function sum>
IMG_0054.JPG pt3023.jpg,3023,0,<built-in function sum>
IMG_0054.JPG pt601.jpg,601,0,<built-in function sum>
IMG_0054.JPG pt2244.jpg,2244,0,<built-in function sum>
IMG_0054.JPG pt2313.jpg,2313,0,<built-in function sum>
IMG_0054.JPG pt958.jpg,958,0,<built-in function sum>
IMG_0054.JPG pt3364.jpg,3364,0,<built-in function sum>
IMG_0054.JPG pt2856.jpg,2856,0,<built-in function sum>
IMG_0054.JPG pt3624.jpg,3624,0,<built-in function sum>
IMG_0054.JPG pt4147.jpg,4147,0,<built-in function sum>
IMG_0054.JPG pt3119.jpg,3119,0,<built-in function sum>
IMG_0054.JPG pt3030.jpg,3030,0,<built-in function sum>
IMG_0054.JPG pt159.jpg,159,0,<built-in function sum>
IMG_0054.JPG pt1406.jpg,1406,0,<built-in function sum>
IMG_0054.JPG pt3734.jpg,3734,0,<built-in function sum>
IMG_0054.JPG pt2072.jpg,2072,0,<built-in function sum>
IMG_0054.JPG pt2698.jpg,2698,0,<built-in function sum>
IMG_0054.JPG pt3642.jpg,3642,0,<built-in function sum>
IMG_0054.JPG pt949.jpg,949,0,<built-in function sum>
IMG_0054.JPG pt2390.jpg,2390,0,<built-in function sum>
IMG_0054.JPG pt1898.jpg,1898,0,<built-in function sum>
IMG_0054.JPG pt3712.jpg,3712,0,<built-in function sum>
IMG_0054.JPG pt2791.jpg,2791,0,<built-in function sum>
IMG_0054.JPG pt3692.jpg,3692,0,<built-in function sum>
IMG_0054.JPG pt3385.jpg,3385,0,<built-in function sum>
IMG_0054.JPG pt1278.jpg,1278,0,<built-in function sum>
IMG_0054.JPG pt609.jpg,609,0,<built-in function sum>
IMG_0054.JPG pt921.jpg,921,0,<built-in function sum>
IMG_0054.JPG pt2703.jpg,2703,0,<built-in function sum>
IMG_0054.JPG pt4090.jpg,4090,0,<built-in function sum>
IMG_0054.JPG pt2272.jpg,2272,0,<built-in function sum>
IMG_0054.JPG pt3004.jpg,3004,0,<built-in function sum>
IMG_0054.JPG pt664.jpg,664,0,<built-in function sum>
IMG_0054.JPG pt4226.jpg,4226,0,<built-in function sum>
IMG_0054.JPG pt2920.jpg,2920,0,<built-in function sum>
IMG_0054.JPG pt147.jpg,147,0,<built-in function sum>
IMG_0054.JPG pt3169.jpg,3169,0,<built-in function sum>
IMG_0054.JPG pt3077.jpg,3077,0,<built-in function sum>
IMG_0054.JPG pt41.jpg,41,0,<built-in function sum>
IMG_0054.JPG pt1678.jpg,1678,0,<built-in function sum>
IMG_0054.JPG pt878.jpg,878,0,<built-in function sum>
IMG_0054.JPG pt324.jpg,324,0,<built-in function sum>
IMG_0054.JPG pt4066.jpg,4066,0,<built-in function sum>
IMG_0054.JPG pt3186.jpg,3186,0,<built-in function sum>
IMG_0054.JPG pt585.jpg,585,0,<built-in function sum>
IMG_0054.JPG pt43.jpg,43,0,<built-in function sum>
IMG_0054.JPG pt1057.jpg,1057,0,<built-in function sum>
IMG_0054.JPG pt1053.jpg,1053,0,<built-in function sum>
IMG_0054.JPG pt3345.jpg,3345,0,<built-in function sum>
IMG_0054.JPG pt2783.jpg,2783,0,<built-in function sum>
IMG_0054.JPG pt1429.jpg,1429,0,<built-in function sum>
IMG_0054.JPG pt1624.jpg,1624,0,<built-in function sum>
IMG_0054.JPG pt902.jpg,902,0,<built-in function sum>
IMG_0054.JPG pt1351.jpg,1351,0,<built-in function sum>
IMG_0054.JPG pt139.jpg,139,0,<built-in function sum>
IMG_0054.JPG pt815.jpg,815,0,<built-in function sum>
IMG_0054.JPG pt33.jpg,33,0,<built-in function sum>
IMG_0054.JPG pt3927.jpg,3927,0,<built-in function sum>
IMG_0054.JPG pt3286.jpg,3286,0,<built-in function sum>
IMG_0054.JPG pt376.jpg,376,0,<built-in function sum>
IMG_0054.JPG pt491.jpg,491,0,<built-in function sum>
IMG_0054.JPG pt3779.jpg,3779,0,<built-in function sum>
IMG_0054.JPG pt4005.jpg,4005,0,<built-in function sum>
IMG_0054.JPG pt1393.jpg,1393,0,<built-in function sum>
IMG_0054.JPG pt50.jpg,50,0,<built-in function sum>
IMG_0054.JPG pt3828.jpg,3828,0,<built-in function sum>
IMG_0054.JPG pt4125.jpg,4125,0,<built-in function sum>
IMG_0054.JPG pt1927.jpg,1927,0,<built-in function sum>
IMG_0054.JPG pt2934.jpg,2934,0,<built-in function sum>
IMG_0054.JPG pt517.jpg,517,0,<built-in function sum>
IMG_0054.JPG pt1892.jpg,1892,0,<built-in function sum>
IMG_0054.JPG pt1536.jpg,1536,0,<built-in function sum>
IMG_0054.JPG pt4080.jpg,4080,0,<built-in function sum>
IMG_0054.JPG pt3152.jpg,3152,0,<built-in function sum>
IMG_0054.JPG pt3808.jpg,3808,0,<built-in function sum>
IMG_0054.JPG pt2983.jpg,2983,0,<built-in function sum>
IMG_0054.JPG pt1191.jpg,1191,0,<built-in function sum>
IMG_0054.JPG pt4190.jpg,4190,0,<built-in function sum>
IMG_0054.JPG pt1401.jpg,1401,0,<built-in function sum>
IMG_0054.JPG pt2701.jpg,2701,0,<built-in function sum>
IMG_0054.JPG pt1767.jpg,1767,0,<built-in function sum>
IMG_0054.JPG pt3569.jpg,3569,0,<built-in function sum>
IMG_0054.JPG pt3682.jpg,3682,0,<built-in function sum>
IMG_0054.JPG pt2283.jpg,2283,0,<built-in function sum>
IMG_0054.JPG pt2345.jpg,2345,0,<built-in function sum>
IMG_0054.JPG pt1492.jpg,1492,0,<built-in function sum>
IMG_0054.JPG pt4177.jpg,4177,0,<built-in function sum>
IMG_0054.JPG pt2453.jpg,2453,0,<built-in function sum>
IMG_0054.JPG pt168.jpg,168,0,<built-in function sum>
IMG_0054.JPG pt1955.jpg,1955,0,<built-in function sum>
IMG_0054.JPG pt3827.jpg,3827,0,<built-in function sum>
IMG_0054.JPG pt214.jpg,214,0,<built-in function sum>
IMG_0054.JPG pt2065.jpg,2065,0,<built-in function sum>
IMG_0054.JPG pt136.jpg,136,0,<built-in function sum>
IMG_0054.JPG pt4234.jpg,4234,0,<built-in function sum>
IMG_0054.JPG pt421.jpg,421,0,<built-in function sum>
IMG_0054.JPG pt4154.jpg,4154,0,<built-in function sum>
IMG_0054.JPG pt2560.jpg,2560,0,<built-in function sum>
IMG_0054.JPG pt2547.jpg,2547,0,<built-in function sum>
IMG_0054.JPG pt4034.jpg,4034,0,<built-in function sum>
IMG_0054.JPG pt2007.jpg,2007,0,<built-in function sum>
IMG_0054.JPG pt2510.jpg,2510,0,<built-in function sum>
IMG_0054.JPG pt1972.jpg,1972,0,<built-in function sum>
IMG_0054.JPG pt1769.jpg,1769,0,<built-in function sum>
IMG_0054.JPG pt977.jpg,977,0,<built-in function sum>
IMG_0054.JPG pt30.jpg,30,0,<built-in function sum>
IMG_0054.JPG pt4172.jpg,4172,0,<built-in function sum>
IMG_0054.JPG pt1907.jpg,1907,0,<built-in function sum>
IMG_0054.JPG pt1776.jpg,1776,0,<built-in function sum>
IMG_0054.JPG pt3557.jpg,3557,0,<built-in function sum>
IMG_0054.JPG pt1330.jpg,1330,0,<built-in function sum>
IMG_0054.JPG pt219.jpg,219,0,<built-in function sum>
IMG_0054.JPG pt1784.jpg,1784,0,<built-in function sum>
IMG_0054.JPG pt2734.jpg,2734,0,<built-in function sum>
IMG_0054.JPG pt3268.jpg,3268,0,<built-in function sum>
IMG_0054.JPG pt3973.jpg,3973,0,<built-in function sum>
IMG_0054.JPG pt1477.jpg,1477,0,<built-in function sum>
IMG_0054.JPG pt3329.jpg,3329,0,<built-in function sum>
IMG_0054.JPG pt49.jpg,49,0,<built-in function sum>
IMG_0054.JPG pt176.jpg,176,0,<built-in function sum>
IMG_0054.JPG pt2881.jpg,2881,0,<built-in function sum>
IMG_0054.JPG pt2328.jpg,2328,0,<built-in function sum>
IMG_0054.JPG pt3584.jpg,3584,0,<built-in function sum>
IMG_0054.JPG pt3312.jpg,3312,0,<built-in function sum>
IMG_0054.JPG pt843.jpg,843,0,<built-in function sum>
IMG_0054.JPG pt2586.jpg,2586,0,<built-in function sum>
IMG_0054.JPG pt3305.jpg,3305,0,<built-in function sum>
IMG_0054.JPG pt2375.jpg,2375,0,<built-in function sum>
IMG_0054.JPG pt3065.jpg,3065,0,<built-in function sum>
IMG_0054.JPG pt3495.jpg,3495,0,<built-in function sum>
IMG_0054.JPG pt1612.jpg,1612,0,<built-in function sum>
IMG_0054.JPG pt2808.jpg,2808,0,<built-in function sum>
IMG_0054.JPG pt3696.jpg,3696,0,<built-in function sum>
IMG_0054.JPG pt1606.jpg,1606,0,<built-in function sum>
IMG_0054.JPG pt553.jpg,553,0,<built-in function sum>
IMG_0054.JPG pt530.jpg,530,0,<built-in function sum>
IMG_0054.JPG pt3718.jpg,3718,0,<built-in function sum>
IMG_0054.JPG pt540.jpg,540,0,<built-in function sum>
IMG_0054.JPG pt3159.jpg,3159,0,<built-in function sum>
IMG_0054.JPG pt2601.jpg,2601,0,<built-in function sum>
IMG_0054.JPG pt1474.jpg,1474,0,<built-in function sum>
IMG_0054.JPG pt1186.jpg,1186,0,<built-in function sum>
IMG_0054.JPG pt3980.jpg,3980,0,<built-in function sum>
IMG_0054.JPG pt4218.jpg,4218,0,<built-in function sum>
IMG_0054.JPG pt3082.jpg,3082,0,<built-in function sum>
IMG_0054.JPG pt2329.jpg,2329,0,<built-in function sum>
IMG_0054.JPG pt2889.jpg,2889,0,<built-in function sum>
IMG_0054.JPG pt322.jpg,322,0,<built-in function sum>
IMG_0054.JPG pt1184.jpg,1184,0,<built-in function sum>
IMG_0054.JPG pt1343.jpg,1343,0,<built-in function sum>
IMG_0054.JPG pt26.jpg,26,0,<built-in function sum>
IMG_0054.JPG pt1930.jpg,1930,0,<built-in function sum>
IMG_0054.JPG pt2172.jpg,2172,0,<built-in function sum>
IMG_0054.JPG pt247.jpg,247,0,<built-in function sum>
IMG_0054.JPG pt2269.jpg,2269,0,<built-in function sum>
IMG_0054.JPG pt4095.jpg,4095,0,<built-in function sum>
IMG_0054.JPG pt2242.jpg,2242,0,<built-in function sum>
IMG_0054.JPG pt959.jpg,959,0,<built-in function sum>
IMG_0054.JPG pt728.jpg,728,0,<built-in function sum>
IMG_0054.JPG pt3911.jpg,3911,0,<built-in function sum>
IMG_0054.JPG pt2964.jpg,2964,0,<built-in function sum>
IMG_0054.JPG pt2836.jpg,2836,0,<built-in function sum>
IMG_0054.JPG pt2593.jpg,2593,0,<built-in function sum>
IMG_0054.JPG pt2070.jpg,2070,0,<built-in function sum>
IMG_0054.JPG pt1822.jpg,1822,0,<built-in function sum>
IMG_0054.JPG pt2629.jpg,2629,0,<built-in function sum>
IMG_0054.JPG pt3693.jpg,3693,0,<built-in function sum>
IMG_0054.JPG pt1313.jpg,1313,0,<built-in function sum>
IMG_0054.JPG pt716.jpg,716,0,<built-in function sum>
IMG_0054.JPG pt994.jpg,994,0,<built-in function sum>
IMG_0054.JPG pt635.jpg,635,0,<built-in function sum>
IMG_0054.JPG pt55.jpg,55,0,<built-in function sum>
IMG_0054.JPG pt16.jpg,16,0,<built-in function sum>
IMG_0054.JPG pt1977.jpg,1977,0,<built-in function sum>
IMG_0054.JPG pt985.jpg,985,0,<built-in function sum>
IMG_0054.JPG pt3134.jpg,3134,0,<built-in function sum>
IMG_0054.JPG pt965.jpg,965,0,<built-in function sum>
IMG_0054.JPG pt2151.jpg,2151,0,<built-in function sum>
IMG_0054.JPG pt3049.jpg,3049,0,<built-in function sum>
IMG_0054.JPG pt1082.jpg,1082,0,<built-in function sum>
IMG_0054.JPG pt463.jpg,463,0,<built-in function sum>
IMG_0054.JPG pt909.jpg,909,0,<built-in function sum>
IMG_0054.JPG pt579.jpg,579,0,<built-in function sum>
IMG_0054.JPG pt1650.jpg,1650,0,<built-in function sum>
IMG_0054.JPG pt923.jpg,923,0,<built-in function sum>
IMG_0054.JPG pt3471.jpg,3471,0,<built-in function sum>
IMG_0054.JPG pt2202.jpg,2202,0,<built-in function sum>
IMG_0054.JPG pt3812.jpg,3812,0,<built-in function sum>
IMG_0054.JPG pt1494.jpg,1494,0,<built-in function sum>
IMG_0054.JPG pt1882.jpg,1882,0,<built-in function sum>
IMG_0054.JPG pt2423.jpg,2423,0,<built-in function sum>
IMG_0054.JPG pt2094.jpg,2094,0,<built-in function sum>
IMG_0054.JPG pt2166.jpg,2166,0,<built-in function sum>
IMG_0054.JPG pt3546.jpg,3546,0,<built-in function sum>
IMG_0054.JPG pt2426.jpg,2426,0,<built-in function sum>
IMG_0054.JPG pt4042.jpg,4042,0,<built-in function sum>
IMG_0054.JPG pt770.jpg,770,0,<built-in function sum>
IMG_0054.JPG pt1638.jpg,1638,0,<built-in function sum>
IMG_0054.JPG pt805.jpg,805,0,<built-in function sum>
IMG_0054.JPG pt1486.jpg,1486,0,<built-in function sum>
IMG_0054.JPG pt1584.jpg,1584,0,<built-in function sum>
IMG_0054.JPG pt1673.jpg,1673,0,<built-in function sum>
IMG_0054.JPG pt2685.jpg,2685,0,<built-in function sum>
IMG_0054.JPG pt2482.jpg,2482,0,<built-in function sum>
IMG_0054.JPG pt631.jpg,631,0,<built-in function sum>
IMG_0054.JPG pt963.jpg,963,0,<built-in function sum>
IMG_0054.JPG pt4217.jpg,4217,0,<built-in function sum>
IMG_0054.JPG pt3937.jpg,3937,0,<built-in function sum>
IMG_0054.JPG pt1085.jpg,1085,0,<built-in function sum>
IMG_0054.JPG pt1824.jpg,1824,0,<built-in function sum>
IMG_0054.JPG pt4202.jpg,4202,0,<built-in function sum>
IMG_0054.JPG pt3876.jpg,3876,0,<built-in function sum>
IMG_0054.JPG pt3895.jpg,3895,0,<built-in function sum>
IMG_0054.JPG pt3308.jpg,3308,0,<built-in function sum>
IMG_0054.JPG pt369.jpg,369,0,<built-in function sum>
IMG_0054.JPG pt1116.jpg,1116,0,<built-in function sum>
IMG_0054.JPG pt3271.jpg,3271,0,<built-in function sum>
IMG_0054.JPG pt320.jpg,320,0,<built-in function sum>
IMG_0054.JPG pt2421.jpg,2421,0,<built-in function sum>
IMG_0054.JPG pt2229.jpg,2229,0,<built-in function sum>
IMG_0054.JPG pt276.jpg,276,0,<built-in function sum>
IMG_0054.JPG pt2110.jpg,2110,0,<built-in function sum>
IMG_0054.JPG pt865.jpg,865,0,<built-in function sum>
IMG_0054.JPG pt3340.jpg,3340,0,<built-in function sum>
IMG_0054.JPG pt3029.jpg,3029,0,<built-in function sum>
IMG_0054.JPG pt2790.jpg,2790,0,<built-in function sum>
IMG_0054.JPG pt3047.jpg,3047,0,<built-in function sum>
IMG_0054.JPG pt3571.jpg,3571,0,<built-in function sum>
IMG_0054.JPG pt4089.jpg,4089,0,<built-in function sum>
IMG_0054.JPG pt3409.jpg,3409,0,<built-in function sum>
IMG_0054.JPG pt494.jpg,494,0,<built-in function sum>
IMG_0054.JPG pt2408.jpg,2408,0,<built-in function sum>
IMG_0054.JPG pt3717.jpg,3717,0,<built-in function sum>
IMG_0054.JPG pt800.jpg,800,0,<built-in function sum>
IMG_0054.JPG pt3703.jpg,3703,0,<built-in function sum>
IMG_0054.JPG pt838.jpg,838,0,<built-in function sum>
IMG_0054.JPG pt2928.jpg,2928,0,<built-in function sum>
IMG_0054.JPG pt1778.jpg,1778,0,<built-in function sum>
IMG_0054.JPG pt1361.jpg,1361,0,<built-in function sum>
IMG_0054.JPG pt2532.jpg,2532,0,<built-in function sum>
IMG_0054.JPG pt4020.jpg,4020,0,<built-in function sum>
IMG_0054.JPG pt472.jpg,472,0,<built-in function sum>
IMG_0054.JPG pt2206.jpg,2206,0,<built-in function sum>
IMG_0054.JPG pt3331.jpg,3331,0,<built-in function sum>
IMG_0054.JPG pt2075.jpg,2075,0,<built-in function sum>
IMG_0054.JPG pt2376.jpg,2376,0,<built-in function sum>
IMG_0054.JPG pt1028.jpg,1028,0,<built-in function sum>
IMG_0054.JPG pt112.jpg,112,0,<built-in function sum>
IMG_0054.JPG pt2639.jpg,2639,0,<built-in function sum>
IMG_0054.JPG pt118.jpg,118,0,<built-in function sum>
IMG_0054.JPG pt135.jpg,135,0,<built-in function sum>
IMG_0054.JPG pt2182.jpg,2182,0,<built-in function sum>
IMG_0054.JPG pt368.jpg,368,0,<built-in function sum>
IMG_0054.JPG pt4119.jpg,4119,0,<built-in function sum>
IMG_0054.JPG pt1749.jpg,1749,0,<built-in function sum>
IMG_0054.JPG pt3553.jpg,3553,0,<built-in function sum>
IMG_0054.JPG pt1619.jpg,1619,0,<built-in function sum>
IMG_0054.JPG pt3231.jpg,3231,0,<built-in function sum>
IMG_0054.JPG pt1108.jpg,1108,0,<built-in function sum>
IMG_0054.JPG pt861.jpg,861,0,<built-in function sum>
IMG_0054.JPG pt4227.jpg,4227,0,<built-in function sum>
IMG_0054.JPG pt4033.jpg,4033,0,<built-in function sum>
IMG_0054.JPG pt2006.jpg,2006,0,<built-in function sum>
IMG_0054.JPG pt2365.jpg,2365,0,<built-in function sum>
IMG_0054.JPG pt697.jpg,697,0,<built-in function sum>
IMG_0054.JPG pt2576.jpg,2576,0,<built-in function sum>
IMG_0054.JPG pt1683.jpg,1683,0,<built-in function sum>
IMG_0054.JPG pt4225.jpg,4225,0,<built-in function sum>
IMG_0054.JPG pt2282.jpg,2282,0,<built-in function sum>
IMG_0054.JPG pt792.jpg,792,0,<built-in function sum>
IMG_0054.JPG pt1161.jpg,1161,0,<built-in function sum>
IMG_0054.JPG pt3831.jpg,3831,0,<built-in function sum>
IMG_0054.JPG pt413.jpg,413,0,<built-in function sum>
IMG_0054.JPG pt903.jpg,903,0,<built-in function sum>
IMG_0054.JPG pt2492.jpg,2492,0,<built-in function sum>
IMG_0054.JPG pt2956.jpg,2956,0,<built-in function sum>
IMG_0054.JPG pt2194.jpg,2194,0,<built-in function sum>
IMG_0054.JPG pt712.jpg,712,0,<built-in function sum>
IMG_0054.JPG pt3157.jpg,3157,0,<built-in function sum>
IMG_0054.JPG pt1985.jpg,1985,0,<built-in function sum>
IMG_0054.JPG pt4053.jpg,4053,0,<built-in function sum>
IMG_0054.JPG pt3096.jpg,3096,0,<built-in function sum>
IMG_0054.JPG pt200.jpg,200,0,<built-in function sum>
IMG_0054.JPG pt812.jpg,812,0,<built-in function sum>
IMG_0054.JPG pt990.jpg,990,0,<built-in function sum>
IMG_0054.JPG pt3272.jpg,3272,0,<built-in function sum>
IMG_0054.JPG pt4196.jpg,4196,0,<built-in function sum>
IMG_0054.JPG pt391.jpg,391,0,<built-in function sum>
IMG_0054.JPG pt3690.jpg,3690,0,<built-in function sum>
IMG_0054.JPG pt2908.jpg,2908,6,<built-in function sum>
IMG_0054.JPG pt2047.jpg,2047,0,<built-in function sum>
IMG_0054.JPG pt3892.jpg,3892,0,<built-in function sum>
IMG_0054.JPG pt2906.jpg,2906,0,<built-in function sum>
IMG_0054.JPG pt496.jpg,496,0,<built-in function sum>
IMG_0054.JPG pt3295.jpg,3295,0,<built-in function sum>
IMG_0054.JPG pt3254.jpg,3254,0,<built-in function sum>
IMG_0054.JPG pt2707.jpg,2707,0,<built-in function sum>
IMG_0054.JPG pt589.jpg,589,0,<built-in function sum>
IMG_0054.JPG pt630.jpg,630,0,<built-in function sum>
IMG_0054.JPG pt3264.jpg,3264,0,<built-in function sum>
IMG_0054.JPG pt1539.jpg,1539,0,<built-in function sum>
IMG_0054.JPG pt57.jpg,57,0,<built-in function sum>
IMG_0054.JPG pt1318.jpg,1318,0,<built-in function sum>
IMG_0054.JPG pt1137.jpg,1137,0,<built-in function sum>
IMG_0054.JPG pt2515.jpg,2515,0,<built-in function sum>
IMG_0054.JPG pt613.jpg,613,0,<built-in function sum>
IMG_0054.JPG pt1699.jpg,1699,0,<built-in function sum>
IMG_0054.JPG pt558.jpg,558,0,<built-in function sum>
IMG_0054.JPG pt2001.jpg,2001,0,<built-in function sum>
IMG_0054.JPG pt3454.jpg,3454,0,<built-in function sum>
IMG_0054.JPG pt240.jpg,240,0,<built-in function sum>
IMG_0054.JPG pt1885.jpg,1885,0,<built-in function sum>
IMG_0054.JPG pt3250.jpg,3250,0,<built-in function sum>
IMG_0054.JPG pt3889.jpg,3889,0,<built-in function sum>
IMG_0054.JPG pt1508.jpg,1508,0,<built-in function sum>
IMG_0054.JPG pt629.jpg,629,0,<built-in function sum>
IMG_0054.JPG pt3318.jpg,3318,0,<built-in function sum>
IMG_0054.JPG pt180.jpg,180,0,<built-in function sum>
IMG_0054.JPG pt146.jpg,146,0,<built-in function sum>
IMG_0054.JPG pt3960.jpg,3960,0,<built-in function sum>
IMG_0054.JPG pt3603.jpg,3603,0,<built-in function sum>
IMG_0054.JPG pt575.jpg,575,0,<built-in function sum>
IMG_0054.JPG pt2819.jpg,2819,0,<built-in function sum>
IMG_0054.JPG pt3610.jpg,3610,0,<built-in function sum>
IMG_0054.JPG pt1437.jpg,1437,0,<built-in function sum>
IMG_0054.JPG pt2460.jpg,2460,0,<built-in function sum>
IMG_0054.JPG pt649.jpg,649,0,<built-in function sum>
IMG_0054.JPG pt1813.jpg,1813,0,<built-in function sum>
IMG_0054.JPG pt3086.jpg,3086,0,<built-in function sum>
IMG_0054.JPG pt1355.jpg,1355,0,<built-in function sum>
IMG_0054.JPG pt1208.jpg,1208,0,<built-in function sum>
IMG_0054.JPG pt284.jpg,284,0,<built-in function sum>
IMG_0054.JPG pt1228.jpg,1228,0,<built-in function sum>
IMG_0054.JPG pt1341.jpg,1341,0,<built-in function sum>
IMG_0054.JPG pt2678.jpg,2678,0,<built-in function sum>
IMG_0054.JPG pt1222.jpg,1222,0,<built-in function sum>
IMG_0054.JPG pt3492.jpg,3492,0,<built-in function sum>
IMG_0054.JPG pt2611.jpg,2611,0,<built-in function sum>
IMG_0054.JPG pt3469.jpg,3469,0,<built-in function sum>
IMG_0054.JPG pt882.jpg,882,0,<built-in function sum>
IMG_0054.JPG pt1571.jpg,1571,0,<built-in function sum>
IMG_0054.JPG pt2338.jpg,2338,0,<built-in function sum>
IMG_0054.JPG pt733.jpg,733,0,<built-in function sum>
IMG_0054.JPG pt2704.jpg,2704,0,<built-in function sum>
IMG_0054.JPG pt2180.jpg,2180,0,<built-in function sum>
IMG_0054.JPG pt206.jpg,206,0,<built-in function sum>
IMG_0054.JPG pt654.jpg,654,0,<built-in function sum>
IMG_0054.JPG pt3926.jpg,3926,0,<built-in function sum>
IMG_0054.JPG pt3503.jpg,3503,0,<built-in function sum>
IMG_0054.JPG pt3494.jpg,3494,0,<built-in function sum>
IMG_0054.JPG pt849.jpg,849,0,<built-in function sum>
IMG_0054.JPG pt602.jpg,602,0,<built-in function sum>
IMG_0054.JPG pt2209.jpg,2209,0,<built-in function sum>
IMG_0054.JPG pt1226.jpg,1226,0,<built-in function sum>
IMG_0054.JPG pt2417.jpg,2417,0,<built-in function sum>
IMG_0054.JPG pt906.jpg,906,0,<built-in function sum>
IMG_0054.JPG pt525.jpg,525,0,<built-in function sum>
IMG_0054.JPG pt199.jpg,199,0,<built-in function sum>
IMG_0054.JPG pt4082.jpg,4082,0,<built-in function sum>
IMG_0054.JPG pt2951.jpg,2951,0,<built-in function sum>
IMG_0054.JPG pt3805.jpg,3805,0,<built-in function sum>
IMG_0054.JPG pt4098.jpg,4098,0,<built-in function sum>
IMG_0054.JPG pt3894.jpg,3894,0,<built-in function sum>
IMG_0054.JPG pt3748.jpg,3748,0,<built-in function sum>
IMG_0054.JPG pt4104.jpg,4104,0,<built-in function sum>
IMG_0054.JPG pt1759.jpg,1759,0,<built-in function sum>
IMG_0054.JPG pt2996.jpg,2996,0,<built-in function sum>
IMG_0054.JPG pt3867.jpg,3867,0,<built-in function sum>
IMG_0054.JPG pt1256.jpg,1256,0,<built-in function sum>
IMG_0054.JPG pt616.jpg,616,0,<built-in function sum>
IMG_0054.JPG pt433.jpg,433,0,<built-in function sum>
IMG_0054.JPG pt1353.jpg,1353,0,<built-in function sum>
IMG_0054.JPG pt3921.jpg,3921,0,<built-in function sum>
IMG_0054.JPG pt2618.jpg,2618,0,<built-in function sum>
IMG_0054.JPG pt3027.jpg,3027,0,<built-in function sum>
IMG_0054.JPG pt429.jpg,429,0,<built-in function sum>
IMG_0054.JPG pt2809.jpg,2809,0,<built-in function sum>
IMG_0054.JPG pt2496.jpg,2496,0,<built-in function sum>
IMG_0054.JPG pt3532.jpg,3532,0,<built-in function sum>
IMG_0054.JPG pt3456.jpg,3456,0,<built-in function sum>
IMG_0054.JPG pt1676.jpg,1676,0,<built-in function sum>
IMG_0054.JPG pt4084.jpg,4084,0,<built-in function sum>
IMG_0054.JPG pt3463.jpg,3463,0,<built-in function sum>
IMG_0054.JPG pt2333.jpg,2333,0,<built-in function sum>
IMG_0054.JPG pt1306.jpg,1306,0,<built-in function sum>
IMG_0054.JPG pt1485.jpg,1485,0,<built-in function sum>
IMG_0054.JPG pt1793.jpg,1793,0,<built-in function sum>
IMG_0054.JPG pt1126.jpg,1126,0,<built-in function sum>
IMG_0054.JPG pt225.jpg,225,0,<built-in function sum>
IMG_0054.JPG pt3199.jpg,3199,0,<built-in function sum>
IMG_0054.JPG pt3861.jpg,3861,0,<built-in function sum>
IMG_0054.JPG pt1563.jpg,1563,0,<built-in function sum>
IMG_0054.JPG pt3646.jpg,3646,0,<built-in function sum>
IMG_0054.JPG pt435.jpg,435,0,<built-in function sum>
IMG_0054.JPG pt3328.jpg,3328,0,<built-in function sum>
IMG_0054.JPG pt4096.jpg,4096,0,<built-in function sum>
IMG_0054.JPG pt721.jpg,721,0,<built-in function sum>
IMG_0054.JPG pt1589.jpg,1589,0,<built-in function sum>
IMG_0054.JPG pt1205.jpg,1205,0,<built-in function sum>
IMG_0054.JPG pt1062.jpg,1062,0,<built-in function sum>
IMG_0054.JPG pt13.jpg,13,0,<built-in function sum>
IMG_0054.JPG pt947.jpg,947,0,<built-in function sum>
IMG_0054.JPG pt1719.jpg,1719,0,<built-in function sum>
IMG_0054.JPG pt25.jpg,25,0,<built-in function sum>
IMG_0054.JPG pt1147.jpg,1147,0,<built-in function sum>
IMG_0054.JPG pt1722.jpg,1722,0,<built-in function sum>
IMG_0054.JPG pt1495.jpg,1495,0,<built-in function sum>
IMG_0054.JPG pt3019.jpg,3019,0,<built-in function sum>
IMG_0054.JPG pt3800.jpg,3800,0,<built-in function sum>
IMG_0054.JPG pt625.jpg,625,0,<built-in function sum>
IMG_0054.JPG pt3181.jpg,3181,0,<built-in function sum>
IMG_0054.JPG pt3339.jpg,3339,0,<built-in function sum>
IMG_0054.JPG pt516.jpg,516,0,<built-in function sum>
IMG_0054.JPG pt7.jpg,7,0,<built-in function sum>
IMG_0054.JPG pt3353.jpg,3353,0,<built-in function sum>
IMG_0054.JPG pt3117.jpg,3117,0,<built-in function sum>
IMG_0054.JPG pt3401.jpg,3401,0,<built-in function sum>
IMG_0054.JPG pt2011.jpg,2011,0,<built-in function sum>
IMG_0054.JPG pt1503.jpg,1503,0,<built-in function sum>
IMG_0054.JPG pt2530.jpg,2530,0,<built-in function sum>
IMG_0054.JPG pt317.jpg,317,0,<built-in function sum>
IMG_0054.JPG pt3209.jpg,3209,0,<built-in function sum>
IMG_0054.JPG pt3413.jpg,3413,0,<built-in function sum>
IMG_0054.JPG pt4079.jpg,4079,0,<built-in function sum>
IMG_0054.JPG pt3549.jpg,3549,0,<built-in function sum>
IMG_0054.JPG pt4197.jpg,4197,0,<built-in function sum>
IMG_0054.JPG pt2597.jpg,2597,0,<built-in function sum>
IMG_0054.JPG pt696.jpg,696,0,<built-in function sum>
IMG_0054.JPG pt68.jpg,68,0,<built-in function sum>
IMG_0054.JPG pt1127.jpg,1127,0,<built-in function sum>
IMG_0054.JPG pt4129.jpg,4129,0,<built-in function sum>
IMG_0054.JPG pt1613.jpg,1613,0,<built-in function sum>
IMG_0054.JPG pt746.jpg,746,0,<built-in function sum>
IMG_0054.JPG pt760.jpg,760,0,<built-in function sum>
IMG_0054.JPG pt3538.jpg,3538,0,<built-in function sum>
IMG_0054.JPG pt3091.jpg,3091,0,<built-in function sum>
IMG_0054.JPG pt1134.jpg,1134,0,<built-in function sum>
IMG_0054.JPG pt3512.jpg,3512,0,<built-in function sum>
IMG_0054.JPG pt1239.jpg,1239,0,<built-in function sum>
IMG_0054.JPG pt1450.jpg,1450,0,<built-in function sum>
IMG_0054.JPG pt3533.jpg,3533,0,<built-in function sum>
IMG_0054.JPG pt3309.jpg,3309,0,<built-in function sum>
IMG_0054.JPG pt724.jpg,724,0,<built-in function sum>
IMG_0054.JPG pt1340.jpg,1340,0,<built-in function sum>
IMG_0054.JPG pt3879.jpg,3879,0,<built-in function sum>
IMG_0054.JPG pt2292.jpg,2292,0,<built-in function sum>
IMG_0054.JPG pt285.jpg,285,0,<built-in function sum>
IMG_0054.JPG pt2111.jpg,2111,0,<built-in function sum>
IMG_0054.JPG pt857.jpg,857,0,<built-in function sum>
IMG_0054.JPG pt1009.jpg,1009,0,<built-in function sum>
IMG_0054.JPG pt230.jpg,230,0,<built-in function sum>
IMG_0054.JPG pt2982.jpg,2982,0,<built-in function sum>
IMG_0054.JPG pt2903.jpg,2903,3,<built-in function sum>
IMG_0054.JPG pt2977.jpg,2977,0,<built-in function sum>
IMG_0054.JPG pt3415.jpg,3415,0,<built-in function sum>
IMG_0054.JPG pt3724.jpg,3724,0,<built-in function sum>
IMG_0054.JPG pt578.jpg,578,0,<built-in function sum>
IMG_0054.JPG pt91.jpg,91,0,<built-in function sum>
IMG_0054.JPG pt3058.jpg,3058,0,<built-in function sum>
IMG_0054.JPG pt3037.jpg,3037,4,<built-in function sum>
IMG_0054.JPG pt955.jpg,955,0,<built-in function sum>
IMG_0054.JPG pt4032.jpg,4032,0,<built-in function sum>
IMG_0054.JPG pt2898.jpg,2898,0,<built-in function sum>
IMG_0054.JPG pt1428.jpg,1428,0,<built-in function sum>
IMG_0054.JPG pt2827.jpg,2827,0,<built-in function sum>
IMG_0054.JPG pt1530.jpg,1530,0,<built-in function sum>
IMG_0054.JPG pt2733.jpg,2733,0,<built-in function sum>
IMG_0054.JPG pt1520.jpg,1520,0,<built-in function sum>
IMG_0054.JPG pt2401.jpg,2401,0,<built-in function sum>
IMG_0054.JPG pt2.jpg,2,0,<built-in function sum>
IMG_0054.JPG pt3881.jpg,3881,0,<built-in function sum>
IMG_0054.JPG pt3752.jpg,3752,0,<built-in function sum>
IMG_0054.JPG pt1269.jpg,1269,0,<built-in function sum>
IMG_0054.JPG pt868.jpg,868,0,<built-in function sum>
IMG_0054.JPG pt2447.jpg,2447,0,<built-in function sum>
IMG_0054.JPG pt290.jpg,290,0,<built-in function sum>
IMG_0054.JPG pt1.jpg,1,0,<built-in function sum>
IMG_0054.JPG pt915.jpg,915,0,<built-in function sum>
IMG_0054.JPG pt3104.jpg,3104,0,<built-in function sum>
IMG_0054.JPG pt676.jpg,676,0,<built-in function sum>
IMG_0054.JPG pt1551.jpg,1551,0,<built-in function sum>
IMG_0054.JPG pt2637.jpg,2637,0,<built-in function sum>
IMG_0054.JPG pt2548.jpg,2548,0,<built-in function sum>
IMG_0054.JPG pt914.jpg,914,0,<built-in function sum>
IMG_0054.JPG pt1461.jpg,1461,0,<built-in function sum>
IMG_0054.JPG pt1326.jpg,1326,0,<built-in function sum>
IMG_0054.JPG pt710.jpg,710,0,<built-in function sum>
IMG_0054.JPG pt443.jpg,443,0,<built-in function sum>
IMG_0054.JPG pt2409.jpg,2409,0,<built-in function sum>
IMG_0054.JPG pt1305.jpg,1305,0,<built-in function sum>
IMG_0054.JPG pt1631.jpg,1631,0,<built-in function sum>
IMG_0054.JPG pt3884.jpg,3884,0,<built-in function sum>
IMG_0054.JPG pt3643.jpg,3643,2,<built-in function sum>
IMG_0054.JPG pt2943.jpg,2943,1,<built-in function sum>
IMG_0054.JPG pt2418.jpg,2418,0,<built-in function sum>
IMG_0054.JPG pt683.jpg,683,0,<built-in function sum>
IMG_0054.JPG pt1877.jpg,1877,0,<built-in function sum>
IMG_0054.JPG pt2518.jpg,2518,0,<built-in function sum>
IMG_0054.JPG pt3749.jpg,3749,0,<built-in function sum>
IMG_0054.JPG pt2591.jpg,2591,0,<built-in function sum>
IMG_0054.JPG pt3780.jpg,3780,0,<built-in function sum>
IMG_0054.JPG pt2764.jpg,2764,0,<built-in function sum>
IMG_0054.JPG pt2737.jpg,2737,0,<built-in function sum>
IMG_0054.JPG pt1114.jpg,1114,0,<built-in function sum>
IMG_0054.JPG pt3991.jpg,3991,0,<built-in function sum>
IMG_0054.JPG pt686.jpg,686,0,<built-in function sum>
IMG_0054.JPG pt933.jpg,933,0,<built-in function sum>
IMG_0054.JPG pt984.jpg,984,0,<built-in function sum>
IMG_0054.JPG pt444.jpg,444,0,<built-in function sum>
IMG_0054.JPG pt4175.jpg,4175,0,<built-in function sum>
IMG_0054.JPG pt3441.jpg,3441,0,<built-in function sum>
IMG_0054.JPG pt1549.jpg,1549,0,<built-in function sum>
IMG_0054.JPG pt2370.jpg,2370,0,<built-in function sum>
IMG_0054.JPG pt157.jpg,157,0,<built-in function sum>
IMG_0054.JPG pt1570.jpg,1570,0,<built-in function sum>
IMG_0054.JPG pt1439.jpg,1439,0,<built-in function sum>
IMG_0054.JPG pt4173.jpg,4173,0,<built-in function sum>
IMG_0054.JPG pt2096.jpg,2096,0,<built-in function sum>
IMG_0054.JPG pt1171.jpg,1171,0,<built-in function sum>
IMG_0054.JPG pt3868.jpg,3868,0,<built-in function sum>
IMG_0054.JPG pt1010.jpg,1010,0,<built-in function sum>
IMG_0054.JPG pt1294.jpg,1294,0,<built-in function sum>
IMG_0054.JPG pt650.jpg,650,0,<built-in function sum>
IMG_0054.JPG pt595.jpg,595,0,<built-in function sum>
IMG_0054.JPG pt4155.jpg,4155,0,<built-in function sum>
IMG_0054.JPG pt1124.jpg,1124,0,<built-in function sum>
IMG_0054.JPG pt1849.jpg,1849,0,<built-in function sum>
IMG_0054.JPG pt123.jpg,123,0,<built-in function sum>
IMG_0054.JPG pt3496.jpg,3496,0,<built-in function sum>
IMG_0054.JPG pt3251.jpg,3251,0,<built-in function sum>
IMG_0054.JPG pt1920.jpg,1920,0,<built-in function sum>
IMG_0054.JPG pt3609.jpg,3609,0,<built-in function sum>
IMG_0054.JPG pt4100.jpg,4100,0,<built-in function sum>
IMG_0054.JPG pt1921.jpg,1921,0,<built-in function sum>
IMG_0054.JPG pt3592.jpg,3592,0,<built-in function sum>
IMG_0054.JPG pt725.jpg,725,0,<built-in function sum>
IMG_0054.JPG pt59.jpg,59,0,<built-in function sum>
IMG_0054.JPG pt1177.jpg,1177,0,<built-in function sum>
IMG_0054.JPG pt2738.jpg,2738,0,<built-in function sum>
IMG_0054.JPG pt223.jpg,223,0,<built-in function sum>
IMG_0054.JPG pt678.jpg,678,0,<built-in function sum>
IMG_0054.JPG pt1350.jpg,1350,0,<built-in function sum>
IMG_0054.JPG pt1755.jpg,1755,0,<built-in function sum>
IMG_0054.JPG pt3061.jpg,3061,0,<built-in function sum>
IMG_0054.JPG pt1174.jpg,1174,0,<built-in function sum>
IMG_0054.JPG pt2677.jpg,2677,0,<built-in function sum>
IMG_0054.JPG pt2431.jpg,2431,0,<built-in function sum>
IMG_0054.JPG pt4198.jpg,4198,0,<built-in function sum>
IMG_0054.JPG pt3675.jpg,3675,0,<built-in function sum>
IMG_0054.JPG pt1750.jpg,1750,0,<built-in function sum>
IMG_0054.JPG pt2186.jpg,2186,0,<built-in function sum>
IMG_0054.JPG pt2037.jpg,2037,0,<built-in function sum>
IMG_0054.JPG pt2567.jpg,2567,0,<built-in function sum>
IMG_0054.JPG pt1264.jpg,1264,0,<built-in function sum>
IMG_0054.JPG pt2544.jpg,2544,0,<built-in function sum>
IMG_0054.JPG pt1262.jpg,1262,0,<built-in function sum>
IMG_0054.JPG pt3200.jpg,3200,0,<built-in function sum>
IMG_0054.JPG pt2788.jpg,2788,0,<built-in function sum>
IMG_0054.JPG pt2991.jpg,2991,0,<built-in function sum>
IMG_0054.JPG pt330.jpg,330,0,<built-in function sum>
IMG_0054.JPG pt2930.jpg,2930,0,<built-in function sum>
IMG_0054.JPG pt478.jpg,478,0,<built-in function sum>
IMG_0054.JPG pt2445.jpg,2445,0,<built-in function sum>
IMG_0054.JPG pt3269.jpg,3269,0,<built-in function sum>
IMG_0054.JPG pt375.jpg,375,0,<built-in function sum>
IMG_0054.JPG pt996.jpg,996,0,<built-in function sum>
IMG_0054.JPG pt3534.jpg,3534,0,<built-in function sum>
IMG_0054.JPG pt2508.jpg,2508,0,<built-in function sum>
IMG_0054.JPG pt4211.jpg,4211,0,<built-in function sum>
IMG_0054.JPG pt1521.jpg,1521,0,<built-in function sum>
IMG_0054.JPG pt2766.jpg,2766,0,<built-in function sum>
IMG_0054.JPG pt3854.jpg,3854,0,<built-in function sum>
IMG_0054.JPG pt2950.jpg,2950,0,<built-in function sum>
IMG_0054.JPG pt2424.jpg,2424,0,<built-in function sum>
IMG_0054.JPG pt2954.jpg,2954,0,<built-in function sum>
IMG_0054.JPG pt3408.jpg,3408,0,<built-in function sum>
IMG_0054.JPG pt310.jpg,310,0,<built-in function sum>
IMG_0054.JPG pt2978.jpg,2978,0,<built-in function sum>
IMG_0054.JPG pt3977.jpg,3977,0,<built-in function sum>
IMG_0054.JPG pt3979.jpg,3979,0,<built-in function sum>
IMG_0054.JPG pt3554.jpg,3554,0,<built-in function sum>
IMG_0054.JPG pt1156.jpg,1156,0,<built-in function sum>
IMG_0054.JPG pt1763.jpg,1763,0,<built-in function sum>
IMG_0054.JPG pt108.jpg,108,0,<built-in function sum>
IMG_0054.JPG pt1095.jpg,1095,0,<built-in function sum>
IMG_0054.JPG pt1591.jpg,1591,0,<built-in function sum>
IMG_0054.JPG pt757.jpg,757,0,<built-in function sum>
IMG_0054.JPG pt2792.jpg,2792,0,<built-in function sum>
IMG_0054.JPG pt1844.jpg,1844,0,<built-in function sum>
IMG_0054.JPG pt988.jpg,988,0,<built-in function sum>
IMG_0054.JPG pt3016.jpg,3016,0,<built-in function sum>
IMG_0054.JPG pt3299.jpg,3299,0,<built-in function sum>
IMG_0054.JPG pt3605.jpg,3605,0,<built-in function sum>
IMG_0054.JPG pt2936.jpg,2936,0,<built-in function sum>
IMG_0054.JPG pt1451.jpg,1451,0,<built-in function sum>
IMG_0054.JPG pt1888.jpg,1888,0,<built-in function sum>
IMG_0054.JPG pt928.jpg,928,0,<built-in function sum>
IMG_0054.JPG pt2428.jpg,2428,0,<built-in function sum>
IMG_0054.JPG pt535.jpg,535,0,<built-in function sum>
IMG_0054.JPG pt2516.jpg,2516,0,<built-in function sum>
IMG_0054.JPG pt685.jpg,685,0,<built-in function sum>
IMG_0054.JPG pt486.jpg,486,0,<built-in function sum>
IMG_0054.JPG pt806.jpg,806,0,<built-in function sum>
IMG_0054.JPG pt37.jpg,37,0,<built-in function sum>
IMG_0054.JPG pt3087.jpg,3087,0,<built-in function sum>
IMG_0054.JPG pt3563.jpg,3563,0,<built-in function sum>
IMG_0054.JPG pt3826.jpg,3826,0,<built-in function sum>
IMG_0054.JPG pt1436.jpg,1436,0,<built-in function sum>
IMG_0054.JPG pt449.jpg,449,0,<built-in function sum>
IMG_0054.JPG pt339.jpg,339,0,<built-in function sum>
IMG_0054.JPG pt636.jpg,636,0,<built-in function sum>
IMG_0054.JPG pt2815.jpg,2815,0,<built-in function sum>
IMG_0054.JPG pt2480.jpg,2480,0,<built-in function sum>
IMG_0054.JPG pt2638.jpg,2638,0,<built-in function sum>
IMG_0054.JPG pt2662.jpg,2662,0,<built-in function sum>
IMG_0054.JPG pt1324.jpg,1324,0,<built-in function sum>
IMG_0054.JPG pt772.jpg,772,0,<built-in function sum>
IMG_0054.JPG pt3857.jpg,3857,0,<built-in function sum>
IMG_0054.JPG pt993.jpg,993,0,<built-in function sum>
IMG_0054.JPG pt997.jpg,997,0,<built-in function sum>
IMG_0054.JPG pt3878.jpg,3878,0,<built-in function sum>
IMG_0054.JPG pt3028.jpg,3028,0,<built-in function sum>
IMG_0054.JPG pt303.jpg,303,0,<built-in function sum>
IMG_0054.JPG pt3785.jpg,3785,0,<built-in function sum>
IMG_0054.JPG pt1560.jpg,1560,0,<built-in function sum>
IMG_0054.JPG pt3565.jpg,3565,0,<built-in function sum>
IMG_0054.JPG pt2939.jpg,2939,0,<built-in function sum>
IMG_0054.JPG pt2796.jpg,2796,0,<built-in function sum>
IMG_0054.JPG pt1864.jpg,1864,0,<built-in function sum>
IMG_0054.JPG pt2989.jpg,2989,0,<built-in function sum>
IMG_0054.JPG pt2640.jpg,2640,0,<built-in function sum>
IMG_0054.JPG pt2614.jpg,2614,0,<built-in function sum>
IMG_0054.JPG pt1999.jpg,1999,0,<built-in function sum>
IMG_0054.JPG pt4153.jpg,4153,0,<built-in function sum>
IMG_0054.JPG pt164.jpg,164,0,<built-in function sum>
IMG_0054.JPG pt3925.jpg,3925,0,<built-in function sum>
IMG_0054.JPG pt846.jpg,846,0,<built-in function sum>
IMG_0054.JPG pt1949.jpg,1949,0,<built-in function sum>
IMG_0054.JPG pt3298.jpg,3298,0,<built-in function sum>
IMG_0054.JPG pt2776.jpg,2776,0,<built-in function sum>
IMG_0054.JPG pt348.jpg,348,0,<built-in function sum>
IMG_0054.JPG pt1325.jpg,1325,0,<built-in function sum>
IMG_0054.JPG pt3175.jpg,3175,0,<built-in function sum>
IMG_0054.JPG pt1160.jpg,1160,0,<built-in function sum>
IMG_0054.JPG pt121.jpg,121,0,<built-in function sum>
IMG_0054.JPG pt848.jpg,848,0,<built-in function sum>
IMG_0054.JPG pt2961.jpg,2961,0,<built-in function sum>
IMG_0054.JPG pt3130.jpg,3130,0,<built-in function sum>
IMG_0054.JPG pt4231.jpg,4231,0,<built-in function sum>
IMG_0054.JPG pt2590.jpg,2590,0,<built-in function sum>
IMG_0054.JPG pt3240.jpg,3240,0,<built-in function sum>
IMG_0054.JPG pt355.jpg,355,0,<built-in function sum>
IMG_0054.JPG pt945.jpg,945,0,<built-in function sum>
IMG_0054.JPG pt2129.jpg,2129,0,<built-in function sum>
IMG_0054.JPG pt1102.jpg,1102,0,<built-in function sum>
IMG_0054.JPG pt110.jpg,110,0,<built-in function sum>
IMG_0054.JPG pt3357.jpg,3357,0,<built-in function sum>
IMG_0054.JPG pt551.jpg,551,0,<built-in function sum>
IMG_0054.JPG pt2405.jpg,2405,0,<built-in function sum>
IMG_0054.JPG pt1981.jpg,1981,0,<built-in function sum>
IMG_0054.JPG pt3425.jpg,3425,0,<built-in function sum>
IMG_0054.JPG pt3103.jpg,3103,0,<built-in function sum>
IMG_0054.JPG pt543.jpg,543,0,<built-in function sum>
IMG_0054.JPG pt2689.jpg,2689,0,<built-in function sum>
IMG_0054.JPG pt1684.jpg,1684,0,<built-in function sum>
IMG_0054.JPG pt3501.jpg,3501,0,<built-in function sum>
IMG_0054.JPG pt826.jpg,826,0,<built-in function sum>
IMG_0054.JPG pt4123.jpg,4123,0,<built-in function sum>
IMG_0054.JPG pt732.jpg,732,0,<built-in function sum>
IMG_0054.JPG pt3683.jpg,3683,0,<built-in function sum>
IMG_0054.JPG pt3304.jpg,3304,0,<built-in function sum>
IMG_0054.JPG pt2177.jpg,2177,0,<built-in function sum>
IMG_0054.JPG pt2305.jpg,2305,0,<built-in function sum>
IMG_0054.JPG pt1791.jpg,1791,0,<built-in function sum>
IMG_0054.JPG pt3436.jpg,3436,0,<built-in function sum>
IMG_0054.JPG pt2742.jpg,2742,0,<built-in function sum>
IMG_0054.JPG pt2160.jpg,2160,0,<built-in function sum>
IMG_0054.JPG pt2713.jpg,2713,0,<built-in function sum>
IMG_0054.JPG pt2148.jpg,2148,0,<built-in function sum>
IMG_0054.JPG pt2895.jpg,2895,0,<built-in function sum>
IMG_0054.JPG pt1664.jpg,1664,0,<built-in function sum>
IMG_0054.JPG pt2897.jpg,2897,0,<built-in function sum>
IMG_0054.JPG pt3964.jpg,3964,0,<built-in function sum>
IMG_0054.JPG pt4067.jpg,4067,0,<built-in function sum>
IMG_0054.JPG pt3265.jpg,3265,0,<built-in function sum>
IMG_0054.JPG pt823.jpg,823,0,<built-in function sum>
IMG_0054.JPG pt1724.jpg,1724,0,<built-in function sum>
IMG_0054.JPG pt2468.jpg,2468,0,<built-in function sum>
IMG_0054.JPG pt2413.jpg,2413,0,<built-in function sum>
IMG_0054.JPG pt2993.jpg,2993,0,<built-in function sum>
IMG_0054.JPG pt88.jpg,88,0,<built-in function sum>
IMG_0054.JPG pt3659.jpg,3659,0,<built-in function sum>
IMG_0054.JPG pt1565.jpg,1565,0,<built-in function sum>
IMG_0054.JPG pt4138.jpg,4138,0,<built-in function sum>
IMG_0054.JPG pt1912.jpg,1912,0,<built-in function sum>
IMG_0054.JPG pt2807.jpg,2807,0,<built-in function sum>
IMG_0054.JPG pt3400.jpg,3400,0,<built-in function sum>
IMG_0054.JPG pt538.jpg,538,0,<built-in function sum>
IMG_0054.JPG pt2765.jpg,2765,0,<built-in function sum>
IMG_0054.JPG pt1532.jpg,1532,0,<built-in function sum>
IMG_0054.JPG pt3841.jpg,3841,0,<built-in function sum>
IMG_0054.JPG pt2499.jpg,2499,0,<built-in function sum>
IMG_0054.JPG pt3753.jpg,3753,0,<built-in function sum>
IMG_0054.JPG pt1671.jpg,1671,0,<built-in function sum>
IMG_0054.JPG pt1445.jpg,1445,0,<built-in function sum>
IMG_0054.JPG pt266.jpg,266,0,<built-in function sum>
IMG_0054.JPG pt1555.jpg,1555,0,<built-in function sum>
IMG_0054.JPG pt2636.jpg,2636,0,<built-in function sum>
IMG_0054.JPG pt1959.jpg,1959,0,<built-in function sum>
IMG_0054.JPG pt3097.jpg,3097,0,<built-in function sum>
IMG_0054.JPG pt2274.jpg,2274,0,<built-in function sum>
IMG_0054.JPG pt2263.jpg,2263,0,<built-in function sum>
IMG_0054.JPG pt1854.jpg,1854,0,<built-in function sum>
IMG_0054.JPG pt2437.jpg,2437,0,<built-in function sum>
IMG_0054.JPG pt2990.jpg,2990,0,<built-in function sum>
IMG_0054.JPG pt3814.jpg,3814,0,<built-in function sum>
IMG_0054.JPG pt2925.jpg,2925,0,<built-in function sum>
IMG_0054.JPG pt2178.jpg,2178,0,<built-in function sum>
IMG_0054.JPG pt2600.jpg,2600,0,<built-in function sum>
IMG_0054.JPG pt92.jpg,92,0,<built-in function sum>
IMG_0054.JPG pt1762.jpg,1762,0,<built-in function sum>
IMG_0054.JPG pt2459.jpg,2459,0,<built-in function sum>
IMG_0054.JPG pt1626.jpg,1626,0,<built-in function sum>
IMG_0054.JPG pt4004.jpg,4004,0,<built-in function sum>
IMG_0054.JPG pt3147.jpg,3147,0,<built-in function sum>
IMG_0054.JPG pt2509.jpg,2509,0,<built-in function sum>
IMG_0054.JPG pt4062.jpg,4062,0,<built-in function sum>
IMG_0054.JPG pt2114.jpg,2114,0,<built-in function sum>
IMG_0054.JPG pt1069.jpg,1069,0,<built-in function sum>
IMG_0054.JPG pt265.jpg,265,0,<built-in function sum>
IMG_0054.JPG pt3957.jpg,3957,0,<built-in function sum>
IMG_0054.JPG pt966.jpg,966,0,<built-in function sum>
IMG_0054.JPG pt2032.jpg,2032,0,<built-in function sum>
IMG_0054.JPG pt1879.jpg,1879,0,<built-in function sum>
IMG_0054.JPG pt1516.jpg,1516,0,<built-in function sum>
IMG_0054.JPG pt252.jpg,252,0,<built-in function sum>
IMG_0054.JPG pt2055.jpg,2055,0,<built-in function sum>
IMG_0054.JPG pt523.jpg,523,0,<built-in function sum>
IMG_0054.JPG pt1931.jpg,1931,0,<built-in function sum>
IMG_0054.JPG pt3505.jpg,3505,0,<built-in function sum>
IMG_0054.JPG pt2780.jpg,2780,0,<built-in function sum>
IMG_0054.JPG pt1301.jpg,1301,0,<built-in function sum>
IMG_0054.JPG pt3564.jpg,3564,0,<built-in function sum>
IMG_0054.JPG pt2645.jpg,2645,0,<built-in function sum>
IMG_0054.JPG pt2968.jpg,2968,0,<built-in function sum>
IMG_0054.JPG pt401.jpg,401,0,<built-in function sum>
IMG_0054.JPG pt3987.jpg,3987,0,<built-in function sum>
IMG_0054.JPG pt1044.jpg,1044,0,<built-in function sum>
IMG_0054.JPG pt3348.jpg,3348,0,<built-in function sum>
IMG_0054.JPG pt901.jpg,901,0,<built-in function sum>
IMG_0054.JPG pt4026.jpg,4026,0,<built-in function sum>
IMG_0054.JPG pt1387.jpg,1387,0,<built-in function sum>
IMG_0054.JPG pt3875.jpg,3875,0,<built-in function sum>
IMG_0054.JPG pt3863.jpg,3863,0,<built-in function sum>
IMG_0054.JPG pt952.jpg,952,0,<built-in function sum>
IMG_0054.JPG pt2098.jpg,2098,0,<built-in function sum>
IMG_0054.JPG pt22.jpg,22,0,<built-in function sum>
IMG_0054.JPG pt2276.jpg,2276,0,<built-in function sum>
IMG_0054.JPG pt1444.jpg,1444,0,<built-in function sum>
IMG_0054.JPG pt896.jpg,896,0,<built-in function sum>
IMG_0054.JPG pt1768.jpg,1768,0,<built-in function sum>
IMG_0054.JPG pt2080.jpg,2080,0,<built-in function sum>
IMG_0054.JPG pt103.jpg,103,0,<built-in function sum>
IMG_0054.JPG pt1396.jpg,1396,0,<built-in function sum>
IMG_0054.JPG pt773.jpg,773,0,<built-in function sum>
IMG_0054.JPG pt2012.jpg,2012,0,<built-in function sum>
IMG_0054.JPG pt327.jpg,327,0,<built-in function sum>
IMG_0054.JPG pt4049.jpg,4049,0,<built-in function sum>
IMG_0054.JPG pt3723.jpg,3723,0,<built-in function sum>
IMG_0054.JPG pt4081.jpg,4081,0,<built-in function sum>
IMG_0054.JPG pt2119.jpg,2119,0,<built-in function sum>
IMG_0054.JPG pt2147.jpg,2147,0,<built-in function sum>
IMG_0054.JPG pt436.jpg,436,0,<built-in function sum>
IMG_0054.JPG pt3010.jpg,3010,0,<built-in function sum>
IMG_0054.JPG pt802.jpg,802,0,<built-in function sum>
IMG_0054.JPG pt3165.jpg,3165,0,<built-in function sum>
IMG_0054.JPG pt3928.jpg,3928,0,<built-in function sum>
IMG_0054.JPG pt1034.jpg,1034,0,<built-in function sum>
IMG_0054.JPG pt1505.jpg,1505,0,<built-in function sum>
IMG_0054.JPG pt3996.jpg,3996,0,<built-in function sum>
IMG_0054.JPG pt735.jpg,735,0,<built-in function sum>
IMG_0054.JPG pt1245.jpg,1245,0,<built-in function sum>
IMG_0054.JPG pt1199.jpg,1199,0,<built-in function sum>
IMG_0054.JPG pt4115.jpg,4115,0,<built-in function sum>
IMG_0054.JPG pt1434.jpg,1434,0,<built-in function sum>
IMG_0054.JPG pt275.jpg,275,0,<built-in function sum>
IMG_0054.JPG pt842.jpg,842,0,<built-in function sum>
IMG_0054.JPG pt77.jpg,77,0,<built-in function sum>
IMG_0054.JPG pt2233.jpg,2233,0,<built-in function sum>
IMG_0054.JPG pt1298.jpg,1298,0,<built-in function sum>
IMG_0054.JPG pt2074.jpg,2074,0,<built-in function sum>
IMG_0054.JPG pt365.jpg,365,0,<built-in function sum>
IMG_0054.JPG pt2267.jpg,2267,0,<built-in function sum>
IMG_0054.JPG pt2896.jpg,2896,0,<built-in function sum>
IMG_0054.JPG pt3327.jpg,3327,0,<built-in function sum>
IMG_0054.JPG pt2382.jpg,2382,0,<built-in function sum>
IMG_0054.JPG pt2003.jpg,2003,0,<built-in function sum>
IMG_0054.JPG pt4109.jpg,4109,0,<built-in function sum>
IMG_0054.JPG pt3191.jpg,3191,0,<built-in function sum>
IMG_0054.JPG pt2398.jpg,2398,0,<built-in function sum>
IMG_0054.JPG pt892.jpg,892,0,<built-in function sum>
IMG_0054.JPG pt927.jpg,927,0,<built-in function sum>
IMG_0054.JPG pt3502.jpg,3502,0,<built-in function sum>
IMG_0054.JPG pt3362.jpg,3362,0,<built-in function sum>
IMG_0054.JPG pt3910.jpg,3910,0,<built-in function sum>
IMG_0054.JPG pt2958.jpg,2958,0,<built-in function sum>
IMG_0054.JPG pt705.jpg,705,0,<built-in function sum>
IMG_0054.JPG pt3715.jpg,3715,0,<built-in function sum>
IMG_0054.JPG pt1280.jpg,1280,0,<built-in function sum>
IMG_0054.JPG pt2504.jpg,2504,0,<built-in function sum>
IMG_0054.JPG pt1834.jpg,1834,0,<built-in function sum>
IMG_0054.JPG pt781.jpg,781,0,<built-in function sum>
IMG_0054.JPG pt2250.jpg,2250,2,<built-in function sum>
IMG_0054.JPG pt3539.jpg,3539,0,<built-in function sum>
IMG_0054.JPG pt1051.jpg,1051,0,<built-in function sum>
IMG_0054.JPG pt1823.jpg,1823,0,<built-in function sum>
IMG_0054.JPG pt2374.jpg,2374,0,<built-in function sum>
IMG_0054.JPG pt719.jpg,719,0,<built-in function sum>
IMG_0054.JPG pt3212.jpg,3212,2,<built-in function sum>
IMG_0054.JPG pt2449.jpg,2449,0,<built-in function sum>
IMG_0054.JPG pt1153.jpg,1153,0,<built-in function sum>
IMG_0054.JPG pt2397.jpg,2397,0,<built-in function sum>
IMG_0054.JPG pt2849.jpg,2849,0,<built-in function sum>
IMG_0054.JPG pt1332.jpg,1332,0,<built-in function sum>
IMG_0054.JPG pt1816.jpg,1816,0,<built-in function sum>
IMG_0054.JPG pt615.jpg,615,0,<built-in function sum>
IMG_0054.JPG pt2673.jpg,2673,2,<built-in function sum>
IMG_0054.JPG pt2100.jpg,2100,0,<built-in function sum>
IMG_0054.JPG pt3423.jpg,3423,0,<built-in function sum>
IMG_0054.JPG pt2442.jpg,2442,0,<built-in function sum>
IMG_0054.JPG pt3670.jpg,3670,0,<built-in function sum>
IMG_0054.JPG pt1596.jpg,1596,0,<built-in function sum>
IMG_0054.JPG pt2334.jpg,2334,0,<built-in function sum>
IMG_0054.JPG pt777.jpg,777,0,<built-in function sum>
IMG_0054.JPG pt1730.jpg,1730,0,<built-in function sum>
IMG_0054.JPG pt1449.jpg,1449,0,<built-in function sum>
IMG_0054.JPG pt2511.jpg,2511,0,<built-in function sum>
IMG_0054.JPG pt4071.jpg,4071,0,<built-in function sum>
IMG_0054.JPG pt2778.jpg,2778,0,<built-in function sum>
IMG_0054.JPG pt612.jpg,612,0,<built-in function sum>
IMG_0054.JPG pt514.jpg,514,0,<built-in function sum>
IMG_0054.JPG pt3761.jpg,3761,0,<built-in function sum>
IMG_0054.JPG pt2392.jpg,2392,0,<built-in function sum>
IMG_0054.JPG pt1714.jpg,1714,0,<built-in function sum>
IMG_0054.JPG pt1417.jpg,1417,0,<built-in function sum>
IMG_0054.JPG pt3287.jpg,3287,0,<built-in function sum>
IMG_0054.JPG pt3591.jpg,3591,0,<built-in function sum>
IMG_0054.JPG pt3694.jpg,3694,0,<built-in function sum>
IMG_0054.JPG pt2010.jpg,2010,0,<built-in function sum>
IMG_0054.JPG pt690.jpg,690,0,<built-in function sum>
IMG_0054.JPG pt1876.jpg,1876,0,<built-in function sum>
IMG_0054.JPG pt3026.jpg,3026,0,<built-in function sum>
IMG_0054.JPG pt2521.jpg,2521,0,<built-in function sum>
IMG_0054.JPG pt1304.jpg,1304,0,<built-in function sum>
IMG_0054.JPG pt4180.jpg,4180,0,<built-in function sum>
IMG_0054.JPG pt2708.jpg,2708,0,<built-in function sum>
IMG_0054.JPG pt2550.jpg,2550,0,<built-in function sum>
IMG_0054.JPG pt1284.jpg,1284,0,<built-in function sum>
IMG_0054.JPG pt3623.jpg,3623,0,<built-in function sum>
IMG_0054.JPG pt2539.jpg,2539,0,<built-in function sum>
IMG_0054.JPG pt2477.jpg,2477,0,<built-in function sum>
IMG_0054.JPG pt1323.jpg,1323,0,<built-in function sum>
IMG_0054.JPG pt3210.jpg,3210,0,<built-in function sum>
IMG_0054.JPG pt2822.jpg,2822,0,<built-in function sum>
IMG_0054.JPG pt1922.jpg,1922,0,<built-in function sum>
IMG_0054.JPG pt3294.jpg,3294,0,<built-in function sum>
IMG_0054.JPG pt4072.jpg,4072,0,<built-in function sum>
IMG_0054.JPG pt4006.jpg,4006,0,<built-in function sum>
IMG_0054.JPG pt2004.jpg,2004,0,<built-in function sum>
IMG_0054.JPG pt1672.jpg,1672,0,<built-in function sum>
IMG_0054.JPG pt1227.jpg,1227,0,<built-in function sum>
IMG_0054.JPG pt1275.jpg,1275,0,<built-in function sum>
IMG_0054.JPG pt3153.jpg,3153,0,<built-in function sum>
IMG_0054.JPG pt2273.jpg,2273,0,<built-in function sum>
IMG_0054.JPG pt1772.jpg,1772,0,<built-in function sum>
IMG_0054.JPG pt262.jpg,262,0,<built-in function sum>
IMG_0054.JPG pt1254.jpg,1254,0,<built-in function sum>
IMG_0054.JPG pt3976.jpg,3976,0,<built-in function sum>
IMG_0054.JPG pt454.jpg,454,0,<built-in function sum>
IMG_0054.JPG pt3053.jpg,3053,0,<built-in function sum>
IMG_0054.JPG pt2907.jpg,2907,0,<built-in function sum>
IMG_0054.JPG pt137.jpg,137,0,<built-in function sum>
IMG_0054.JPG pt4195.jpg,4195,0,<built-in function sum>
IMG_0054.JPG pt701.jpg,701,0,<built-in function sum>
IMG_0054.JPG pt2559.jpg,2559,0,<built-in function sum>
IMG_0054.JPG pt1535.jpg,1535,0,<built-in function sum>
IMG_0054.JPG pt3849.jpg,3849,0,<built-in function sum>
IMG_0054.JPG pt1788.jpg,1788,0,<built-in function sum>
IMG_0054.JPG pt888.jpg,888,0,<built-in function sum>
IMG_0054.JPG pt2820.jpg,2820,0,<built-in function sum>
IMG_0054.JPG pt1556.jpg,1556,0,<built-in function sum>
IMG_0054.JPG pt477.jpg,477,0,<built-in function sum>
IMG_0054.JPG pt3301.jpg,3301,0,<built-in function sum>
IMG_0054.JPG pt3792.jpg,3792,0,<built-in function sum>
IMG_0054.JPG pt1366.jpg,1366,0,<built-in function sum>
IMG_0054.JPG pt1464.jpg,1464,0,<built-in function sum>
IMG_0054.JPG pt2107.jpg,2107,0,<built-in function sum>
IMG_0054.JPG pt2944.jpg,2944,0,<built-in function sum>
IMG_0054.JPG pt2865.jpg,2865,0,<built-in function sum>
IMG_0054.JPG pt2746.jpg,2746,0,<built-in function sum>
IMG_0054.JPG pt508.jpg,508,0,<built-in function sum>
IMG_0054.JPG pt3025.jpg,3025,0,<built-in function sum>
IMG_0054.JPG pt329.jpg,329,0,<built-in function sum>
IMG_0054.JPG pt907.jpg,907,0,<built-in function sum>
IMG_0054.JPG pt1704.jpg,1704,0,<built-in function sum>
IMG_0054.JPG pt3384.jpg,3384,0,<built-in function sum>
IMG_0054.JPG pt1132.jpg,1132,0,<built-in function sum>
IMG_0054.JPG pt2410.jpg,2410,0,<built-in function sum>
IMG_0054.JPG pt3094.jpg,3094,0,<built-in function sum>
IMG_0054.JPG pt4200.jpg,4200,0,<built-in function sum>
IMG_0054.JPG pt3465.jpg,3465,0,<built-in function sum>
IMG_0054.JPG pt4207.jpg,4207,0,<built-in function sum>
IMG_0054.JPG pt3551.jpg,3551,0,<built-in function sum>
IMG_0054.JPG pt840.jpg,840,0,<built-in function sum>
IMG_0054.JPG pt2337.jpg,2337,0,<built-in function sum>
IMG_0054.JPG pt87.jpg,87,0,<built-in function sum>
IMG_0054.JPG pt2484.jpg,2484,0,<built-in function sum>
IMG_0054.JPG pt1287.jpg,1287,0,<built-in function sum>
IMG_0054.JPG pt1711.jpg,1711,0,<built-in function sum>
IMG_0054.JPG pt462.jpg,462,0,<built-in function sum>
IMG_0054.JPG pt599.jpg,599,0,<built-in function sum>
IMG_0054.JPG pt1087.jpg,1087,0,<built-in function sum>
IMG_0054.JPG pt4108.jpg,4108,0,<built-in function sum>
IMG_0054.JPG pt1710.jpg,1710,0,<built-in function sum>
IMG_0054.JPG pt3897.jpg,3897,0,<built-in function sum>
IMG_0054.JPG pt1933.jpg,1933,0,<built-in function sum>
IMG_0054.JPG pt10.jpg,10,0,<built-in function sum>
IMG_0054.JPG pt1648.jpg,1648,0,<built-in function sum>
IMG_0054.JPG pt438.jpg,438,0,<built-in function sum>
IMG_0054.JPG pt667.jpg,667,0,<built-in function sum>
IMG_0054.JPG pt3098.jpg,3098,0,<built-in function sum>
IMG_0054.JPG pt3938.jpg,3938,0,<built-in function sum>
IMG_0054.JPG pt2406.jpg,2406,1,<built-in function sum>
IMG_0054.JPG pt1622.jpg,1622,0,<built-in function sum>
IMG_0054.JPG pt3873.jpg,3873,0,<built-in function sum>
IMG_0054.JPG pt2285.jpg,2285,0,<built-in function sum>
IMG_0054.JPG pt3377.jpg,3377,0,<built-in function sum>
IMG_0054.JPG pt3657.jpg,3657,0,<built-in function sum>
IMG_0054.JPG pt2311.jpg,2311,0,<built-in function sum>
IMG_0054.JPG pt3293.jpg,3293,0,<built-in function sum>
IMG_0054.JPG pt2230.jpg,2230,0,<built-in function sum>
IMG_0054.JPG pt3859.jpg,3859,0,<built-in function sum>
IMG_0054.JPG pt3654.jpg,3654,0,<built-in function sum>
IMG_0054.JPG pt1074.jpg,1074,0,<built-in function sum>
IMG_0054.JPG pt4037.jpg,4037,0,<built-in function sum>
IMG_0054.JPG pt193.jpg,193,0,<built-in function sum>
IMG_0054.JPG pt532.jpg,532,0,<built-in function sum>
IMG_0054.JPG pt3221.jpg,3221,0,<built-in function sum>
IMG_0054.JPG pt3197.jpg,3197,0,<built-in function sum>
IMG_0054.JPG pt736.jpg,736,0,<built-in function sum>
IMG_0054.JPG pt4222.jpg,4222,0,<built-in function sum>
IMG_0054.JPG pt714.jpg,714,0,<built-in function sum>
IMG_0054.JPG pt1640.jpg,1640,0,<built-in function sum>
IMG_0054.JPG pt2483.jpg,2483,0,<built-in function sum>
IMG_0054.JPG pt3410.jpg,3410,0,<built-in function sum>
IMG_0054.JPG pt570.jpg,570,0,<built-in function sum>
IMG_0054.JPG pt1233.jpg,1233,0,<built-in function sum>
IMG_0054.JPG pt2660.jpg,2660,0,<built-in function sum>
IMG_0054.JPG pt3899.jpg,3899,0,<built-in function sum>
IMG_0054.JPG pt194.jpg,194,0,<built-in function sum>
IMG_0054.JPG pt1538.jpg,1538,0,<built-in function sum>
IMG_0054.JPG pt1607.jpg,1607,0,<built-in function sum>
IMG_0054.JPG pt3798.jpg,3798,0,<built-in function sum>
IMG_0054.JPG pt3562.jpg,3562,0,<built-in function sum>
IMG_0054.JPG pt190.jpg,190,0,<built-in function sum>
IMG_0054.JPG pt598.jpg,598,0,<built-in function sum>
IMG_0054.JPG pt2712.jpg,2712,0,<built-in function sum>
IMG_0054.JPG pt2380.jpg,2380,0,<built-in function sum>
IMG_0054.JPG pt1250.jpg,1250,0,<built-in function sum>
IMG_0054.JPG pt3993.jpg,3993,0,<built-in function sum>
IMG_0054.JPG pt2781.jpg,2781,0,<built-in function sum>
IMG_0054.JPG pt3647.jpg,3647,0,<built-in function sum>
IMG_0054.JPG pt2835.jpg,2835,0,<built-in function sum>
IMG_0054.JPG pt713.jpg,713,0,<built-in function sum>
IMG_0054.JPG pt2604.jpg,2604,0,<built-in function sum>
IMG_0054.JPG pt2537.jpg,2537,0,<built-in function sum>
IMG_0054.JPG pt3904.jpg,3904,0,<built-in function sum>
IMG_0054.JPG pt969.jpg,969,0,<built-in function sum>
IMG_0054.JPG pt932.jpg,932,0,<built-in function sum>
IMG_0054.JPG pt1094.jpg,1094,0,<built-in function sum>
IMG_0054.JPG pt1209.jpg,1209,0,<built-in function sum>
IMG_0054.JPG pt999.jpg,999,0,<built-in function sum>
IMG_0054.JPG pt2064.jpg,2064,0,<built-in function sum>
IMG_0054.JPG pt795.jpg,795,0,<built-in function sum>
IMG_0054.JPG pt1746.jpg,1746,0,<built-in function sum>
IMG_0054.JPG pt2777.jpg,2777,0,<built-in function sum>
IMG_0054.JPG pt1593.jpg,1593,0,<built-in function sum>
IMG_0054.JPG pt2916.jpg,2916,0,<built-in function sum>
IMG_0054.JPG pt1916.jpg,1916,0,<built-in function sum>
IMG_0054.JPG pt417.jpg,417,0,<built-in function sum>
IMG_0054.JPG pt89.jpg,89,0,<built-in function sum>
IMG_0054.JPG pt3033.jpg,3033,0,<built-in function sum>
IMG_0054.JPG pt691.jpg,691,0,<built-in function sum>
IMG_0054.JPG pt3850.jpg,3850,0,<built-in function sum>
IMG_0054.JPG pt3882.jpg,3882,0,<built-in function sum>
IMG_0054.JPG pt987.jpg,987,0,<built-in function sum>
IMG_0054.JPG pt3908.jpg,3908,0,<built-in function sum>
IMG_0054.JPG pt1741.jpg,1741,0,<built-in function sum>
IMG_0054.JPG pt3506.jpg,3506,0,<built-in function sum>
IMG_0054.JPG pt561.jpg,561,0,<built-in function sum>
IMG_0054.JPG pt3479.jpg,3479,0,<built-in function sum>
IMG_0054.JPG pt2810.jpg,2810,0,<built-in function sum>
IMG_0054.JPG pt3470.jpg,3470,0,<built-in function sum>
IMG_0054.JPG pt2577.jpg,2577,0,<built-in function sum>
IMG_0054.JPG pt3931.jpg,3931,0,<built-in function sum>
IMG_0054.JPG pt141.jpg,141,0,<built-in function sum>
IMG_0054.JPG pt702.jpg,702,0,<built-in function sum>
IMG_0054.JPG pt2300.jpg,2300,0,<built-in function sum>
IMG_0054.JPG pt1961.jpg,1961,0,<built-in function sum>
IMG_0054.JPG pt526.jpg,526,0,<built-in function sum>
IMG_0054.JPG pt4191.jpg,4191,0,<built-in function sum>
IMG_0054.JPG pt2087.jpg,2087,0,<built-in function sum>
IMG_0054.JPG pt1615.jpg,1615,0,<built-in function sum>
IMG_0054.JPG pt3193.jpg,3193,0,<built-in function sum>
IMG_0054.JPG pt3039.jpg,3039,0,<built-in function sum>
IMG_0054.JPG pt4224.jpg,4224,0,<built-in function sum>
IMG_0054.JPG pt1000.jpg,1000,0,<built-in function sum>
IMG_0054.JPG pt1731.jpg,1731,0,<built-in function sum>
IMG_0054.JPG pt2360.jpg,2360,0,<built-in function sum>
IMG_0054.JPG pt3995.jpg,3995,0,<built-in function sum>
IMG_0054.JPG pt1337.jpg,1337,0,<built-in function sum>
IMG_0054.JPG pt2535.jpg,2535,0,<built-in function sum>
IMG_0054.JPG pt1263.jpg,1263,0,<built-in function sum>
IMG_0054.JPG pt177.jpg,177,0,<built-in function sum>
IMG_0054.JPG pt3066.jpg,3066,0,<built-in function sum>
IMG_0054.JPG pt488.jpg,488,0,<built-in function sum>
IMG_0054.JPG pt367.jpg,367,0,<built-in function sum>
IMG_0054.JPG pt163.jpg,163,0,<built-in function sum>
IMG_0054.JPG pt3366.jpg,3366,0,<built-in function sum>
IMG_0054.JPG pt1018.jpg,1018,0,<built-in function sum>
IMG_0054.JPG pt3722.jpg,3722,0,<built-in function sum>
IMG_0054.JPG pt54.jpg,54,0,<built-in function sum>
IMG_0054.JPG pt1375.jpg,1375,0,<built-in function sum>
IMG_0054.JPG pt1002.jpg,1002,0,<built-in function sum>
IMG_0054.JPG pt3156.jpg,3156,0,<built-in function sum>
IMG_0054.JPG pt2755.jpg,2755,0,<built-in function sum>
IMG_0054.JPG pt884.jpg,884,0,<built-in function sum>
IMG_0054.JPG pt3961.jpg,3961,0,<built-in function sum>
IMG_0054.JPG pt785.jpg,785,0,<built-in function sum>
IMG_0054.JPG pt3542.jpg,3542,0,<built-in function sum>
IMG_0054.JPG pt1718.jpg,1718,0,<built-in function sum>
IMG_0054.JPG pt3046.jpg,3046,0,<built-in function sum>
IMG_0054.JPG pt1479.jpg,1479,0,<built-in function sum>
IMG_0054.JPG pt3290.jpg,3290,0,<built-in function sum>
IMG_0054.JPG pt671.jpg,671,0,<built-in function sum>
IMG_0054.JPG pt3625.jpg,3625,0,<built-in function sum>
IMG_0054.JPG pt1904.jpg,1904,0,<built-in function sum>
IMG_0054.JPG pt1948.jpg,1948,0,<built-in function sum>
IMG_0054.JPG pt1587.jpg,1587,0,<built-in function sum>
IMG_0054.JPG pt105.jpg,105,0,<built-in function sum>
IMG_0054.JPG pt66.jpg,66,0,<built-in function sum>
IMG_0054.JPG pt2411.jpg,2411,0,<built-in function sum>
IMG_0054.JPG pt1040.jpg,1040,0,<built-in function sum>
IMG_0054.JPG pt1511.jpg,1511,0,<built-in function sum>
IMG_0054.JPG pt3689.jpg,3689,0,<built-in function sum>
IMG_0054.JPG pt1514.jpg,1514,0,<built-in function sum>
IMG_0054.JPG pt4167.jpg,4167,0,<built-in function sum>
IMG_0054.JPG pt2843.jpg,2843,0,<built-in function sum>
IMG_0054.JPG pt3665.jpg,3665,0,<built-in function sum>
IMG_0054.JPG pt3568.jpg,3568,0,<built-in function sum>
IMG_0054.JPG pt3064.jpg,3064,0,<built-in function sum>
IMG_0054.JPG pt221.jpg,221,0,<built-in function sum>
IMG_0054.JPG pt2097.jpg,2097,0,<built-in function sum>
IMG_0054.JPG pt415.jpg,415,0,<built-in function sum>
IMG_0054.JPG pt1960.jpg,1960,0,<built-in function sum>
IMG_0054.JPG pt84.jpg,84,0,<built-in function sum>
IMG_0054.JPG pt403.jpg,403,0,<built-in function sum>
IMG_0054.JPG pt677.jpg,677,0,<built-in function sum>
IMG_0054.JPG pt1526.jpg,1526,0,<built-in function sum>
IMG_0054.JPG pt402.jpg,402,0,<built-in function sum>
IMG_0054.JPG pt1422.jpg,1422,0,<built-in function sum>
IMG_0054.JPG pt3242.jpg,3242,0,<built-in function sum>
IMG_0054.JPG pt940.jpg,940,0,<built-in function sum>
IMG_0054.JPG pt2579.jpg,2579,0,<built-in function sum>
IMG_0054.JPG pt1899.jpg,1899,0,<built-in function sum>
IMG_0054.JPG pt2947.jpg,2947,0,<built-in function sum>
IMG_0054.JPG pt1853.jpg,1853,0,<built-in function sum>
IMG_0054.JPG pt2772.jpg,2772,0,<built-in function sum>
IMG_0054.JPG pt1944.jpg,1944,0,<built-in function sum>
IMG_0054.JPG pt1110.jpg,1110,0,<built-in function sum>
IMG_0054.JPG pt904.jpg,904,0,<built-in function sum>
IMG_0054.JPG pt1163.jpg,1163,0,<built-in function sum>
IMG_0054.JPG pt1500.jpg,1500,0,<built-in function sum>
IMG_0054.JPG pt1752.jpg,1752,0,<built-in function sum>
IMG_0054.JPG pt393.jpg,393,0,<built-in function sum>
IMG_0054.JPG pt2123.jpg,2123,0,<built-in function sum>
IMG_0054.JPG pt639.jpg,639,0,<built-in function sum>
IMG_0054.JPG pt2303.jpg,2303,0,<built-in function sum>
IMG_0054.JPG pt4075.jpg,4075,0,<built-in function sum>
IMG_0054.JPG pt3166.jpg,3166,0,<built-in function sum>
IMG_0054.JPG pt1965.jpg,1965,0,<built-in function sum>
IMG_0054.JPG pt36.jpg,36,0,<built-in function sum>
IMG_0054.JPG pt3141.jpg,3141,0,<built-in function sum>
IMG_0054.JPG pt3273.jpg,3273,0,<built-in function sum>
IMG_0054.JPG pt1987.jpg,1987,0,<built-in function sum>
IMG_0054.JPG pt381.jpg,381,0,<built-in function sum>
IMG_0054.JPG pt1604.jpg,1604,0,<built-in function sum>
IMG_0054.JPG pt816.jpg,816,0,<built-in function sum>
IMG_0054.JPG pt1031.jpg,1031,0,<built-in function sum>
IMG_0054.JPG pt1012.jpg,1012,0,<built-in function sum>
IMG_0054.JPG pt3606.jpg,3606,0,<built-in function sum>
IMG_0054.JPG pt3407.jpg,3407,0,<built-in function sum>
IMG_0054.JPG pt2551.jpg,2551,0,<built-in function sum>
IMG_0054.JPG pt2594.jpg,2594,0,<built-in function sum>
IMG_0054.JPG pt3608.jpg,3608,0,<built-in function sum>
IMG_0054.JPG pt1237.jpg,1237,0,<built-in function sum>
IMG_0054.JPG pt2892.jpg,2892,2,<built-in function sum>
IMG_0054.JPG pt3346.jpg,3346,0,<built-in function sum>
IMG_0054.JPG pt1133.jpg,1133,0,<built-in function sum>
IMG_0054.JPG pt347.jpg,347,0,<built-in function sum>
IMG_0054.JPG pt637.jpg,637,0,<built-in function sum>
IMG_0054.JPG pt70.jpg,70,0,<built-in function sum>
IMG_0054.JPG pt3024.jpg,3024,0,<built-in function sum>
IMG_0054.JPG pt3556.jpg,3556,0,<built-in function sum>
IMG_0054.JPG pt3260.jpg,3260,0,<built-in function sum>
IMG_0054.JPG pt394.jpg,394,0,<built-in function sum>
IMG_0054.JPG pt919.jpg,919,0,<built-in function sum>
IMG_0054.JPG pt767.jpg,767,0,<built-in function sum>
IMG_0054.JPG pt1273.jpg,1273,0,<built-in function sum>
IMG_0054.JPG pt3116.jpg,3116,0,<built-in function sum>
IMG_0054.JPG pt4130.jpg,4130,0,<built-in function sum>
IMG_0054.JPG pt2240.jpg,2240,0,<built-in function sum>
IMG_0054.JPG pt306.jpg,306,0,<built-in function sum>
IMG_0054.JPG pt1838.jpg,1838,0,<built-in function sum>
IMG_0054.JPG pt661.jpg,661,0,<built-in function sum>
IMG_0054.JPG pt3196.jpg,3196,0,<built-in function sum>
IMG_0054.JPG pt627.jpg,627,0,<built-in function sum>
IMG_0054.JPG pt756.jpg,756,0,<built-in function sum>
IMG_0054.JPG pt3084.jpg,3084,0,<built-in function sum>
IMG_0054.JPG pt3820.jpg,3820,0,<built-in function sum>
IMG_0054.JPG pt4166.jpg,4166,0,<built-in function sum>
IMG_0054.JPG pt3687.jpg,3687,0,<built-in function sum>
IMG_0054.JPG pt564.jpg,564,0,<built-in function sum>
IMG_0054.JPG pt1136.jpg,1136,0,<built-in function sum>
IMG_0054.JPG pt1219.jpg,1219,0,<built-in function sum>
IMG_0054.JPG pt1595.jpg,1595,0,<built-in function sum>
IMG_0054.JPG pt2967.jpg,2967,0,<built-in function sum>
IMG_0054.JPG pt2562.jpg,2562,0,<built-in function sum>
IMG_0054.JPG pt307.jpg,307,0,<built-in function sum>
IMG_0054.JPG pt3767.jpg,3767,0,<built-in function sum>
IMG_0054.JPG pt1290.jpg,1290,0,<built-in function sum>
IMG_0054.JPG pt3522.jpg,3522,0,<built-in function sum>
IMG_0054.JPG pt1632.jpg,1632,0,<built-in function sum>
IMG_0054.JPG pt2605.jpg,2605,0,<built-in function sum>
IMG_0054.JPG pt228.jpg,228,0,<built-in function sum>
IMG_0054.JPG pt1455.jpg,1455,0,<built-in function sum>
IMG_0054.JPG pt1909.jpg,1909,0,<built-in function sum>
IMG_0054.JPG pt2279.jpg,2279,0,<built-in function sum>
IMG_0054.JPG pt2361.jpg,2361,0,<built-in function sum>
IMG_0054.JPG pt2271.jpg,2271,0,<built-in function sum>
IMG_0054.JPG pt3716.jpg,3716,0,<built-in function sum>
IMG_0054.JPG pt2802.jpg,2802,0,<built-in function sum>
IMG_0054.JPG pt2545.jpg,2545,0,<built-in function sum>
IMG_0054.JPG pt1616.jpg,1616,0,<built-in function sum>
IMG_0054.JPG pt4040.jpg,4040,0,<built-in function sum>
IMG_0054.JPG pt4051.jpg,4051,0,<built-in function sum>
IMG_0054.JPG pt2432.jpg,2432,0,<built-in function sum>
IMG_0054.JPG pt1115.jpg,1115,0,<built-in function sum>
IMG_0054.JPG pt1546.jpg,1546,0,<built-in function sum>
IMG_0054.JPG pt2540.jpg,2540,0,<built-in function sum>
IMG_0054.JPG pt738.jpg,738,0,<built-in function sum>
IMG_0054.JPG pt1867.jpg,1867,0,<built-in function sum>
IMG_0054.JPG pt731.jpg,731,0,<built-in function sum>
IMG_0054.JPG pt3635.jpg,3635,0,<built-in function sum>
IMG_0054.JPG pt4140.jpg,4140,0,<built-in function sum>
IMG_0054.JPG pt2793.jpg,2793,0,<built-in function sum>
IMG_0054.JPG pt3092.jpg,3092,0,<built-in function sum>
IMG_0054.JPG pt3453.jpg,3453,0,<built-in function sum>
IMG_0054.JPG pt789.jpg,789,0,<built-in function sum>
IMG_0054.JPG pt708.jpg,708,0,<built-in function sum>
IMG_0054.JPG pt973.jpg,973,0,<built-in function sum>
IMG_0054.JPG pt841.jpg,841,0,<built-in function sum>
IMG_0054.JPG pt458.jpg,458,0,<built-in function sum>
IMG_0054.JPG pt3851.jpg,3851,0,<built-in function sum>
IMG_0054.JPG pt1183.jpg,1183,0,<built-in function sum>
IMG_0054.JPG pt1242.jpg,1242,0,<built-in function sum>
IMG_0054.JPG pt1953.jpg,1953,0,<built-in function sum>
IMG_0054.JPG pt2068.jpg,2068,0,<built-in function sum>
IMG_0054.JPG pt170.jpg,170,0,<built-in function sum>
IMG_0054.JPG pt4201.jpg,4201,0,<built-in function sum>
IMG_0054.JPG pt1077.jpg,1077,0,<built-in function sum>
IMG_0054.JPG pt2349.jpg,2349,0,<built-in function sum>
IMG_0054.JPG pt4118.jpg,4118,0,<built-in function sum>
IMG_0054.JPG pt3890.jpg,3890,0,<built-in function sum>
IMG_0054.JPG pt596.jpg,596,0,<built-in function sum>
IMG_0054.JPG pt1964.jpg,1964,0,<built-in function sum>
IMG_0054.JPG pt3063.jpg,3063,0,<built-in function sum>
IMG_0054.JPG pt3206.jpg,3206,0,<built-in function sum>
IMG_0054.JPG pt418.jpg,418,0,<built-in function sum>
IMG_0054.JPG pt2493.jpg,2493,0,<built-in function sum>
IMG_0054.JPG pt1900.jpg,1900,0,<built-in function sum>
IMG_0054.JPG pt743.jpg,743,0,<built-in function sum>
IMG_0054.JPG pt1113.jpg,1113,0,<built-in function sum>
IMG_0054.JPG pt3596.jpg,3596,0,<built-in function sum>
IMG_0054.JPG pt1850.jpg,1850,0,<built-in function sum>
IMG_0054.JPG pt798.jpg,798,0,<built-in function sum>
IMG_0054.JPG pt361.jpg,361,0,<built-in function sum>
IMG_0054.JPG pt3570.jpg,3570,3,<built-in function sum>
IMG_0054.JPG pt3283.jpg,3283,0,<built-in function sum>
IMG_0054.JPG pt3263.jpg,3263,0,<built-in function sum>
IMG_0054.JPG pt3394.jpg,3394,0,<built-in function sum>
IMG_0054.JPG pt2575.jpg,2575,0,<built-in function sum>
IMG_0054.JPG pt125.jpg,125,0,<built-in function sum>
IMG_0054.JPG pt2159.jpg,2159,0,<built-in function sum>
IMG_0054.JPG pt853.jpg,853,0,<built-in function sum>
IMG_0054.JPG pt3660.jpg,3660,0,<built-in function sum>
IMG_0054.JPG pt14.jpg,14,0,<built-in function sum>
IMG_0054.JPG pt3214.jpg,3214,0,<built-in function sum>
IMG_0054.JPG pt2813.jpg,2813,0,<built-in function sum>
IMG_0054.JPG pt1033.jpg,1033,0,<built-in function sum>
IMG_0054.JPG pt3640.jpg,3640,0,<built-in function sum>
IMG_0054.JPG pt1866.jpg,1866,0,<built-in function sum>
IMG_0054.JPG pt1465.jpg,1465,0,<built-in function sum>
IMG_0054.JPG pt557.jpg,557,0,<built-in function sum>
IMG_0054.JPG pt3621.jpg,3621,0,<built-in function sum>
IMG_0054.JPG pt2216.jpg,2216,0,<built-in function sum>
IMG_0054.JPG pt3281.jpg,3281,0,<built-in function sum>
IMG_0054.JPG pt634.jpg,634,0,<built-in function sum>
IMG_0054.JPG pt938.jpg,938,0,<built-in function sum>
IMG_0054.JPG pt1988.jpg,1988,0,<built-in function sum>
IMG_0054.JPG pt762.jpg,762,0,<built-in function sum>
IMG_0054.JPG pt1229.jpg,1229,0,<built-in function sum>
IMG_0054.JPG pt3078.jpg,3078,0,<built-in function sum>
IMG_0054.JPG pt3076.jpg,3076,0,<built-in function sum>
IMG_0054.JPG pt2851.jpg,2851,0,<built-in function sum>
IMG_0054.JPG pt1865.jpg,1865,0,<built-in function sum>
IMG_0054.JPG pt1309.jpg,1309,0,<built-in function sum>
IMG_0054.JPG pt761.jpg,761,0,<built-in function sum>
IMG_0054.JPG pt3296.jpg,3296,0,<built-in function sum>
IMG_0054.JPG pt2725.jpg,2725,0,<built-in function sum>
IMG_0054.JPG pt1407.jpg,1407,0,<built-in function sum>
IMG_0054.JPG pt1968.jpg,1968,0,<built-in function sum>
IMG_0054.JPG pt1720.jpg,1720,0,<built-in function sum>
IMG_0054.JPG pt1588.jpg,1588,0,<built-in function sum>
IMG_0054.JPG pt917.jpg,917,0,<built-in function sum>
IMG_0054.JPG pt1548.jpg,1548,0,<built-in function sum>
IMG_0054.JPG pt3008.jpg,3008,0,<built-in function sum>
IMG_0054.JPG pt3132.jpg,3132,0,<built-in function sum>
IMG_0054.JPG pt3504.jpg,3504,0,<built-in function sum>
IMG_0054.JPG pt2369.jpg,2369,0,<built-in function sum>
IMG_0054.JPG pt1277.jpg,1277,0,<built-in function sum>
IMG_0054.JPG pt3108.jpg,3108,0,<built-in function sum>
IMG_0054.JPG pt787.jpg,787,0,<built-in function sum>
IMG_0054.JPG pt3095.jpg,3095,0,<built-in function sum>
IMG_0054.JPG pt3255.jpg,3255,0,<built-in function sum>
IMG_0054.JPG pt2422.jpg,2422,0,<built-in function sum>
IMG_0054.JPG pt78.jpg,78,0,<built-in function sum>
IMG_0054.JPG pt1202.jpg,1202,0,<built-in function sum>
IMG_0054.JPG pt3319.jpg,3319,2,<built-in function sum>
IMG_0054.JPG pt2667.jpg,2667,0,<built-in function sum>
IMG_0054.JPG pt289.jpg,289,0,<built-in function sum>
IMG_0054.JPG pt3628.jpg,3628,0,<built-in function sum>
IMG_0054.JPG pt763.jpg,763,0,<built-in function sum>
IMG_0054.JPG pt1129.jpg,1129,0,<built-in function sum>
IMG_0054.JPG pt2651.jpg,2651,0,<built-in function sum>
IMG_0054.JPG pt2014.jpg,2014,0,<built-in function sum>
IMG_0054.JPG pt3871.jpg,3871,0,<built-in function sum>
IMG_0054.JPG pt374.jpg,374,0,<built-in function sum>
IMG_0054.JPG pt203.jpg,203,0,<built-in function sum>
IMG_0054.JPG pt1870.jpg,1870,0,<built-in function sum>
IMG_0054.JPG pt3412.jpg,3412,0,<built-in function sum>
IMG_0054.JPG pt457.jpg,457,0,<built-in function sum>
IMG_0054.JPG pt2658.jpg,2658,0,<built-in function sum>
IMG_0054.JPG pt3619.jpg,3619,0,<built-in function sum>
IMG_0054.JPG pt138.jpg,138,0,<built-in function sum>
IMG_0054.JPG pt2467.jpg,2467,0,<built-in function sum>
IMG_0054.JPG pt1679.jpg,1679,0,<built-in function sum>
IMG_0054.JPG pt1796.jpg,1796,0,<built-in function sum>
IMG_0054.JPG pt3018.jpg,3018,0,<built-in function sum>
IMG_0054.JPG pt3560.jpg,3560,0,<built-in function sum>
IMG_0054.JPG pt24.jpg,24,0,<built-in function sum>
IMG_0054.JPG pt3986.jpg,3986,0,<built-in function sum>
IMG_0054.JPG pt3043.jpg,3043,0,<built-in function sum>
IMG_0054.JPG pt839.jpg,839,0,<built-in function sum>
IMG_0054.JPG pt2599.jpg,2599,0,<built-in function sum>
IMG_0054.JPG pt2046.jpg,2046,0,<built-in function sum>
IMG_0054.JPG pt2606.jpg,2606,0,<built-in function sum>
IMG_0054.JPG pt715.jpg,715,0,<built-in function sum>
IMG_0054.JPG pt1267.jpg,1267,0,<built-in function sum>
IMG_0054.JPG pt2625.jpg,2625,0,<built-in function sum>
IMG_0054.JPG pt4074.jpg,4074,0,<built-in function sum>
IMG_0054.JPG pt272.jpg,272,0,<built-in function sum>
IMG_0054.JPG pt318.jpg,318,0,<built-in function sum>
IMG_0054.JPG pt2803.jpg,2803,0,<built-in function sum>
IMG_0054.JPG pt80.jpg,80,0,<built-in function sum>
IMG_0054.JPG pt3794.jpg,3794,0,<built-in function sum>
IMG_0054.JPG pt4156.jpg,4156,0,<built-in function sum>
IMG_0054.JPG pt3220.jpg,3220,0,<built-in function sum>
IMG_0054.JPG pt2609.jpg,2609,0,<built-in function sum>
IMG_0054.JPG pt1481.jpg,1481,0,<built-in function sum>
IMG_0054.JPG pt1230.jpg,1230,0,<built-in function sum>
IMG_0054.JPG pt3477.jpg,3477,0,<built-in function sum>
IMG_0054.JPG pt576.jpg,576,0,<built-in function sum>
IMG_0054.JPG pt642.jpg,642,0,<built-in function sum>
IMG_0054.JPG pt2478.jpg,2478,0,<built-in function sum>
IMG_0054.JPG pt858.jpg,858,0,<built-in function sum>
IMG_0054.JPG pt309.jpg,309,0,<built-in function sum>
IMG_0054.JPG pt130.jpg,130,0,<built-in function sum>
IMG_0054.JPG pt3073.jpg,3073,0,<built-in function sum>
IMG_0054.JPG pt2565.jpg,2565,0,<built-in function sum>
IMG_0054.JPG pt3138.jpg,3138,0,<built-in function sum>
IMG_0054.JPG pt2995.jpg,2995,0,<built-in function sum>
IMG_0054.JPG pt799.jpg,799,0,<built-in function sum>
IMG_0054.JPG pt2668.jpg,2668,0,<built-in function sum>
IMG_0054.JPG pt1317.jpg,1317,0,<built-in function sum>
IMG_0054.JPG pt1421.jpg,1421,0,<built-in function sum>
IMG_0054.JPG pt493.jpg,493,0,<built-in function sum>
IMG_0054.JPG pt739.jpg,739,0,<built-in function sum>
IMG_0054.JPG pt3870.jpg,3870,0,<built-in function sum>
IMG_0054.JPG pt2798.jpg,2798,0,<built-in function sum>
IMG_0054.JPG pt31.jpg,31,0,<built-in function sum>
IMG_0054.JPG pt680.jpg,680,0,<built-in function sum>
IMG_0054.JPG pt2785.jpg,2785,0,<built-in function sum>
IMG_0054.JPG pt3934.jpg,3934,0,<built-in function sum>
IMG_0054.JPG pt2723.jpg,2723,0,<built-in function sum>
IMG_0054.JPG pt2834.jpg,2834,0,<built-in function sum>
IMG_0054.JPG pt2736.jpg,2736,0,<built-in function sum>
IMG_0054.JPG pt2926.jpg,2926,0,<built-in function sum>
IMG_0054.JPG pt2021.jpg,2021,0,<built-in function sum>
IMG_0054.JPG pt4228.jpg,4228,0,<built-in function sum>
IMG_0054.JPG pt3765.jpg,3765,0,<built-in function sum>
IMG_0054.JPG pt832.jpg,832,0,<built-in function sum>
IMG_0054.JPG pt3419.jpg,3419,0,<built-in function sum>
IMG_0054.JPG pt1550.jpg,1550,0,<built-in function sum>
IMG_0054.JPG pt2578.jpg,2578,0,<built-in function sum>
IMG_0054.JPG pt372.jpg,372,0,<built-in function sum>
IMG_0054.JPG pt3566.jpg,3566,0,<built-in function sum>
IMG_0054.JPG pt2196.jpg,2196,0,<built-in function sum>
IMG_0054.JPG pt1527.jpg,1527,0,<built-in function sum>
IMG_0054.JPG pt3530.jpg,3530,0,<built-in function sum>
IMG_0054.JPG pt3818.jpg,3818,0,<built-in function sum>
IMG_0054.JPG pt765.jpg,765,0,<built-in function sum>
IMG_0054.JPG pt953.jpg,953,0,<built-in function sum>
IMG_0054.JPG pt729.jpg,729,0,<built-in function sum>
IMG_0054.JPG pt489.jpg,489,0,<built-in function sum>
IMG_0054.JPG pt3245.jpg,3245,0,<built-in function sum>
IMG_0054.JPG pt2831.jpg,2831,0,<built-in function sum>
IMG_0054.JPG pt3576.jpg,3576,0,<built-in function sum>
IMG_0054.JPG pt3102.jpg,3102,0,<built-in function sum>
IMG_0054.JPG pt173.jpg,173,0,<built-in function sum>
IMG_0054.JPG pt1936.jpg,1936,0,<built-in function sum>
IMG_0054.JPG pt793.jpg,793,0,<built-in function sum>
IMG_0054.JPG pt160.jpg,160,0,<built-in function sum>
IMG_0054.JPG pt3277.jpg,3277,0,<built-in function sum>
IMG_0054.JPG pt384.jpg,384,0,<built-in function sum>
IMG_0054.JPG pt3144.jpg,3144,0,<built-in function sum>
IMG_0054.JPG pt2691.jpg,2691,0,<built-in function sum>
IMG_0054.JPG pt1354.jpg,1354,0,<built-in function sum>
IMG_0054.JPG pt1314.jpg,1314,0,<built-in function sum>
IMG_0054.JPG pt2088.jpg,2088,0,<built-in function sum>
IMG_0054.JPG pt32.jpg,32,0,<built-in function sum>
IMG_0054.JPG pt3728.jpg,3728,0,<built-in function sum>
IMG_0054.JPG pt2016.jpg,2016,0,<built-in function sum>
IMG_0054.JPG pt4233.jpg,4233,0,<built-in function sum>
IMG_0054.JPG pt4102.jpg,4102,0,<built-in function sum>
IMG_0054.JPG pt2079.jpg,2079,0,<built-in function sum>
IMG_0054.JPG pt545.jpg,545,0,<built-in function sum>
IMG_0054.JPG pt2207.jpg,2207,0,<built-in function sum>
IMG_0054.JPG pt1373.jpg,1373,0,<built-in function sum>
IMG_0054.JPG pt610.jpg,610,0,<built-in function sum>
IMG_0054.JPG pt4061.jpg,4061,0,<built-in function sum>
IMG_0054.JPG pt1194.jpg,1194,0,<built-in function sum>
IMG_0054.JPG pt468.jpg,468,0,<built-in function sum>
IMG_0054.JPG pt979.jpg,979,0,<built-in function sum>
IMG_0054.JPG pt1775.jpg,1775,0,<built-in function sum>
IMG_0054.JPG pt4038.jpg,4038,0,<built-in function sum>
IMG_0054.JPG pt2299.jpg,2299,0,<built-in function sum>
IMG_0054.JPG pt227.jpg,227,0,<built-in function sum>
IMG_0054.JPG pt2238.jpg,2238,0,<built-in function sum>
IMG_0054.JPG pt106.jpg,106,0,<built-in function sum>
IMG_0054.JPG pt1433.jpg,1433,0,<built-in function sum>
IMG_0054.JPG pt567.jpg,567,0,<built-in function sum>
IMG_0054.JPG pt3354.jpg,3354,0,<built-in function sum>
IMG_0054.JPG pt2980.jpg,2980,0,<built-in function sum>
IMG_0054.JPG pt1334.jpg,1334,0,<built-in function sum>
IMG_0054.JPG pt4150.jpg,4150,0,<built-in function sum>
IMG_0054.JPG pt2797.jpg,2797,0,<built-in function sum>
IMG_0054.JPG pt2029.jpg,2029,0,<built-in function sum>
IMG_0054.JPG pt1590.jpg,1590,0,<built-in function sum>
IMG_0054.JPG pt2833.jpg,2833,0,<built-in function sum>
IMG_0054.JPG pt1887.jpg,1887,0,<built-in function sum>
IMG_0054.JPG pt2227.jpg,2227,0,<built-in function sum>
IMG_0054.JPG pt2852.jpg,2852,0,<built-in function sum>
IMG_0054.JPG pt3378.jpg,3378,0,<built-in function sum>
IMG_0054.JPG pt38.jpg,38,0,<built-in function sum>
IMG_0054.JPG pt2730.jpg,2730,0,<built-in function sum>
IMG_0054.JPG pt3923.jpg,3923,0,<built-in function sum>
IMG_0054.JPG pt2541.jpg,2541,0,<built-in function sum>
IMG_0054.JPG pt936.jpg,936,0,<built-in function sum>
IMG_0054.JPG pt1315.jpg,1315,0,<built-in function sum>
IMG_0054.JPG pt4139.jpg,4139,0,<built-in function sum>
IMG_0054.JPG pt2571.jpg,2571,0,<built-in function sum>
IMG_0054.JPG pt546.jpg,546,0,<built-in function sum>
IMG_0054.JPG pt1801.jpg,1801,0,<built-in function sum>
IMG_0054.JPG pt1732.jpg,1732,0,<built-in function sum>
IMG_0054.JPG pt3940.jpg,3940,0,<built-in function sum>
IMG_0054.JPG pt2293.jpg,2293,0,<built-in function sum>
IMG_0054.JPG pt4128.jpg,4128,0,<built-in function sum>
IMG_0054.JPG pt898.jpg,898,0,<built-in function sum>
IMG_0054.JPG pt4043.jpg,4043,0,<built-in function sum>
IMG_0054.JPG pt229.jpg,229,0,<built-in function sum>
IMG_0054.JPG pt2436.jpg,2436,0,<built-in function sum>
IMG_0054.JPG pt1048.jpg,1048,0,<built-in function sum>
IMG_0054.JPG pt1392.jpg,1392,0,<built-in function sum>
IMG_0054.JPG pt1501.jpg,1501,0,<built-in function sum>
IMG_0054.JPG pt2498.jpg,2498,0,<built-in function sum>
IMG_0054.JPG pt4003.jpg,4003,0,<built-in function sum>
IMG_0054.JPG pt3459.jpg,3459,0,<built-in function sum>
IMG_0054.JPG pt2346.jpg,2346,0,<built-in function sum>
IMG_0054.JPG pt1489.jpg,1489,0,<built-in function sum>
IMG_0054.JPG pt175.jpg,175,0,<built-in function sum>
IMG_0054.JPG pt522.jpg,522,0,<built-in function sum>
IMG_0054.JPG pt527.jpg,527,0,<built-in function sum>
IMG_0054.JPG pt3297.jpg,3297,0,<built-in function sum>
IMG_0054.JPG pt244.jpg,244,0,<built-in function sum>
IMG_0054.JPG pt4011.jpg,4011,0,<built-in function sum>
IMG_0054.JPG pt1397.jpg,1397,0,<built-in function sum>
IMG_0054.JPG pt2062.jpg,2062,0,<built-in function sum>
IMG_0054.JPG pt1460.jpg,1460,0,<built-in function sum>
IMG_0054.JPG pt3322.jpg,3322,0,<built-in function sum>
IMG_0054.JPG pt2152.jpg,2152,0,<built-in function sum>
IMG_0054.JPG pt2261.jpg,2261,3,<built-in function sum>
IMG_0054.JPG pt204.jpg,204,0,<built-in function sum>
IMG_0054.JPG pt3801.jpg,3801,0,<built-in function sum>
IMG_0054.JPG pt1952.jpg,1952,0,<built-in function sum>
IMG_0054.JPG pt2121.jpg,2121,0,<built-in function sum>
IMG_0054.JPG pt243.jpg,243,0,<built-in function sum>
IMG_0054.JPG pt1803.jpg,1803,0,<built-in function sum>
IMG_0054.JPG pt342.jpg,342,0,<built-in function sum>
IMG_0054.JPG pt181.jpg,181,0,<built-in function sum>
IMG_0054.JPG pt102.jpg,102,0,<built-in function sum>
IMG_0054.JPG pt58.jpg,58,0,<built-in function sum>
IMG_0054.JPG pt2732.jpg,2732,0,<built-in function sum>
IMG_0054.JPG pt3464.jpg,3464,0,<built-in function sum>
IMG_0054.JPG pt3381.jpg,3381,0,<built-in function sum>
IMG_0054.JPG pt513.jpg,513,0,<built-in function sum>
IMG_0054.JPG pt820.jpg,820,0,<built-in function sum>
IMG_0054.JPG pt1519.jpg,1519,0,<built-in function sum>
IMG_0054.JPG pt8.jpg,8,0,<built-in function sum>
IMG_0054.JPG pt107.jpg,107,0,<built-in function sum>
IMG_0054.JPG pt2448.jpg,2448,0,<built-in function sum>
IMG_0054.JPG pt487.jpg,487,0,<built-in function sum>
IMG_0054.JPG pt1007.jpg,1007,0,<built-in function sum>
IMG_0054.JPG pt2720.jpg,2720,0,<built-in function sum>
IMG_0054.JPG pt552.jpg,552,0,<built-in function sum>
IMG_0054.JPG pt501.jpg,501,0,<built-in function sum>
IMG_0054.JPG pt699.jpg,699,0,<built-in function sum>
IMG_0054.JPG pt827.jpg,827,0,<built-in function sum>
IMG_0054.JPG pt1727.jpg,1727,0,<built-in function sum>
IMG_0054.JPG pt1282.jpg,1282,0,<built-in function sum>
IMG_0054.JPG pt3720.jpg,3720,0,<built-in function sum>
IMG_0054.JPG pt2343.jpg,2343,0,<built-in function sum>
IMG_0054.JPG pt4008.jpg,4008,0,<built-in function sum>
IMG_0054.JPG pt580.jpg,580,0,<built-in function sum>
IMG_0054.JPG pt2641.jpg,2641,0,<built-in function sum>
IMG_0054.JPG pt1908.jpg,1908,0,<built-in function sum>
IMG_0054.JPG pt3543.jpg,3543,0,<built-in function sum>
IMG_0054.JPG pt541.jpg,541,0,<built-in function sum>
IMG_0054.JPG pt69.jpg,69,0,<built-in function sum>
IMG_0054.JPG pt1150.jpg,1150,0,<built-in function sum>
IMG_0054.JPG pt2633.jpg,2633,0,<built-in function sum>
IMG_0054.JPG pt614.jpg,614,0,<built-in function sum>
IMG_0054.JPG pt584.jpg,584,0,<built-in function sum>
IMG_0054.JPG pt1014.jpg,1014,0,<built-in function sum>
IMG_0054.JPG pt485.jpg,485,0,<built-in function sum>
IMG_0054.JPG pt2324.jpg,2324,0,<built-in function sum>
IMG_0054.JPG pt2523.jpg,2523,0,<built-in function sum>
IMG_0054.JPG pt3799.jpg,3799,0,<built-in function sum>
IMG_0054.JPG pt2752.jpg,2752,0,<built-in function sum>
IMG_0054.JPG pt1835.jpg,1835,0,<built-in function sum>
IMG_0054.JPG pt332.jpg,332,0,<built-in function sum>
IMG_0054.JPG pt2620.jpg,2620,0,<built-in function sum>
IMG_0054.JPG pt144.jpg,144,0,<built-in function sum>
IMG_0054.JPG pt3278.jpg,3278,0,<built-in function sum>
IMG_0054.JPG pt2008.jpg,2008,0,<built-in function sum>
IMG_0054.JPG pt116.jpg,116,0,<built-in function sum>
IMG_0054.JPG pt890.jpg,890,0,<built-in function sum>
IMG_0054.JPG pt1890.jpg,1890,0,<built-in function sum>
IMG_0054.JPG pt452.jpg,452,0,<built-in function sum>
IMG_0054.JPG pt1902.jpg,1902,0,<built-in function sum>
IMG_0054.JPG pt1629.jpg,1629,0,<built-in function sum>
IMG_0054.JPG pt1744.jpg,1744,0,<built-in function sum>
IMG_0054.JPG pt1181.jpg,1181,0,<built-in function sum>
IMG_0054.JPG pt254.jpg,254,0,<built-in function sum>
IMG_0054.JPG pt4204.jpg,4204,0,<built-in function sum>
IMG_0054.JPG pt588.jpg,588,0,<built-in function sum>
IMG_0054.JPG pt282.jpg,282,0,<built-in function sum>
IMG_0054.JPG pt583.jpg,583,0,<built-in function sum>
IMG_0054.JPG pt796.jpg,796,0,<built-in function sum>
IMG_0054.JPG pt3944.jpg,3944,0,<built-in function sum>
IMG_0054.JPG pt2887.jpg,2887,0,<built-in function sum>
IMG_0054.JPG pt4001.jpg,4001,0,<built-in function sum>
IMG_0054.JPG pt4058.jpg,4058,0,<built-in function sum>
IMG_0054.JPG pt536.jpg,536,0,<built-in function sum>
IMG_0054.JPG pt3740.jpg,3740,0,<built-in function sum>
IMG_0054.JPG pt4146.jpg,4146,0,<built-in function sum>
IMG_0054.JPG pt1668.jpg,1668,0,<built-in function sum>
IMG_0054.JPG pt1215.jpg,1215,0,<built-in function sum>
IMG_0054.JPG pt4103.jpg,4103,0,<built-in function sum>
IMG_0054.JPG pt2031.jpg,2031,0,<built-in function sum>
IMG_0054.JPG pt2888.jpg,2888,0,<built-in function sum>
IMG_0054.JPG pt684.jpg,684,0,<built-in function sum>
IMG_0054.JPG pt1765.jpg,1765,0,<built-in function sum>
IMG_0054.JPG pt2750.jpg,2750,0,<built-in function sum>
IMG_0054.JPG pt2335.jpg,2335,0,<built-in function sum>
IMG_0054.JPG pt3585.jpg,3585,0,<built-in function sum>
IMG_0054.JPG pt1046.jpg,1046,0,<built-in function sum>
IMG_0054.JPG pt2573.jpg,2573,0,<built-in function sum>
IMG_0054.JPG pt2768.jpg,2768,0,<built-in function sum>
IMG_0054.JPG pt3829.jpg,3829,0,<built-in function sum>
IMG_0054.JPG pt776.jpg,776,0,<built-in function sum>
IMG_0054.JPG pt2882.jpg,2882,0,<built-in function sum>
IMG_0054.JPG pt414.jpg,414,0,<built-in function sum>
IMG_0054.JPG pt2740.jpg,2740,0,<built-in function sum>
IMG_0054.JPG pt1686.jpg,1686,0,<built-in function sum>
IMG_0054.JPG pt2153.jpg,2153,0,<built-in function sum>
IMG_0054.JPG pt2141.jpg,2141,0,<built-in function sum>
IMG_0054.JPG pt2103.jpg,2103,0,<built-in function sum>
IMG_0054.JPG pt291.jpg,291,0,<built-in function sum>
IMG_0054.JPG pt19.jpg,19,0,<built-in function sum>
IMG_0054.JPG pt2848.jpg,2848,1,<built-in function sum>
IMG_0054.JPG pt3125.jpg,3125,0,<built-in function sum>
IMG_0054.JPG pt2000.jpg,2000,0,<built-in function sum>
IMG_0054.JPG pt1288.jpg,1288,0,<built-in function sum>
IMG_0054.JPG pt2858.jpg,2858,0,<built-in function sum>
IMG_0054.JPG pt419.jpg,419,0,<built-in function sum>
IMG_0054.JPG pt1633.jpg,1633,0,<built-in function sum>
IMG_0054.JPG pt3930.jpg,3930,0,<built-in function sum>
IMG_0054.JPG pt466.jpg,466,0,<built-in function sum>
IMG_0054.JPG pt3124.jpg,3124,0,<built-in function sum>
IMG_0054.JPG pt1652.jpg,1652,0,<built-in function sum>
IMG_0054.JPG pt3517.jpg,3517,0,<built-in function sum>
IMG_0054.JPG pt2039.jpg,2039,0,<built-in function sum>
IMG_0054.JPG pt2533.jpg,2533,0,<built-in function sum>
IMG_0054.JPG pt3815.jpg,3815,0,<built-in function sum>
IMG_0054.JPG pt3681.jpg,3681,0,<built-in function sum>
IMG_0054.JPG pt2446.jpg,2446,0,<built-in function sum>
IMG_0054.JPG pt3280.jpg,3280,0,<built-in function sum>
IMG_0054.JPG pt2828.jpg,2828,0,<built-in function sum>
IMG_0054.JPG pt2505.jpg,2505,0,<built-in function sum>
IMG_0054.JPG pt1142.jpg,1142,0,<built-in function sum>
IMG_0054.JPG pt259.jpg,259,0,<built-in function sum>
IMG_0054.JPG pt920.jpg,920,0,<built-in function sum>
IMG_0054.JPG pt1157.jpg,1157,0,<built-in function sum>
IMG_0054.JPG pt83.jpg,83,0,<built-in function sum>
IMG_0054.JPG pt2823.jpg,2823,0,<built-in function sum>
IMG_0054.JPG pt1771.jpg,1771,0,<built-in function sum>
IMG_0054.JPG pt3188.jpg,3188,0,<built-in function sum>
IMG_0054.JPG pt3256.jpg,3256,0,<built-in function sum>
IMG_0054.JPG pt3880.jpg,3880,0,<built-in function sum>
IMG_0054.JPG pt3052.jpg,3052,0,<built-in function sum>
IMG_0054.JPG pt2330.jpg,2330,0,<built-in function sum>
IMG_0054.JPG pt4127.jpg,4127,0,<built-in function sum>
IMG_0054.JPG pt4205.jpg,4205,0,<built-in function sum>
IMG_0054.JPG pt769.jpg,769,0,<built-in function sum>
IMG_0054.JPG pt1106.jpg,1106,0,<built-in function sum>
IMG_0054.JPG pt2838.jpg,2838,0,<built-in function sum>
IMG_0054.JPG pt202.jpg,202,0,<built-in function sum>
IMG_0054.JPG pt345.jpg,345,0,<built-in function sum>
IMG_0054.JPG pt2801.jpg,2801,0,<built-in function sum>
IMG_0054.JPG pt1027.jpg,1027,0,<built-in function sum>
IMG_0054.JPG pt53.jpg,53,0,<built-in function sum>
IMG_0054.JPG pt2249.jpg,2249,2,<built-in function sum>
IMG_0054.JPG pt791.jpg,791,0,<built-in function sum>
IMG_0054.JPG pt998.jpg,998,0,<built-in function sum>
IMG_0054.JPG pt154.jpg,154,0,<built-in function sum>
IMG_0054.JPG pt4023.jpg,4023,0,<built-in function sum>
IMG_0054.JPG pt885.jpg,885,0,<built-in function sum>
IMG_0054.JPG pt2684.jpg,2684,0,<built-in function sum>
IMG_0054.JPG pt1934.jpg,1934,0,<built-in function sum>
IMG_0054.JPG pt1858.jpg,1858,0,<built-in function sum>
IMG_0054.JPG pt395.jpg,395,0,<built-in function sum>
IMG_0054.JPG pt2220.jpg,2220,0,<built-in function sum>
IMG_0054.JPG pt2352.jpg,2352,0,<built-in function sum>
IMG_0054.JPG pt377.jpg,377,0,<built-in function sum>
IMG_0054.JPG pt2775.jpg,2775,0,<built-in function sum>
IMG_0054.JPG pt1310.jpg,1310,0,<built-in function sum>
IMG_0054.JPG pt2136.jpg,2136,0,<built-in function sum>
IMG_0054.JPG pt1872.jpg,1872,0,<built-in function sum>
IMG_0054.JPG pt3160.jpg,3160,0,<built-in function sum>
IMG_0054.JPG pt465.jpg,465,0,<built-in function sum>
IMG_0054.JPG pt1523.jpg,1523,0,<built-in function sum>
IMG_0054.JPG pt1694.jpg,1694,0,<built-in function sum>
IMG_0054.JPG pt2868.jpg,2868,0,<built-in function sum>
IMG_0054.JPG pt2133.jpg,2133,0,<built-in function sum>
IMG_0054.JPG pt3300.jpg,3300,0,<built-in function sum>
IMG_0054.JPG pt3289.jpg,3289,0,<built-in function sum>
IMG_0054.JPG pt2965.jpg,2965,0,<built-in function sum>
IMG_0054.JPG pt2794.jpg,2794,0,<built-in function sum>
IMG_0054.JPG pt2264.jpg,2264,0,<built-in function sum>
IMG_0054.JPG pt1013.jpg,1013,0,<built-in function sum>
IMG_0054.JPG pt3488.jpg,3488,1,<built-in function sum>
IMG_0054.JPG pt386.jpg,386,0,<built-in function sum>
IMG_0054.JPG pt2927.jpg,2927,0,<built-in function sum>
IMG_0054.JPG pt3688.jpg,3688,0,<built-in function sum>
IMG_0054.JPG pt2247.jpg,2247,0,<built-in function sum>
IMG_0054.JPG pt1576.jpg,1576,0,<built-in function sum>
IMG_0054.JPG pt2959.jpg,2959,0,<built-in function sum>
IMG_0054.JPG pt2019.jpg,2019,0,<built-in function sum>
IMG_0054.JPG pt1411.jpg,1411,0,<built-in function sum>
IMG_0054.JPG pt213.jpg,213,0,<built-in function sum>
IMG_0054.JPG pt2280.jpg,2280,0,<built-in function sum>
IMG_0054.JPG pt4164.jpg,4164,0,<built-in function sum>
IMG_0054.JPG pt4105.jpg,4105,0,<built-in function sum>
IMG_0054.JPG pt1395.jpg,1395,0,<built-in function sum>
IMG_0054.JPG pt2695.jpg,2695,0,<built-in function sum>
IMG_0054.JPG pt2862.jpg,2862,0,<built-in function sum>
IMG_0054.JPG pt256.jpg,256,0,<built-in function sum>
IMG_0054.JPG pt2512.jpg,2512,0,<built-in function sum>
IMG_0054.JPG pt1210.jpg,1210,0,<built-in function sum>
IMG_0054.JPG pt1216.jpg,1216,0,<built-in function sum>
IMG_0054.JPG pt2616.jpg,2616,0,<built-in function sum>
IMG_0054.JPG pt768.jpg,768,0,<built-in function sum>
IMG_0054.JPG pt2115.jpg,2115,0,<built-in function sum>
IMG_0054.JPG pt1448.jpg,1448,0,<built-in function sum>
IMG_0054.JPG pt1790.jpg,1790,0,<built-in function sum>
IMG_0054.JPG pt3135.jpg,3135,0,<built-in function sum>
IMG_0054.JPG pt1164.jpg,1164,0,<built-in function sum>
IMG_0054.JPG pt2549.jpg,2549,0,<built-in function sum>
IMG_0054.JPG pt1072.jpg,1072,0,<built-in function sum>
IMG_0054.JPG pt1836.jpg,1836,0,<built-in function sum>
IMG_0054.JPG pt3743.jpg,3743,0,<built-in function sum>
IMG_0054.JPG pt2963.jpg,2963,0,<built-in function sum>
IMG_0054.JPG pt3788.jpg,3788,0,<built-in function sum>
IMG_0054.JPG pt3847.jpg,3847,0,<built-in function sum>
IMG_0054.JPG pt4056.jpg,4056,0,<built-in function sum>
IMG_0054.JPG pt2648.jpg,2648,0,<built-in function sum>
IMG_0054.JPG pt1688.jpg,1688,0,<built-in function sum>
IMG_0054.JPG pt4199.jpg,4199,0,<built-in function sum>
IMG_0054.JPG pt1125.jpg,1125,0,<built-in function sum>
IMG_0054.JPG pt859.jpg,859,0,<built-in function sum>
IMG_0054.JPG pt3704.jpg,3704,0,<built-in function sum>
IMG_0054.JPG pt1253.jpg,1253,0,<built-in function sum>
IMG_0054.JPG pt3491.jpg,3491,0,<built-in function sum>
IMG_0054.JPG pt3334.jpg,3334,0,<built-in function sum>
IMG_0054.JPG pt111.jpg,111,0,<built-in function sum>
IMG_0054.JPG pt1399.jpg,1399,0,<built-in function sum>
IMG_0054.JPG pt101.jpg,101,0,<built-in function sum>
IMG_0054.JPG pt1023.jpg,1023,0,<built-in function sum>
IMG_0054.JPG pt1425.jpg,1425,0,<built-in function sum>
IMG_0054.JPG pt2412.jpg,2412,0,<built-in function sum>
IMG_0054.JPG pt603.jpg,603,0,<built-in function sum>
IMG_0054.JPG pt47.jpg,47,0,<built-in function sum>
IMG_0054.JPG pt1966.jpg,1966,0,<built-in function sum>
IMG_0054.JPG pt3067.jpg,3067,0,<built-in function sum>
IMG_0054.JPG pt132.jpg,132,0,<built-in function sum>
IMG_0054.JPG pt2585.jpg,2585,4,<built-in function sum>
IMG_0054.JPG pt2116.jpg,2116,0,<built-in function sum>
IMG_0054.JPG pt128.jpg,128,0,<built-in function sum>
IMG_0054.JPG pt3349.jpg,3349,0,<built-in function sum>
IMG_0054.JPG pt1954.jpg,1954,0,<built-in function sum>
IMG_0054.JPG pt3637.jpg,3637,0,<built-in function sum>
IMG_0054.JPG pt2719.jpg,2719,0,<built-in function sum>
IMG_0054.JPG pt502.jpg,502,0,<built-in function sum>
IMG_0054.JPG pt1118.jpg,1118,0,<built-in function sum>
IMG_0054.JPG pt2156.jpg,2156,0,<built-in function sum>
IMG_0054.JPG pt217.jpg,217,0,<built-in function sum>
IMG_0054.JPG pt1667.jpg,1667,0,<built-in function sum>
IMG_0054.JPG pt2023.jpg,2023,0,<built-in function sum>
IMG_0054.JPG pt96.jpg,96,0,<built-in function sum>
IMG_0054.JPG pt1621.jpg,1621,0,<built-in function sum>
IMG_0054.JPG pt2142.jpg,2142,0,<built-in function sum>
IMG_0054.JPG pt208.jpg,208,0,<built-in function sum>
IMG_0054.JPG pt9.jpg,9,0,<built-in function sum>
IMG_0054.JPG pt471.jpg,471,0,<built-in function sum>
IMG_0054.JPG pt3355.jpg,3355,0,<built-in function sum>
IMG_0054.JPG pt4035.jpg,4035,0,<built-in function sum>
IMG_0054.JPG pt881.jpg,881,0,<built-in function sum>
IMG_0054.JPG pt2395.jpg,2395,0,<built-in function sum>
IMG_0054.JPG pt3602.jpg,3602,0,<built-in function sum>
IMG_0054.JPG pt3316.jpg,3316,0,<built-in function sum>
IMG_0054.JPG pt242.jpg,242,0,<built-in function sum>
IMG_0054.JPG pt510.jpg,510,0,<built-in function sum>
IMG_0054.JPG pt2458.jpg,2458,0,<built-in function sum>
IMG_0054.JPG pt3983.jpg,3983,0,<built-in function sum>
IMG_0054.JPG pt3978.jpg,3978,0,<built-in function sum>
IMG_0054.JPG pt1544.jpg,1544,0,<built-in function sum>
IMG_0054.JPG pt3541.jpg,3541,0,<built-in function sum>
IMG_0054.JPG pt4002.jpg,4002,0,<built-in function sum>
IMG_0054.JPG pt656.jpg,656,0,<built-in function sum>
IMG_0054.JPG pt3275.jpg,3275,0,<built-in function sum>
IMG_0054.JPG pt1398.jpg,1398,0,<built-in function sum>
IMG_0054.JPG pt2800.jpg,2800,0,<built-in function sum>
IMG_0054.JPG pt3208.jpg,3208,0,<built-in function sum>
IMG_0054.JPG pt3105.jpg,3105,0,<built-in function sum>
IMG_0054.JPG pt4135.jpg,4135,0,<built-in function sum>
IMG_0054.JPG pt660.jpg,660,0,<built-in function sum>
IMG_0054.JPG pt2063.jpg,2063,0,<built-in function sum>
IMG_0054.JPG pt720.jpg,720,0,<built-in function sum>
IMG_0054.JPG pt3335.jpg,3335,0,<built-in function sum>
IMG_0054.JPG pt1365.jpg,1365,0,<built-in function sum>
IMG_0054.JPG pt2463.jpg,2463,0,<built-in function sum>
IMG_0054.JPG pt581.jpg,581,0,<built-in function sum>
IMG_0054.JPG pt1797.jpg,1797,0,<built-in function sum>
IMG_0054.JPG pt1963.jpg,1963,0,<built-in function sum>
IMG_0054.JPG pt236.jpg,236,0,<built-in function sum>
IMG_0054.JPG pt2319.jpg,2319,0,<built-in function sum>
IMG_0054.JPG pt1770.jpg,1770,0,<built-in function sum>
IMG_0054.JPG pt3770.jpg,3770,0,<built-in function sum>
IMG_0054.JPG pt2624.jpg,2624,0,<built-in function sum>
IMG_0054.JPG pt1459.jpg,1459,0,<built-in function sum>
IMG_0054.JPG pt886.jpg,886,0,<built-in function sum>
IMG_0054.JPG pt2900.jpg,2900,0,<built-in function sum>
IMG_0054.JPG pt2048.jpg,2048,0,<built-in function sum>
IMG_0054.JPG pt506.jpg,506,0,<built-in function sum>
IMG_0054.JPG pt1413.jpg,1413,0,<built-in function sum>
IMG_0054.JPG pt3034.jpg,3034,0,<built-in function sum>
IMG_0054.JPG pt1248.jpg,1248,0,<built-in function sum>
IMG_0054.JPG pt86.jpg,86,0,<built-in function sum>
IMG_0054.JPG pt3351.jpg,3351,0,<built-in function sum>
IMG_0054.JPG pt2024.jpg,2024,0,<built-in function sum>
IMG_0054.JPG pt1871.jpg,1871,0,<built-in function sum>
IMG_0054.JPG pt3163.jpg,3163,0,<built-in function sum>
IMG_0054.JPG pt2697.jpg,2697,0,<built-in function sum>
IMG_0054.JPG pt4238.jpg,4238,0,<built-in function sum>
IMG_0054.JPG pt4188.jpg,4188,0,<built-in function sum>
IMG_0054.JPG pt378.jpg,378,0,<built-in function sum>
IMG_0054.JPG pt3754.jpg,3754,0,<built-in function sum>
IMG_0054.JPG pt3842.jpg,3842,0,<built-in function sum>
IMG_0054.JPG pt2441.jpg,2441,0,<built-in function sum>
IMG_0054.JPG pt3967.jpg,3967,0,<built-in function sum>
IMG_0054.JPG pt3762.jpg,3762,0,<built-in function sum>
IMG_0054.JPG pt3865.jpg,3865,0,<built-in function sum>
IMG_0054.JPG pt3170.jpg,3170,0,<built-in function sum>
IMG_0054.JPG pt156.jpg,156,0,<built-in function sum>
IMG_0054.JPG pt353.jpg,353,0,<built-in function sum>
IMG_0054.JPG pt373.jpg,373,0,<built-in function sum>
IMG_0054.JPG pt3730.jpg,3730,0,<built-in function sum>
IMG_0054.JPG pt3127.jpg,3127,0,<built-in function sum>
IMG_0054.JPG pt1603.jpg,1603,0,<built-in function sum>
IMG_0054.JPG pt1517.jpg,1517,0,<built-in function sum>
IMG_0054.JPG pt4170.jpg,4170,0,<built-in function sum>
IMG_0054.JPG pt3593.jpg,3593,0,<built-in function sum>
IMG_0054.JPG pt2664.jpg,2664,0,<built-in function sum>
IMG_0054.JPG pt187.jpg,187,0,<built-in function sum>
IMG_0054.JPG pt1099.jpg,1099,0,<built-in function sum>
IMG_0054.JPG pt15.jpg,15,0,<built-in function sum>
IMG_0054.JPG pt2455.jpg,2455,0,<built-in function sum>
IMG_0054.JPG pt428.jpg,428,0,<built-in function sum>
IMG_0054.JPG pt3796.jpg,3796,0,<built-in function sum>
IMG_0054.JPG pt1218.jpg,1218,0,<built-in function sum>
IMG_0054.JPG pt1553.jpg,1553,0,<built-in function sum>
IMG_0054.JPG pt3685.jpg,3685,0,<built-in function sum>
IMG_0054.JPG pt1717.jpg,1717,0,<built-in function sum>
IMG_0054.JPG pt2465.jpg,2465,0,<built-in function sum>
IMG_0054.JPG pt807.jpg,807,0,<built-in function sum>
IMG_0054.JPG pt1064.jpg,1064,0,<built-in function sum>
IMG_0054.JPG pt1659.jpg,1659,0,<built-in function sum>
IMG_0054.JPG pt1675.jpg,1675,0,<built-in function sum>
IMG_0054.JPG pt222.jpg,222,0,<built-in function sum>
IMG_0054.JPG pt3573.jpg,3573,0,<built-in function sum>
IMG_0054.JPG pt3085.jpg,3085,0,<built-in function sum>
IMG_0054.JPG pt287.jpg,287,0,<built-in function sum>
IMG_0054.JPG pt1362.jpg,1362,0,<built-in function sum>
IMG_0054.JPG pt1241.jpg,1241,0,<built-in function sum>
IMG_0054.JPG pt1274.jpg,1274,0,<built-in function sum>
IMG_0054.JPG pt565.jpg,565,0,<built-in function sum>
IMG_0054.JPG pt1345.jpg,1345,0,<built-in function sum>
IMG_0054.JPG pt346.jpg,346,0,<built-in function sum>
IMG_0054.JPG pt3136.jpg,3136,0,<built-in function sum>
IMG_0054.JPG pt3020.jpg,3020,0,<built-in function sum>
IMG_0054.JPG pt1197.jpg,1197,0,<built-in function sum>
IMG_0054.JPG pt1728.jpg,1728,0,<built-in function sum>
IMG_0054.JPG pt4174.jpg,4174,0,<built-in function sum>
IMG_0054.JPG pt2407.jpg,2407,0,<built-in function sum>
IMG_0054.JPG pt4094.jpg,4094,0,<built-in function sum>
IMG_0054.JPG pt2860.jpg,2860,0,<built-in function sum>
IMG_0054.JPG pt239.jpg,239,0,<built-in function sum>
IMG_0054.JPG pt4086.jpg,4086,0,<built-in function sum>
IMG_0054.JPG pt2623.jpg,2623,0,<built-in function sum>
IMG_0054.JPG pt1415.jpg,1415,0,<built-in function sum>
IMG_0054.JPG pt3586.jpg,3586,0,<built-in function sum>
IMG_0054.JPG pt1541.jpg,1541,0,<built-in function sum>
IMG_0054.JPG pt140.jpg,140,0,<built-in function sum>
IMG_0054.JPG pt4106.jpg,4106,0,<built-in function sum>
IMG_0054.JPG pt3306.jpg,3306,0,<built-in function sum>
IMG_0054.JPG pt2909.jpg,2909,0,<built-in function sum>
IMG_0054.JPG pt1336.jpg,1336,0,<built-in function sum>
IMG_0054.JPG pt856.jpg,856,0,<built-in function sum>
IMG_0054.JPG pt819.jpg,819,0,<built-in function sum>
IMG_0054.JPG pt3344.jpg,3344,0,<built-in function sum>
IMG_0054.JPG pt3179.jpg,3179,0,<built-in function sum>
IMG_0054.JPG pt2728.jpg,2728,0,<built-in function sum>
IMG_0054.JPG pt304.jpg,304,0,<built-in function sum>
IMG_0054.JPG pt2872.jpg,2872,0,<built-in function sum>
IMG_0054.JPG pt864.jpg,864,0,<built-in function sum>
IMG_0054.JPG pt2384.jpg,2384,0,<built-in function sum>
IMG_0054.JPG pt2168.jpg,2168,0,<built-in function sum>
IMG_0054.JPG pt3332.jpg,3332,0,<built-in function sum>
IMG_0054.JPG pt2306.jpg,2306,0,<built-in function sum>
IMG_0054.JPG pt3616.jpg,3616,0,<built-in function sum>
IMG_0054.JPG pt512.jpg,512,0,<built-in function sum>
IMG_0054.JPG pt316.jpg,316,0,<built-in function sum>
IMG_0054.JPG pt4050.jpg,4050,0,<built-in function sum>
IMG_0054.JPG pt184.jpg,184,0,<built-in function sum>
IMG_0054.JPG pt4121.jpg,4121,0,<built-in function sum>
IMG_0054.JPG pt956.jpg,956,0,<built-in function sum>
IMG_0054.JPG pt1246.jpg,1246,0,<built-in function sum>
IMG_0054.JPG pt1983.jpg,1983,0,<built-in function sum>
IMG_0054.JPG pt442.jpg,442,0,<built-in function sum>
IMG_0054.JPG pt169.jpg,169,0,<built-in function sum>
IMG_0054.JPG pt2386.jpg,2386,0,<built-in function sum>
IMG_0054.JPG pt2814.jpg,2814,0,<built-in function sum>
IMG_0054.JPG pt461.jpg,461,0,<built-in function sum>
IMG_0054.JPG pt2315.jpg,2315,0,<built-in function sum>
IMG_0054.JPG pt2185.jpg,2185,0,<built-in function sum>
IMG_0054.JPG pt1859.jpg,1859,0,<built-in function sum>
IMG_0054.JPG pt1806.jpg,1806,0,<built-in function sum>
IMG_0054.JPG pt1811.jpg,1811,0,<built-in function sum>
IMG_0054.JPG pt3699.jpg,3699,0,<built-in function sum>
IMG_0054.JPG pt2979.jpg,2979,0,<built-in function sum>
IMG_0054.JPG pt1583.jpg,1583,0,<built-in function sum>
IMG_0054.JPG pt3653.jpg,3653,0,<built-in function sum>
IMG_0054.JPG pt2371.jpg,2371,0,<built-in function sum>
IMG_0054.JPG pt1295.jpg,1295,0,<built-in function sum>
IMG_0054.JPG pt1281.jpg,1281,0,<built-in function sum>
IMG_0054.JPG pt2855.jpg,2855,0,<built-in function sum>
IMG_0054.JPG pt296.jpg,296,0,<built-in function sum>
IMG_0054.JPG pt2495.jpg,2495,0,<built-in function sum>
IMG_0054.JPG pt2002.jpg,2002,0,<built-in function sum>
IMG_0054.JPG pt2960.jpg,2960,0,<built-in function sum>
IMG_0054.JPG pt1019.jpg,1019,0,<built-in function sum>
IMG_0054.JPG pt3550.jpg,3550,0,<built-in function sum>
IMG_0054.JPG pt3710.jpg,3710,0,<built-in function sum>
IMG_0054.JPG pt3583.jpg,3583,0,<built-in function sum>
IMG_0054.JPG pt2985.jpg,2985,0,<built-in function sum>
IMG_0054.JPG pt61.jpg,61,0,<built-in function sum>
IMG_0054.JPG pt1825.jpg,1825,0,<built-in function sum>
IMG_0054.JPG pt1637.jpg,1637,0,<built-in function sum>
IMG_0054.JPG pt1932.jpg,1932,0,<built-in function sum>
IMG_0054.JPG pt1745.jpg,1745,0,<built-in function sum>
IMG_0054.JPG pt2035.jpg,2035,0,<built-in function sum>
IMG_0054.JPG pt1957.jpg,1957,0,<built-in function sum>
IMG_0054.JPG pt3594.jpg,3594,0,<built-in function sum>
IMG_0054.JPG pt1748.jpg,1748,0,<built-in function sum>
IMG_0054.JPG pt1586.jpg,1586,0,<built-in function sum>
IMG_0054.JPG pt3303.jpg,3303,0,<built-in function sum>
IMG_0054.JPG pt1860.jpg,1860,0,<built-in function sum>
IMG_0054.JPG pt1435.jpg,1435,0,<built-in function sum>
IMG_0054.JPG pt574.jpg,574,0,<built-in function sum>
IMG_0054.JPG pt803.jpg,803,0,<built-in function sum>
IMG_0054.JPG pt297.jpg,297,0,<built-in function sum>
IMG_0054.JPG pt3022.jpg,3022,0,<built-in function sum>
IMG_0054.JPG pt2745.jpg,2745,0,<built-in function sum>
IMG_0054.JPG pt1634.jpg,1634,0,<built-in function sum>
IMG_0054.JPG pt1818.jpg,1818,0,<built-in function sum>
IMG_0054.JPG pt1980.jpg,1980,0,<built-in function sum>
IMG_0054.JPG pt2414.jpg,2414,0,<built-in function sum>
IMG_0054.JPG pt931.jpg,931,0,<built-in function sum>
IMG_0054.JPG pt3075.jpg,3075,0,<built-in function sum>
IMG_0054.JPG pt2128.jpg,2128,0,<built-in function sum>
IMG_0054.JPG pt238.jpg,238,0,<built-in function sum>
IMG_0054.JPG pt3497.jpg,3497,0,<built-in function sum>
IMG_0054.JPG pt3984.jpg,3984,0,<built-in function sum>
IMG_0054.JPG pt1756.jpg,1756,0,<built-in function sum>
IMG_0054.JPG pt1139.jpg,1139,0,<built-in function sum>
IMG_0054.JPG pt2490.jpg,2490,0,<built-in function sum>
IMG_0054.JPG pt2366.jpg,2366,0,<built-in function sum>
IMG_0054.JPG pt1259.jpg,1259,0,<built-in function sum>
IMG_0054.JPG pt2502.jpg,2502,0,<built-in function sum>
IMG_0054.JPG pt1941.jpg,1941,0,<built-in function sum>
IMG_0054.JPG pt3266.jpg,3266,0,<built-in function sum>
IMG_0054.JPG pt3990.jpg,3990,0,<built-in function sum>
IMG_0054.JPG pt2396.jpg,2396,0,<built-in function sum>
IMG_0054.JPG pt2342.jpg,2342,0,<built-in function sum>
IMG_0054.JPG pt2146.jpg,2146,0,<built-in function sum>
IMG_0054.JPG pt4010.jpg,4010,0,<built-in function sum>
IMG_0054.JPG pt3183.jpg,3183,0,<built-in function sum>
IMG_0054.JPG pt2117.jpg,2117,0,<built-in function sum>
IMG_0054.JPG pt3402.jpg,3402,0,<built-in function sum>
IMG_0054.JPG pt2829.jpg,2829,0,<built-in function sum>
IMG_0054.JPG pt2131.jpg,2131,0,<built-in function sum>
IMG_0054.JPG pt709.jpg,709,0,<built-in function sum>
IMG_0054.JPG pt2976.jpg,2976,0,<built-in function sum>
IMG_0054.JPG pt1967.jpg,1967,0,<built-in function sum>
IMG_0054.JPG pt1348.jpg,1348,0,<built-in function sum>
IMG_0054.JPG pt1861.jpg,1861,0,<built-in function sum>
IMG_0054.JPG pt295.jpg,295,0,<built-in function sum>
IMG_0054.JPG pt3701.jpg,3701,0,<built-in function sum>
IMG_0054.JPG pt2254.jpg,2254,0,<built-in function sum>
IMG_0054.JPG pt1400.jpg,1400,0,<built-in function sum>
IMG_0054.JPG pt3451.jpg,3451,0,<built-in function sum>
IMG_0054.JPG pt3963.jpg,3963,0,<built-in function sum>
IMG_0054.JPG pt2108.jpg,2108,0,<built-in function sum>
IMG_0054.JPG pt1564.jpg,1564,0,<built-in function sum>
IMG_0054.JPG pt2297.jpg,2297,0,<built-in function sum>
IMG_0054.JPG pt2188.jpg,2188,0,<built-in function sum>
IMG_0054.JPG pt2199.jpg,2199,0,<built-in function sum>
IMG_0054.JPG pt432.jpg,432,0,<built-in function sum>
IMG_0054.JPG pt2628.jpg,2628,0,<built-in function sum>
IMG_0054.JPG pt4021.jpg,4021,0,<built-in function sum>
IMG_0054.JPG pt3540.jpg,3540,0,<built-in function sum>
IMG_0054.JPG pt218.jpg,218,0,<built-in function sum>
IMG_0054.JPG pt682.jpg,682,0,<built-in function sum>
IMG_0054.JPG pt2857.jpg,2857,0,<built-in function sum>
IMG_0054.JPG pt182.jpg,182,0,<built-in function sum>
IMG_0054.JPG pt2158.jpg,2158,1,<built-in function sum>
IMG_0054.JPG pt90.jpg,90,0,<built-in function sum>
IMG_0054.JPG pt3834.jpg,3834,0,<built-in function sum>
IMG_0054.JPG pt188.jpg,188,0,<built-in function sum>
IMG_0054.JPG pt3975.jpg,3975,0,<built-in function sum>
IMG_0054.JPG pt1123.jpg,1123,0,<built-in function sum>
IMG_0054.JPG pt854.jpg,854,0,<built-in function sum>
IMG_0054.JPG pt783.jpg,783,0,<built-in function sum>
IMG_0054.JPG pt1300.jpg,1300,0,<built-in function sum>
IMG_0054.JPG pt3389.jpg,3389,0,<built-in function sum>
IMG_0054.JPG pt563.jpg,563,0,<built-in function sum>
IMG_0054.JPG pt887.jpg,887,0,<built-in function sum>
IMG_0054.JPG pt3180.jpg,3180,0,<built-in function sum>
IMG_0054.JPG pt3731.jpg,3731,0,<built-in function sum>
IMG_0054.JPG pt2257.jpg,2257,0,<built-in function sum>
IMG_0054.JPG pt3902.jpg,3902,0,<built-in function sum>
IMG_0054.JPG pt3852.jpg,3852,0,<built-in function sum>
IMG_0054.JPG pt1146.jpg,1146,0,<built-in function sum>
IMG_0054.JPG pt3759.jpg,3759,0,<built-in function sum>
IMG_0054.JPG pt3947.jpg,3947,0,<built-in function sum>
IMG_0054.JPG pt3558.jpg,3558,0,<built-in function sum>
IMG_0054.JPG pt1292.jpg,1292,0,<built-in function sum>
IMG_0054.JPG pt2265.jpg,2265,0,<built-in function sum>
IMG_0054.JPG pt3439.jpg,3439,0,<built-in function sum>
IMG_0054.JPG pt2095.jpg,2095,0,<built-in function sum>
IMG_0054.JPG pt3999.jpg,3999,0,<built-in function sum>
IMG_0054.JPG pt778.jpg,778,0,<built-in function sum>
IMG_0054.JPG pt1766.jpg,1766,0,<built-in function sum>
IMG_0054.JPG pt3083.jpg,3083,0,<built-in function sum>
IMG_0054.JPG pt3966.jpg,3966,0,<built-in function sum>
IMG_0054.JPG pt4024.jpg,4024,0,<built-in function sum>
IMG_0054.JPG pt3011.jpg,3011,0,<built-in function sum>
IMG_0054.JPG pt766.jpg,766,0,<built-in function sum>
IMG_0054.JPG pt986.jpg,986,0,<built-in function sum>
IMG_0054.JPG pt3598.jpg,3598,0,<built-in function sum>
IMG_0054.JPG pt2226.jpg,2226,0,<built-in function sum>
IMG_0054.JPG pt1412.jpg,1412,0,<built-in function sum>
IMG_0054.JPG pt711.jpg,711,0,<built-in function sum>
IMG_0054.JPG pt2842.jpg,2842,0,<built-in function sum>
IMG_0054.JPG pt2105.jpg,2105,0,<built-in function sum>
IMG_0054.JPG pt1247.jpg,1247,0,<built-in function sum>
IMG_0054.JPG pt3449.jpg,3449,0,<built-in function sum>
IMG_0054.JPG pt2646.jpg,2646,0,<built-in function sum>
IMG_0054.JPG pt4099.jpg,4099,0,<built-in function sum>
IMG_0054.JPG pt1358.jpg,1358,0,<built-in function sum>
IMG_0054.JPG pt3446.jpg,3446,0,<built-in function sum>
IMG_0054.JPG pt2654.jpg,2654,0,<built-in function sum>
IMG_0054.JPG pt2761.jpg,2761,0,<built-in function sum>
IMG_0054.JPG pt2556.jpg,2556,0,<built-in function sum>
IMG_0054.JPG pt1165.jpg,1165,0,<built-in function sum>
IMG_0054.JPG pt1502.jpg,1502,0,<built-in function sum>
IMG_0054.JPG pt1463.jpg,1463,0,<built-in function sum>
IMG_0054.JPG pt2795.jpg,2795,0,<built-in function sum>
IMG_0054.JPG pt1416.jpg,1416,0,<built-in function sum>
IMG_0054.JPG pt700.jpg,700,0,<built-in function sum>
IMG_0054.JPG pt2984.jpg,2984,0,<built-in function sum>
IMG_0054.JPG pt2602.jpg,2602,0,<built-in function sum>
IMG_0054.JPG pt571.jpg,571,0,<built-in function sum>
IMG_0054.JPG pt3416.jpg,3416,0,<built-in function sum>
IMG_0054.JPG pt1906.jpg,1906,0,<built-in function sum>
IMG_0054.JPG pt1598.jpg,1598,0,<built-in function sum>
IMG_0054.JPG pt961.jpg,961,0,<built-in function sum>
IMG_0054.JPG pt3467.jpg,3467,0,<built-in function sum>
IMG_0054.JPG pt695.jpg,695,0,<built-in function sum>
IMG_0054.JPG pt537.jpg,537,0,<built-in function sum>
IMG_0054.JPG pt3537.jpg,3537,0,<built-in function sum>
IMG_0054.JPG pt3171.jpg,3171,0,<built-in function sum>
IMG_0054.JPG pt1946.jpg,1946,0,<built-in function sum>
IMG_0054.JPG pt3383.jpg,3383,0,<built-in function sum>
IMG_0054.JPG pt1093.jpg,1093,0,<built-in function sum>
IMG_0054.JPG pt934.jpg,934,0,<built-in function sum>
IMG_0054.JPG pt2225.jpg,2225,0,<built-in function sum>
IMG_0054.JPG pt2013.jpg,2013,0,<built-in function sum>
IMG_0054.JPG pt2694.jpg,2694,0,<built-in function sum>
IMG_0054.JPG pt3552.jpg,3552,0,<built-in function sum>
IMG_0054.JPG pt4013.jpg,4013,0,<built-in function sum>
IMG_0054.JPG pt1993.jpg,1993,0,<built-in function sum>
IMG_0054.JPG pt2461.jpg,2461,0,<built-in function sum>
IMG_0054.JPG pt1903.jpg,1903,0,<built-in function sum>
IMG_0054.JPG pt3320.jpg,3320,0,<built-in function sum>
IMG_0054.JPG pt3787.jpg,3787,0,<built-in function sum>
IMG_0054.JPG pt4052.jpg,4052,0,<built-in function sum>
IMG_0054.JPG pt4041.jpg,4041,0,<built-in function sum>
IMG_0054.JPG pt3392.jpg,3392,0,<built-in function sum>
IMG_0054.JPG pt3982.jpg,3982,0,<built-in function sum>
IMG_0054.JPG pt3700.jpg,3700,0,<built-in function sum>
IMG_0054.JPG pt1935.jpg,1935,0,<built-in function sum>
IMG_0054.JPG pt3697.jpg,3697,0,<built-in function sum>
IMG_0054.JPG pt2184.jpg,2184,0,<built-in function sum>
IMG_0054.JPG pt185.jpg,185,0,<built-in function sum>
IMG_0054.JPG pt3823.jpg,3823,0,<built-in function sum>
IMG_0054.JPG pt4048.jpg,4048,0,<built-in function sum>
IMG_0054.JPG pt3627.jpg,3627,0,<built-in function sum>
IMG_0054.JPG pt3131.jpg,3131,0,<built-in function sum>
IMG_0054.JPG pt2237.jpg,2237,0,<built-in function sum>
IMG_0054.JPG pt120.jpg,120,0,<built-in function sum>
IMG_0054.JPG pt2241.jpg,2241,0,<built-in function sum>
IMG_0054.JPG pt3003.jpg,3003,0,<built-in function sum>
IMG_0054.JPG pt2033.jpg,2033,0,<built-in function sum>
IMG_0054.JPG pt1055.jpg,1055,0,<built-in function sum>
IMG_0054.JPG pt2929.jpg,2929,0,<built-in function sum>
IMG_0054.JPG pt2061.jpg,2061,0,<built-in function sum>
IMG_0054.JPG pt3903.jpg,3903,0,<built-in function sum>
IMG_0054.JPG pt3450.jpg,3450,0,<built-in function sum>
IMG_0054.JPG pt475.jpg,475,0,<built-in function sum>
IMG_0054.JPG pt2143.jpg,2143,0,<built-in function sum>
IMG_0054.JPG pt2844.jpg,2844,0,<built-in function sum>
IMG_0054.JPG pt1331.jpg,1331,0,<built-in function sum>
IMG_0054.JPG pt3525.jpg,3525,0,<built-in function sum>
IMG_0054.JPG pt3935.jpg,3935,0,<built-in function sum>
IMG_0054.JPG pt2167.jpg,2167,0,<built-in function sum>
IMG_0054.JPG pt4045.jpg,4045,0,<built-in function sum>
IMG_0054.JPG pt1830.jpg,1830,0,<built-in function sum>
IMG_0054.JPG pt3435.jpg,3435,0,<built-in function sum>
IMG_0054.JPG pt2758.jpg,2758,0,<built-in function sum>
IMG_0054.JPG pt424.jpg,424,0,<built-in function sum>
IMG_0054.JPG pt224.jpg,224,0,<built-in function sum>
IMG_0054.JPG pt2554.jpg,2554,0,<built-in function sum>
IMG_0054.JPG pt3747.jpg,3747,0,<built-in function sum>
IMG_0054.JPG pt706.jpg,706,0,<built-in function sum>
IMG_0054.JPG pt3229.jpg,3229,0,<built-in function sum>
IMG_0054.JPG pt3032.jpg,3032,0,<built-in function sum>
IMG_0054.JPG pt2986.jpg,2986,0,<built-in function sum>
IMG_0054.JPG pt73.jpg,73,0,<built-in function sum>
IMG_0054.JPG pt1947.jpg,1947,0,<built-in function sum>
IMG_0054.JPG pt3777.jpg,3777,0,<built-in function sum>
IMG_0054.JPG pt1158.jpg,1158,0,<built-in function sum>
IMG_0054.JPG pt1426.jpg,1426,0,<built-in function sum>
IMG_0054.JPG pt99.jpg,99,0,<built-in function sum>
IMG_0054.JPG pt397.jpg,397,0,<built-in function sum>
IMG_0054.JPG pt411.jpg,411,0,<built-in function sum>
IMG_0054.JPG pt2997.jpg,2997,0,<built-in function sum>
IMG_0054.JPG pt1670.jpg,1670,0,<built-in function sum>
IMG_0054.JPG pt3600.jpg,3600,0,<built-in function sum>
IMG_0054.JPG pt3493.jpg,3493,0,<built-in function sum>
IMG_0054.JPG pt620.jpg,620,0,<built-in function sum>
IMG_0054.JPG pt3336.jpg,3336,0,<built-in function sum>
IMG_0054.JPG pt509.jpg,509,0,<built-in function sum>
IMG_0054.JPG pt758.jpg,758,0,<built-in function sum>
IMG_0054.JPG pt1655.jpg,1655,0,<built-in function sum>
IMG_0054.JPG pt2536.jpg,2536,0,<built-in function sum>
IMG_0054.JPG pt343.jpg,343,0,<built-in function sum>
IMG_0054.JPG pt3341.jpg,3341,0,<built-in function sum>
IMG_0054.JPG pt1994.jpg,1994,0,<built-in function sum>
IMG_0054.JPG pt3802.jpg,3802,0,<built-in function sum>
IMG_0054.JPG pt1424.jpg,1424,0,<built-in function sum>
IMG_0054.JPG pt2385.jpg,2385,0,<built-in function sum>
IMG_0054.JPG pt1130.jpg,1130,0,<built-in function sum>
IMG_0054.JPG pt3680.jpg,3680,0,<built-in function sum>
IMG_0054.JPG pt260.jpg,260,0,<built-in function sum>
IMG_0054.JPG pt2693.jpg,2693,0,<built-in function sum>
IMG_0054.JPG pt3406.jpg,3406,0,<built-in function sum>
IMG_0054.JPG pt2364.jpg,2364,0,<built-in function sum>
IMG_0054.JPG pt3866.jpg,3866,0,<built-in function sum>
IMG_0054.JPG pt2389.jpg,2389,0,<built-in function sum>
IMG_0054.JPG pt2217.jpg,2217,0,<built-in function sum>
IMG_0054.JPG pt1808.jpg,1808,0,<built-in function sum>
IMG_0054.JPG pt3739.jpg,3739,0,<built-in function sum>
IMG_0054.JPG pt1190.jpg,1190,0,<built-in function sum>
IMG_0054.JPG pt946.jpg,946,0,<built-in function sum>
IMG_0054.JPG pt3969.jpg,3969,0,<built-in function sum>
IMG_0054.JPG pt1937.jpg,1937,0,<built-in function sum>
IMG_0054.JPG pt3478.jpg,3478,0,<built-in function sum>
IMG_0054.JPG pt874.jpg,874,0,<built-in function sum>
IMG_0054.JPG pt1285.jpg,1285,0,<built-in function sum>
IMG_0054.JPG pt3968.jpg,3968,0,<built-in function sum>
IMG_0054.JPG pt1101.jpg,1101,0,<built-in function sum>
IMG_0054.JPG pt3069.jpg,3069,0,<built-in function sum>
IMG_0054.JPG pt2391.jpg,2391,0,<built-in function sum>
IMG_0054.JPG pt3507.jpg,3507,0,<built-in function sum>
IMG_0054.JPG pt833.jpg,833,0,<built-in function sum>
IMG_0054.JPG pt3813.jpg,3813,0,<built-in function sum>
IMG_0054.JPG pt1680.jpg,1680,0,<built-in function sum>
IMG_0054.JPG pt1614.jpg,1614,0,<built-in function sum>
IMG_0054.JPG pt1176.jpg,1176,0,<built-in function sum>
IMG_0054.JPG pt2215.jpg,2215,0,<built-in function sum>
IMG_0054.JPG pt4131.jpg,4131,0,<built-in function sum>
IMG_0054.JPG pt2603.jpg,2603,0,<built-in function sum>
IMG_0054.JPG pt1896.jpg,1896,0,<built-in function sum>
IMG_0054.JPG pt467.jpg,467,0,<built-in function sum>
IMG_0054.JPG pt3853.jpg,3853,0,<built-in function sum>
IMG_0054.JPG pt2743.jpg,2743,0,<built-in function sum>
IMG_0054.JPG pt1329.jpg,1329,0,<built-in function sum>
IMG_0054.JPG pt3418.jpg,3418,0,<built-in function sum>
IMG_0054.JPG pt2774.jpg,2774,0,<built-in function sum>
IMG_0054.JPG pt2212.jpg,2212,0,<built-in function sum>
IMG_0054.JPG pt528.jpg,528,0,<built-in function sum>
IMG_0054.JPG pt3302.jpg,3302,0,<built-in function sum>
IMG_0054.JPG pt2164.jpg,2164,0,<built-in function sum>
IMG_0054.JPG pt1234.jpg,1234,0,<built-in function sum>
IMG_0054.JPG pt1820.jpg,1820,0,<built-in function sum>
IMG_0054.JPG pt387.jpg,387,0,<built-in function sum>
IMG_0054.JPG pt2469.jpg,2469,0,<built-in function sum>
IMG_0054.JPG pt2042.jpg,2042,0,<built-in function sum>
IMG_0054.JPG pt1038.jpg,1038,0,<built-in function sum>
IMG_0054.JPG pt334.jpg,334,0,<built-in function sum>
IMG_0054.JPG pt2020.jpg,2020,0,<built-in function sum>
IMG_0054.JPG pt1713.jpg,1713,0,<built-in function sum>
IMG_0054.JPG pt1781.jpg,1781,0,<built-in function sum>
IMG_0054.JPG pt1296.jpg,1296,0,<built-in function sum>
IMG_0054.JPG pt1497.jpg,1497,0,<built-in function sum>
IMG_0054.JPG pt1582.jpg,1582,0,<built-in function sum>
IMG_0054.JPG pt3218.jpg,3218,0,<built-in function sum>
IMG_0054.JPG pt3580.jpg,3580,0,<built-in function sum>
IMG_0054.JPG pt2316.jpg,2316,0,<built-in function sum>
IMG_0054.JPG pt2341.jpg,2341,0,<built-in function sum>
IMG_0054.JPG pt2747.jpg,2747,0,<built-in function sum>
IMG_0054.JPG pt837.jpg,837,0,<built-in function sum>
IMG_0054.JPG pt3965.jpg,3965,0,<built-in function sum>
IMG_0054.JPG pt2520.jpg,2520,0,<built-in function sum>
IMG_0054.JPG pt3068.jpg,3068,0,<built-in function sum>
IMG_0054.JPG pt2214.jpg,2214,0,<built-in function sum>
IMG_0054.JPG pt3276.jpg,3276,0,<built-in function sum>
IMG_0054.JPG pt897.jpg,897,0,<built-in function sum>
IMG_0054.JPG pt1506.jpg,1506,0,<built-in function sum>
IMG_0054.JPG pt2494.jpg,2494,0,<built-in function sum>
IMG_0054.JPG pt1185.jpg,1185,0,<built-in function sum>
IMG_0054.JPG pt2647.jpg,2647,0,<built-in function sum>
IMG_0054.JPG pt937.jpg,937,0,<built-in function sum>
IMG_0054.JPG pt495.jpg,495,0,<built-in function sum>
IMG_0054.JPG pt406.jpg,406,0,<built-in function sum>
IMG_0054.JPG pt3706.jpg,3706,0,<built-in function sum>
IMG_0054.JPG pt1608.jpg,1608,0,<built-in function sum>
IMG_0054.JPG pt2092.jpg,2092,0,<built-in function sum>
IMG_0054.JPG pt3230.jpg,3230,0,<built-in function sum>
IMG_0054.JPG pt2253.jpg,2253,0,<built-in function sum>
IMG_0054.JPG pt293.jpg,293,0,<built-in function sum>
IMG_0054.JPG pt1043.jpg,1043,0,<built-in function sum>
IMG_0054.JPG pt4230.jpg,4230,0,<built-in function sum>
IMG_0054.JPG pt1302.jpg,1302,0,<built-in function sum>
IMG_0054.JPG pt1620.jpg,1620,0,<built-in function sum>
IMG_0054.JPG pt1196.jpg,1196,0,<built-in function sum>
IMG_0054.JPG pt3844.jpg,3844,0,<built-in function sum>
IMG_0054.JPG pt3914.jpg,3914,0,<built-in function sum>
IMG_0054.JPG pt3838.jpg,3838,0,<built-in function sum>
IMG_0054.JPG pt1642.jpg,1642,0,<built-in function sum>
IMG_0054.JPG pt4181.jpg,4181,0,<built-in function sum>
IMG_0054.JPG pt1525.jpg,1525,0,<built-in function sum>
IMG_0054.JPG pt74.jpg,74,0,<built-in function sum>
IMG_0054.JPG pt4187.jpg,4187,0,<built-in function sum>
IMG_0054.JPG pt1848.jpg,1848,0,<built-in function sum>
IMG_0054.JPG pt1939.jpg,1939,0,<built-in function sum>
IMG_0054.JPG pt573.jpg,573,0,<built-in function sum>
IMG_0054.JPG pt2999.jpg,2999,0,<built-in function sum>
IMG_0054.JPG pt2101.jpg,2101,0,<built-in function sum>
IMG_0054.JPG pt2952.jpg,2952,0,<built-in function sum>
IMG_0054.JPG pt2863.jpg,2863,0,<built-in function sum>
IMG_0054.JPG pt2687.jpg,2687,0,<built-in function sum>
IMG_0054.JPG pt2403.jpg,2403,0,<built-in function sum>
IMG_0054.JPG pt2883.jpg,2883,0,<built-in function sum>
IMG_0054.JPG pt71.jpg,71,0,<built-in function sum>
IMG_0054.JPG pt1783.jpg,1783,0,<built-in function sum>
IMG_0054.JPG pt717.jpg,717,0,<built-in function sum>
IMG_0054.JPG pt2632.jpg,2632,0,<built-in function sum>
IMG_0054.JPG pt3483.jpg,3483,0,<built-in function sum>
IMG_0054.JPG pt830.jpg,830,0,<built-in function sum>
IMG_0054.JPG pt3742.jpg,3742,0,<built-in function sum>
IMG_0054.JPG pt2332.jpg,2332,0,<built-in function sum>
IMG_0054.JPG pt764.jpg,764,0,<built-in function sum>
IMG_0054.JPG pt4178.jpg,4178,0,<built-in function sum>
IMG_0054.JPG pt1531.jpg,1531,0,<built-in function sum>
IMG_0054.JPG pt52.jpg,52,0,<built-in function sum>
IMG_0054.JPG pt925.jpg,925,0,<built-in function sum>
IMG_0054.JPG pt2005.jpg,2005,0,<built-in function sum>
IMG_0054.JPG pt1578.jpg,1578,0,<built-in function sum>
IMG_0054.JPG pt3234.jpg,3234,0,<built-in function sum>
IMG_0054.JPG pt873.jpg,873,0,<built-in function sum>
IMG_0054.JPG pt3952.jpg,3952,0,<built-in function sum>
IMG_0054.JPG pt3487.jpg,3487,2,<built-in function sum>
IMG_0054.JPG pt341.jpg,341,0,<built-in function sum>
IMG_0054.JPG pt623.jpg,623,0,<built-in function sum>
IMG_0054.JPG pt3172.jpg,3172,0,<built-in function sum>
IMG_0054.JPG pt1623.jpg,1623,0,<built-in function sum>
IMG_0054.JPG pt3656.jpg,3656,0,<built-in function sum>
IMG_0054.JPG pt3614.jpg,3614,0,<built-in function sum>
IMG_0054.JPG pt448.jpg,448,0,<built-in function sum>
IMG_0054.JPG pt3056.jpg,3056,0,<built-in function sum>
IMG_0054.JPG pt2135.jpg,2135,0,<built-in function sum>
IMG_0054.JPG pt142.jpg,142,0,<built-in function sum>
IMG_0054.JPG pt2191.jpg,2191,0,<built-in function sum>
IMG_0054.JPG pt44.jpg,44,0,<built-in function sum>
IMG_0054.JPG pt1370.jpg,1370,0,<built-in function sum>
IMG_0054.JPG pt446.jpg,446,0,<built-in function sum>
IMG_0054.JPG pt2451.jpg,2451,0,<built-in function sum>
IMG_0054.JPG pt3885.jpg,3885,0,<built-in function sum>
IMG_0054.JPG pt2026.jpg,2026,0,<built-in function sum>
IMG_0054.JPG pt3379.jpg,3379,0,<built-in function sum>
IMG_0054.JPG pt1810.jpg,1810,0,<built-in function sum>
IMG_0054.JPG pt453.jpg,453,0,<built-in function sum>
IMG_0054.JPG pt889.jpg,889,0,<built-in function sum>
IMG_0054.JPG pt1925.jpg,1925,0,<built-in function sum>
IMG_0054.JPG pt542.jpg,542,0,<built-in function sum>
IMG_0054.JPG pt2517.jpg,2517,0,<built-in function sum>
IMG_0054.JPG pt2902.jpg,2902,0,<built-in function sum>
IMG_0054.JPG pt1372.jpg,1372,0,<built-in function sum>
IMG_0054.JPG pt1120.jpg,1120,0,<built-in function sum>
IMG_0054.JPG pt592.jpg,592,0,<built-in function sum>
IMG_0054.JPG pt2321.jpg,2321,0,<built-in function sum>
IMG_0054.JPG pt1390.jpg,1390,0,<built-in function sum>
IMG_0054.JPG pt3363.jpg,3363,0,<built-in function sum>
IMG_0054.JPG pt1388.jpg,1388,0,<built-in function sum>
IMG_0054.JPG pt4059.jpg,4059,0,<built-in function sum>
IMG_0054.JPG pt1577.jpg,1577,0,<built-in function sum>
IMG_0054.JPG pt875.jpg,875,0,<built-in function sum>
IMG_0054.JPG pt1942.jpg,1942,0,<built-in function sum>
IMG_0054.JPG pt1440.jpg,1440,0,<built-in function sum>
IMG_0054.JPG pt2268.jpg,2268,0,<built-in function sum>
IMG_0054.JPG pt3733.jpg,3733,0,<built-in function sum>
IMG_0054.JPG pt3187.jpg,3187,0,<built-in function sum>
IMG_0054.JPG pt326.jpg,326,0,<built-in function sum>
IMG_0054.JPG pt2853.jpg,2853,0,<built-in function sum>
IMG_0054.JPG pt4022.jpg,4022,0,<built-in function sum>
IMG_0054.JPG pt895.jpg,895,0,<built-in function sum>
IMG_0054.JPG pt3732.jpg,3732,0,<built-in function sum>
IMG_0054.JPG pt2879.jpg,2879,0,<built-in function sum>
IMG_0054.JPG pt916.jpg,916,0,<built-in function sum>
IMG_0054.JPG pt3705.jpg,3705,0,<built-in function sum>
IMG_0054.JPG pt45.jpg,45,0,<built-in function sum>
IMG_0054.JPG pt2326.jpg,2326,0,<built-in function sum>
IMG_0054.JPG pt371.jpg,371,0,<built-in function sum>
IMG_0054.JPG pt2973.jpg,2973,0,<built-in function sum>
IMG_0054.JPG pt308.jpg,308,0,<built-in function sum>
IMG_0054.JPG pt3158.jpg,3158,0,<built-in function sum>
IMG_0054.JPG pt1574.jpg,1574,0,<built-in function sum>
IMG_0054.JPG pt3920.jpg,3920,0,<built-in function sum>
IMG_0054.JPG pt3662.jpg,3662,0,<built-in function sum>
IMG_0054.JPG pt4068.jpg,4068,0,<built-in function sum>
IMG_0054.JPG pt2479.jpg,2479,0,<built-in function sum>
IMG_0054.JPG pt1693.jpg,1693,0,<built-in function sum>
IMG_0054.JPG pt3371.jpg,3371,0,<built-in function sum>
IMG_0054.JPG pt1737.jpg,1737,0,<built-in function sum>
IMG_0054.JPG pt42.jpg,42,0,<built-in function sum>
IMG_0054.JPG pt2071.jpg,2071,0,<built-in function sum>
IMG_0054.JPG pt2069.jpg,2069,0,<built-in function sum>
IMG_0054.JPG pt2308.jpg,2308,0,<built-in function sum>
IMG_0054.JPG pt2876.jpg,2876,0,<built-in function sum>
IMG_0054.JPG pt3324.jpg,3324,0,<built-in function sum>
IMG_0054.JPG pt651.jpg,651,0,<built-in function sum>
IMG_0054.JPG pt3809.jpg,3809,0,<built-in function sum>
IMG_0054.JPG pt396.jpg,396,0,<built-in function sum>
IMG_0054.JPG pt4016.jpg,4016,0,<built-in function sum>
IMG_0054.JPG pt3314.jpg,3314,0,<built-in function sum>
IMG_0054.JPG pt2190.jpg,2190,0,<built-in function sum>
IMG_0054.JPG pt2912.jpg,2912,0,<built-in function sum>
IMG_0054.JPG pt4107.jpg,4107,0,<built-in function sum>
IMG_0054.JPG pt2839.jpg,2839,0,<built-in function sum>
IMG_0054.JPG pt79.jpg,79,0,<built-in function sum>
IMG_0054.JPG pt3519.jpg,3519,0,<built-in function sum>
IMG_0054.JPG pt2052.jpg,2052,0,<built-in function sum>
IMG_0054.JPG pt3684.jpg,3684,0,<built-in function sum>
IMG_0054.JPG pt1773.jpg,1773,0,<built-in function sum>
IMG_0054.JPG pt3589.jpg,3589,1,<built-in function sum>
IMG_0054.JPG pt1045.jpg,1045,0,<built-in function sum>
IMG_0054.JPG pt2572.jpg,2572,0,<built-in function sum>
IMG_0054.JPG pt3237.jpg,3237,0,<built-in function sum>
IMG_0054.JPG pt4077.jpg,4077,0,<built-in function sum>
IMG_0054.JPG pt445.jpg,445,0,<built-in function sum>
IMG_0054.JPG pt2174.jpg,2174,0,<built-in function sum>
IMG_0054.JPG pt2347.jpg,2347,0,<built-in function sum>
IMG_0054.JPG pt2650.jpg,2650,0,<built-in function sum>
IMG_0054.JPG pt2670.jpg,2670,0,<built-in function sum>
IMG_0054.JPG pt2816.jpg,2816,0,<built-in function sum>
IMG_0054.JPG pt12.jpg,12,0,<built-in function sum>
IMG_0054.JPG pt2387.jpg,2387,0,<built-in function sum>
IMG_0054.JPG pt165.jpg,165,0,<built-in function sum>
IMG_0054.JPG pt3936.jpg,3936,0,<built-in function sum>
IMG_0054.JPG pt1338.jpg,1338,0,<built-in function sum>
IMG_0054.JPG pt1832.jpg,1832,0,<built-in function sum>
IMG_0054.JPG pt3620.jpg,3620,0,<built-in function sum>
IMG_0054.JPG pt4114.jpg,4114,0,<built-in function sum>
IMG_0054.JPG pt3205.jpg,3205,0,<built-in function sum>
IMG_0054.JPG pt2211.jpg,2211,0,<built-in function sum>
IMG_0054.JPG pt2773.jpg,2773,0,<built-in function sum>
IMG_0054.JPG pt3113.jpg,3113,0,<built-in function sum>
IMG_0054.JPG pt198.jpg,198,0,<built-in function sum>
IMG_0054.JPG pt3974.jpg,3974,0,<built-in function sum>
IMG_0054.JPG pt808.jpg,808,0,<built-in function sum>
IMG_0054.JPG pt1507.jpg,1507,0,<built-in function sum>
IMG_0054.JPG pt718.jpg,718,0,<built-in function sum>
IMG_0054.JPG pt459.jpg,459,0,<built-in function sum>
IMG_0054.JPG pt1037.jpg,1037,0,<built-in function sum>
IMG_0054.JPG pt179.jpg,179,0,<built-in function sum>
IMG_0054.JPG pt2485.jpg,2485,0,<built-in function sum>
IMG_0054.JPG pt3633.jpg,3633,0,<built-in function sum>
IMG_0054.JPG pt3521.jpg,3521,0,<built-in function sum>
IMG_0054.JPG pt1403.jpg,1403,0,<built-in function sum>
IMG_0054.JPG pt3948.jpg,3948,0,<built-in function sum>
IMG_0054.JPG pt1050.jpg,1050,0,<built-in function sum>
IMG_0054.JPG pt3955.jpg,3955,0,<built-in function sum>
IMG_0054.JPG pt3048.jpg,3048,0,<built-in function sum>
IMG_0054.JPG pt1764.jpg,1764,0,<built-in function sum>
IMG_0054.JPG pt2922.jpg,2922,0,<built-in function sum>
IMG_0054.JPG pt520.jpg,520,0,<built-in function sum>
IMG_0054.JPG pt2491.jpg,2491,0,<built-in function sum>
IMG_0054.JPG pt2588.jpg,2588,0,<built-in function sum>
IMG_0054.JPG pt2323.jpg,2323,0,<built-in function sum>
IMG_0054.JPG pt1180.jpg,1180,0,<built-in function sum>
IMG_0054.JPG pt1172.jpg,1172,0,<built-in function sum>
IMG_0054.JPG pt1238.jpg,1238,0,<built-in function sum>
IMG_0054.JPG pt1928.jpg,1928,0,<built-in function sum>
IMG_0054.JPG pt3244.jpg,3244,0,<built-in function sum>
IMG_0054.JPG pt3045.jpg,3045,0,<built-in function sum>
IMG_0054.JPG pt379.jpg,379,0,<built-in function sum>
IMG_0054.JPG pt4112.jpg,4112,0,<built-in function sum>
IMG_0054.JPG pt133.jpg,133,0,<built-in function sum>
IMG_0054.JPG pt4009.jpg,4009,0,<built-in function sum>
IMG_0054.JPG pt1162.jpg,1162,0,<built-in function sum>
IMG_0054.JPG pt3672.jpg,3672,0,<built-in function sum>
IMG_0054.JPG pt531.jpg,531,0,<built-in function sum>
IMG_0054.JPG pt4171.jpg,4171,0,<built-in function sum>
IMG_0054.JPG pt593.jpg,593,0,<built-in function sum>
IMG_0054.JPG pt62.jpg,62,0,<built-in function sum>
IMG_0054.JPG pt3143.jpg,3143,0,<built-in function sum>
IMG_0054.JPG pt2140.jpg,2140,0,<built-in function sum>
IMG_0054.JPG pt3236.jpg,3236,0,<built-in function sum>
IMG_0054.JPG pt4093.jpg,4093,0,<built-in function sum>
IMG_0054.JPG pt3432.jpg,3432,0,<built-in function sum>
IMG_0054.JPG pt2439.jpg,2439,0,<built-in function sum>
IMG_0054.JPG pt3989.jpg,3989,0,<built-in function sum>
IMG_0054.JPG pt2705.jpg,2705,0,<built-in function sum>
IMG_0054.JPG pt2525.jpg,2525,0,<built-in function sum>
IMG_0054.JPG pt1984.jpg,1984,0,<built-in function sum>
IMG_0054.JPG pt2988.jpg,2988,0,<built-in function sum>
IMG_0054.JPG pt3751.jpg,3751,0,<built-in function sum>
IMG_0054.JPG pt1272.jpg,1272,0,<built-in function sum>
IMG_0054.JPG pt655.jpg,655,0,<built-in function sum>
IMG_0054.JPG pt992.jpg,992,0,<built-in function sum>
IMG_0054.JPG pt662.jpg,662,0,<built-in function sum>
IMG_0054.JPG pt1929.jpg,1929,0,<built-in function sum>
IMG_0054.JPG pt759.jpg,759,0,<built-in function sum>
IMG_0054.JPG pt3929.jpg,3929,0,<built-in function sum>
IMG_0054.JPG pt646.jpg,646,0,<built-in function sum>
IMG_0054.JPG pt1383.jpg,1383,0,<built-in function sum>
IMG_0054.JPG pt774.jpg,774,0,<built-in function sum>
IMG_0054.JPG pt672.jpg,672,0,<built-in function sum>
IMG_0054.JPG pt3390.jpg,3390,0,<built-in function sum>
IMG_0054.JPG pt924.jpg,924,0,<built-in function sum>
IMG_0054.JPG pt3178.jpg,3178,0,<built-in function sum>
IMG_0054.JPG pt3651.jpg,3651,0,<built-in function sum>
IMG_0054.JPG pt740.jpg,740,0,<built-in function sum>
IMG_0054.JPG pt3856.jpg,3856,0,<built-in function sum>
IMG_0054.JPG pt3544.jpg,3544,0,<built-in function sum>
IMG_0054.JPG pt2987.jpg,2987,0,<built-in function sum>
IMG_0054.JPG pt1462.jpg,1462,0,<built-in function sum>
IMG_0054.JPG pt3745.jpg,3745,0,<built-in function sum>
IMG_0054.JPG pt1061.jpg,1061,0,<built-in function sum>
IMG_0054.JPG pt3645.jpg,3645,0,<built-in function sum>
IMG_0054.JPG pt2009.jpg,2009,0,<built-in function sum>
IMG_0054.JPG pt3473.jpg,3473,0,<built-in function sum>
IMG_0054.JPG pt3198.jpg,3198,0,<built-in function sum>
IMG_0054.JPG pt1484.jpg,1484,0,<built-in function sum>
IMG_0054.JPG pt3836.jpg,3836,0,<built-in function sum>
IMG_0054.JPG pt1840.jpg,1840,0,<built-in function sum>
IMG_0054.JPG pt1996.jpg,1996,0,<built-in function sum>
IMG_0054.JPG pt2497.jpg,2497,0,<built-in function sum>
IMG_0054.JPG pt3612.jpg,3612,0,<built-in function sum>
IMG_0054.JPG pt2901.jpg,2901,0,<built-in function sum>
IMG_0054.JPG pt3489.jpg,3489,0,<built-in function sum>
IMG_0054.JPG pt3837.jpg,3837,0,<built-in function sum>
IMG_0054.JPG pt1537.jpg,1537,0,<built-in function sum>
IMG_0054.JPG pt1971.jpg,1971,0,<built-in function sum>
IMG_0054.JPG pt2358.jpg,2358,0,<built-in function sum>
IMG_0054.JPG pt1060.jpg,1060,0,<built-in function sum>
IMG_0054.JPG pt1203.jpg,1203,0,<built-in function sum>
IMG_0054.JPG pt1682.jpg,1682,0,<built-in function sum>
IMG_0054.JPG pt1674.jpg,1674,0,<built-in function sum>
IMG_0054.JPG pt264.jpg,264,0,<built-in function sum>
IMG_0054.JPG pt311.jpg,311,0,<built-in function sum>
IMG_0054.JPG pt248.jpg,248,0,<built-in function sum>
IMG_0054.JPG pt280.jpg,280,0,<built-in function sum>
IMG_0054.JPG pt2487.jpg,2487,0,<built-in function sum>
IMG_0054.JPG pt1457.jpg,1457,0,<built-in function sum>
IMG_0054.JPG pt1807.jpg,1807,0,<built-in function sum>
IMG_0054.JPG pt3768.jpg,3768,0,<built-in function sum>
IMG_0054.JPG pt28.jpg,28,0,<built-in function sum>
IMG_0054.JPG pt1956.jpg,1956,0,<built-in function sum>
IMG_0054.JPG pt2880.jpg,2880,0,<built-in function sum>
IMG_0054.JPG pt4185.jpg,4185,0,<built-in function sum>
IMG_0054.JPG pt3641.jpg,3641,0,<built-in function sum>
IMG_0054.JPG pt479.jpg,479,0,<built-in function sum>
IMG_0054.JPG pt1035.jpg,1035,0,<built-in function sum>
IMG_0054.JPG pt4012.jpg,4012,0,<built-in function sum>
IMG_0054.JPG pt2643.jpg,2643,0,<built-in function sum>
IMG_0054.JPG pt784.jpg,784,0,<built-in function sum>
IMG_0054.JPG pt3445.jpg,3445,0,<built-in function sum>
IMG_0054.JPG pt2918.jpg,2918,0,<built-in function sum>
IMG_0054.JPG pt3015.jpg,3015,0,<built-in function sum>
IMG_0054.JPG pt562.jpg,562,0,<built-in function sum>
IMG_0054.JPG pt4101.jpg,4101,0,<built-in function sum>
IMG_0054.JPG pt40.jpg,40,0,<built-in function sum>
IMG_0054.JPG pt1839.jpg,1839,0,<built-in function sum>
IMG_0054.JPG pt4213.jpg,4213,0,<built-in function sum>
IMG_0054.JPG pt1418.jpg,1418,0,<built-in function sum>
IMG_0054.JPG pt255.jpg,255,0,<built-in function sum>
IMG_0054.JPG pt2170.jpg,2170,0,<built-in function sum>
IMG_0054.JPG pt3375.jpg,3375,0,<built-in function sum>
IMG_0054.JPG pt2078.jpg,2078,0,<built-in function sum>
IMG_0054.JPG pt456.jpg,456,0,<built-in function sum>
IMG_0054.JPG pt3874.jpg,3874,0,<built-in function sum>
IMG_0054.JPG pt511.jpg,511,0,<built-in function sum>
IMG_0054.JPG pt1394.jpg,1394,0,<built-in function sum>
IMG_0054.JPG pt504.jpg,504,0,<built-in function sum>
IMG_0054.JPG pt1924.jpg,1924,0,<built-in function sum>
IMG_0054.JPG pt3393.jpg,3393,0,<built-in function sum>
IMG_0054.JPG pt153.jpg,153,0,<built-in function sum>
IMG_0054.JPG pt447.jpg,447,0,<built-in function sum>
IMG_0054.JPG pt788.jpg,788,0,<built-in function sum>
IMG_0054.JPG pt1777.jpg,1777,0,<built-in function sum>
IMG_0054.JPG pt3579.jpg,3579,0,<built-in function sum>
IMG_0054.JPG pt3611.jpg,3611,0,<built-in function sum>
IMG_0054.JPG pt2666.jpg,2666,0,<built-in function sum>
IMG_0054.JPG pt3959.jpg,3959,0,<built-in function sum>
IMG_0054.JPG pt3981.jpg,3981,0,<built-in function sum>
IMG_0054.JPG pt1128.jpg,1128,0,<built-in function sum>
IMG_0054.JPG pt1016.jpg,1016,0,<built-in function sum>
IMG_0054.JPG pt587.jpg,587,0,<built-in function sum>
IMG_0054.JPG pt392.jpg,392,0,<built-in function sum>
IMG_0054.JPG pt1480.jpg,1480,0,<built-in function sum>
IMG_0054.JPG pt362.jpg,362,0,<built-in function sum>
IMG_0054.JPG pt2760.jpg,2760,0,<built-in function sum>
IMG_0054.JPG pt653.jpg,653,0,<built-in function sum>
IMG_0054.JPG pt974.jpg,974,0,<built-in function sum>
IMG_0054.JPG pt3080.jpg,3080,0,<built-in function sum>
IMG_0054.JPG pt2462.jpg,2462,0,<built-in function sum>
IMG_0054.JPG pt323.jpg,323,0,<built-in function sum>
IMG_0054.JPG pt3778.jpg,3778,0,<built-in function sum>
IMG_0054.JPG pt2351.jpg,2351,0,<built-in function sum>
IMG_0054.JPG pt299.jpg,299,0,<built-in function sum>
IMG_0054.JPG pt4176.jpg,4176,0,<built-in function sum>
IMG_0054.JPG pt1410.jpg,1410,0,<built-in function sum>
IMG_0054.JPG pt1303.jpg,1303,0,<built-in function sum>
IMG_0054.JPG pt1141.jpg,1141,0,<built-in function sum>
IMG_0054.JPG pt2251.jpg,2251,0,<built-in function sum>
IMG_0054.JPG pt3474.jpg,3474,0,<built-in function sum>
IMG_0054.JPG pt3795.jpg,3795,0,<built-in function sum>
IMG_0054.JPG pt2104.jpg,2104,0,<built-in function sum>
IMG_0054.JPG pt4027.jpg,4027,0,<built-in function sum>
IMG_0054.JPG pt412.jpg,412,0,<built-in function sum>
IMG_0054.JPG pt1677.jpg,1677,0,<built-in function sum>
IMG_0054.JPG pt1910.jpg,1910,0,<built-in function sum>
IMG_0054.JPG pt4065.jpg,4065,0,<built-in function sum>
IMG_0054.JPG pt258.jpg,258,0,<built-in function sum>
IMG_0054.JPG pt960.jpg,960,0,<built-in function sum>
IMG_0054.JPG pt3070.jpg,3070,0,<built-in function sum>
IMG_0054.JPG pt2522.jpg,2522,0,<built-in function sum>
IMG_0054.JPG pt2569.jpg,2569,0,<built-in function sum>
IMG_0054.JPG pt1032.jpg,1032,0,<built-in function sum>
IMG_0054.JPG pt3174.jpg,3174,0,<built-in function sum>
IMG_0054.JPG pt3527.jpg,3527,0,<built-in function sum>
IMG_0054.JPG pt3518.jpg,3518,0,<built-in function sum>
IMG_0054.JPG pt2931.jpg,2931,0,<built-in function sum>
IMG_0054.JPG pt237.jpg,237,0,<built-in function sum>
IMG_0054.JPG pt982.jpg,982,0,<built-in function sum>
IMG_0054.JPG pt3369.jpg,3369,0,<built-in function sum>
IMG_0054.JPG pt4060.jpg,4060,0,<built-in function sum>
IMG_0054.JPG pt1581.jpg,1581,0,<built-in function sum>
IMG_0054.JPG pt3985.jpg,3985,0,<built-in function sum>
